========================================
  NEXO TECH SMART - PRICE CHECKER
  PlanetGroupCR Price Comparator
========================================

Products loaded: 10892

Logging in to PlanetGroupCR...
  Login successful (session: gnbp2d9hfqrjtqnuako4jibhh6)

[1/10892] AMELY ADAPTADOR DISPLAY PORT A VGA HDTV   : Costo=2202 R=3082 -> Venta=3700 [ok]
[2/10892] LENOVO AUDIFONO MANOS LIBRES G20A LENOVO  : Costo=3157 R=3157 -> Venta=4700 [ok]
[3/10892] APPLE TECLADO MAGIC TRACK PAD  MMMP3AM/A  : Costo=62439 R=72845 -> Venta=74900 [ok]
[4/10892] APPLE MAGIC MOUSE 2 MXK53AM/A APPLE       : Costo=43008 R=50176 -> Venta=51600 [ok]
[5/10892] APPLE MAGIC MOUSE 2 MXK63AM/A APPLE       : Costo=43008 R=50176 -> Venta=51600 [ok]
[6/10892] APPLE TECLADO MAGIC KEYBOARD MK2A3LL/A A  : Costo=52109 R=60794 -> Venta=62500 [ok]
[7/10892] APPLE TECLADO MAGIC KEYBOARD CON TOUCH I  : Costo=65137 R=75993 -> Venta=78200 [ok]
[8/10892] ONTEN CABLE HDMI A VGA CON AUDIO 3.5MM    : Costo=2556 R=3794 -> Venta=4100 [ok]
[9/10892] ONTEN CABLE USB TIPO C CON CONVERTIDOR D  : Costo=7816 R=13677 -> Venta=10800 [ok]
[10/10892] ONTEN CABLE USB TIPO C CON CONVERTIDOR D  : Costo=5843 R=10225 -> Venta=8800 [ok]
[11/10892] ONTEN CABLE USB TIPO C A TIPO C Y HDMI C  : Costo=5016 R=8778 -> Venta=8000 [ok]
[12/10892] ONTEN CABLE USB TIPO C EXTENCION CON CON  : Costo=5129 R=8975 -> Venta=8100 [ok]
[13/10892] ONTEN CABLE USB TIPO C EXTENCION CON CON  : Costo=4734 R=8285 -> Venta=6200 [ok]
[14/10892] ONTEN CABLE USB TIPO C SERIAL CONSOLA RJ  : Costo=5819 R=10184 -> Venta=8800 [ok]
[15/10892] ONTEN CABLE USB TIPO A SERIAL CONSOLA RJ  : Costo=3797 R=5339 -> Venta=5300 [ok]
[16/10892] ONTEN CABLE USB TIPO A  A HDMI CON CONVE  : Costo=7386 R=10387 -> Venta=10400 [ok]
[17/10892] ONTEN CABLE DISPLAY PORT A HDMI CON CONV  : Costo=4211 R=5921 -> Venta=5700 [ok]
[18/10892] ONTEN CABLE USB TIPO C A DISPLAY PORT CO  : Costo=4073 R=5727 -> Venta=5600 [ok]
[19/10892] ONTEN ADAPTADOR CONVERTIDOR DE VIDEO USB  : Costo=13211 R=19817 -> Venta=16500 [ok]
[20/10892] ONTEN ADAPTADOR  DE VIDEO USB LIGHTNING   : Costo=4469 R=6284 -> Venta=6000 [ok]
[21/10892] ONTEN ADAPTADOR USB LIGHTNING MACHO A US  : Costo=1224 R=1721 -> Venta=2700 [ok]
[22/10892] ONTEN CABLE USB TIPO C CON CONVERTIDOR D  : Costo=4054 R=5701 -> Venta=5600 [ok]
[23/10892] ONTEN ADAPTADOR USB LIGHTNING MACHO A US  : Costo=1086 R=1527 -> Venta=2600 [ok]
[24/10892] ONTEN ADAPTADOR MAGNETICO USB TIPO C OTN  : Costo=2674 R=3760 -> Venta=4200 [ok]
[25/10892] ONTEN ADAPTADOR MAGNETICO USB TIPO C OTN  : Costo=2674 R=3760 -> Venta=4200 [ok]
[26/10892] ONTEN CABLE USB TIPO C CON CONVERTIDOR D  : Costo=3640 R=5119 -> Venta=5100 [ok]
[27/10892] ONTEN CABLE USB TIPO C CON CONVERTIDOR D  : Costo=2950 R=4148 -> Venta=4400 [ok]
[28/10892] ONTEN ADAPTADOR TRIPLE CON CONVERTIDOR D  : Costo=13169 R=19753 -> Venta=16500 [ok]
[29/10892] ONTEN ADAPTADOR TRIPLE CON CONVERTIDOR D  : Costo=11788 R=17682 -> Venta=14800 [ok]
[30/10892] ONTEN CONVERTIDOR DE VIDEO USB C A HDTV   : Costo=3503 R=5254 -> Venta=5000 [ok]
[31/10892] ONTEN CONVERTIDOR DE VIDEO USB C A HDTV   : Costo=3227 R=4840 -> Venta=4700 [ok]
[32/10892] Gerlax UPS SISTEMA DE ALIMENTACION ININT  : Costo=8914 R=13371 -> Venta=11900 [ok]
[33/10892] MOUSE PAD DE NAMY - ONE PIECE MY HERO AC  : Costo=2901 R=4600 -> Venta=4400 [ok]
[34/10892] MOUSE PAD MY HERO ACADEMIA MY HERO ACADE  : Costo=2901 R=4600 -> Venta=4400 [ok]
[35/10892] MARVO TECLADO LINEA SCORPION KG986W MARV  : Costo=25157 R=37735 -> Venta=30200 [ok]
[36/10892] JMARY HOLDER PARA TRIPODE MS-98 JMARY     : Costo=20056 R=30752 -> Venta=25100 [ok]
[37/10892] MICROFONO CON SOPORTE SU9                 : Costo=11044 R=15461 -> Venta=14000 [ok]
[38/10892] PANEL LUZ PARA CELULAR W50                : Costo=4152 R=7415 -> Venta=5700 [ok]
[39/10892] PANEL LUZ PARA CELULAR W80 RGB            : Costo=4705 R=8401 -> Venta=6200 [ok]
[40/10892] CAJA PARA FOTOS CON LUZ 2M                : Costo=108808 R=195854 -> Venta=125100 [ok]
[41/10892] CAJA PARA FOTOS CON LUZ 40CM              : Costo=16986 R=30574 -> Venta=21200 [ok]
[42/10892] CAJA PARA FOTOS CON LUZ 20CM              : Costo=4941 R=8894 -> Venta=6400 [ok]
[43/10892] CAJA PARA FOTOS CON LUZ 30CM              : Costo=11895 R=21410 -> Venta=14900 [ok]
[44/10892] KUYCON MONITOR KUYCON  G27P 27&quot;      : Costo=545414 R=701246 -> Venta=627200 [ok]
[45/10892] GENERICA CARGADOR UNIVERSAL DE CARRO PAR  : Costo=5251 R=8751 -> Venta=8300 [ok]
[46/10892] UPS SISTEMA DE ALIMENTACION ININTERRUMPI  : Costo=10441 R=15661 -> Venta=13400 [ok]
[47/10892] UPS SISTEMA DE ALIMENTACION ININTERRUMPI  : Costo=52059 R=78088 -> Venta=62500 [ok]
[48/10892] UPS SISTEMA DE ALIMENTACION ININTERRUMPI  : Costo=29393 R=44089 -> Venta=35300 [ok]
[49/10892] UPS SISTEMA DE ALIMENTACION ININTERRUMPI  : Costo=21828 R=32741 -> Venta=26800 [ok]
[50/10892] MARVO VENTILADOR FN-43 MARVO              : Costo=15850 R=23775 -> Venta=19800 [ok]
[51/10892] MARVO MOUSE INALAMBRICO M811W  MARVO      : Costo=7100 R=10650 -> Venta=10100 [ok]
[52/10892] MARVO TECLADO LINEA SCORPION KG956W MARV  : Costo=23827 R=35740 -> Venta=28800 [ok]
[53/10892] MARVO PARLANTE SG-285 MARVO NEGRO         : Costo=5758 R=8637 -> Venta=8800 [ok]
[54/10892] MARVO TECLADO LINEA SCORPION KG984W MARV  : Costo=23229 R=34844 -> Venta=28200 [ok]
[55/10892] MARVO TECLADO LINEA SCORPION KG958W MARV  : Costo=28057 R=42085 -> Venta=33700 [ok]
[56/10892] MARVO TECLADO LINEA SCORPION KG955W MARV  : Costo=23827 R=35740 -> Venta=28800 [ok]
[57/10892] MARVO TECLADO LINEA SCORPION KG964 MARVO  : Costo=24154 R=36231 -> Venta=29200 [ok]
[58/10892] MARVO TECLADO LINEA SCORPION KG956 MARVO  : Costo=22055 R=33082 -> Venta=27100 [ok]
[59/10892] MARVO TECLADO LINEA SCORPION KG955 MARVO  : Costo=20730 R=31095 -> Venta=25700 [ok]
[60/10892] MARVO TECLADO LINEA SCORPION KG901C EN    : Costo=12087 R=18131 -> Venta=15100 [ok]
[61/10892] MARVO TECLADO LINEA SCORPION KG937 MARVO  : Costo=14324 R=21486 -> Venta=17900 [ok]
[62/10892] MARVO TECLADO LINEA SCORPION KG935 MARVO  : Costo=12050 R=18075 -> Venta=15100 [ok]
[63/10892] MARVO TECLADO LINEA SCORPION KG933G SP M  : Costo=9506 R=14259 -> Venta=12500 [ok]
[64/10892] MARVO TECLADO LINEA SCORPION KG933G EN M  : Costo=9506 R=14259 -> Venta=12500 [ok]
[65/10892] MARVO TECLADO LINEA SCORPION K638B SP MA  : Costo=7880 R=11820 -> Venta=10900 [ok]
[66/10892] MARVO TECLADO LINEA SCORPION K604 EN MAR  : Costo=6308 R=9462 -> Venta=9300 [ok]
[67/10892] MARVO TECLADO LINEA SCORPION K603  MARVO  : Costo=5515 R=8272 -> Venta=8500 [ok]
[68/10892] MARVO MICROFONO MIC-07  MARVO NEGRO       : Costo=18985 R=28477 -> Venta=23700 [ok]
[69/10892] MARVO AUDIFONO LINEA SCORPION HG9084W  M  : Costo=13129 R=19694 -> Venta=16400 [ok]
[70/10892] MARVO AUDIFONO LINEA SCORPION HG9084 MAR  : Costo=9500 R=14250 -> Venta=12500 [ok]
[71/10892] MARVO AUDIFONO LINEA SCORPION HG9076 MAR  : Costo=15543 R=23314 -> Venta=19400 [ok]
[72/10892] MARVO AUDIFONO LINEA SCORPION HG9076W MA  : Costo=19298 R=28947 -> Venta=24100 [ok]
[73/10892] MARVO MOUSE INALAMBRICO G912W  MARVO NEG  : Costo=8728 R=13092 -> Venta=11700 [ok]
[74/10892] MARVO MOUSE INALAMBRICO G965W  MARVO NEG  : Costo=10717 R=16075 -> Venta=13700 [ok]
[75/10892] MARVO MOUSE INALAMBRICO G964W  MARVO NEG  : Costo=10690 R=16035 -> Venta=13700 [ok]
[76/10892] MARVO MOUSE INALAMBRICO G867W  MARVO NEG  : Costo=6792 R=10188 -> Venta=9800 [ok]
[77/10892] MARVO MOUSE ALAMBRICO M413  MARVO         : Costo=4929 R=7393 -> Venta=6400 [ok]
[78/10892] MARVO MOUSE INALAMBRICO M810W  MARVO BLA  : Costo=3795 R=5692 -> Venta=5300 [ok]
[79/10892] MARVO MOUSE INALAMBRICO M808W  MARVO      : Costo=4908 R=7361 -> Venta=6400 [ok]
[80/10892] MARVO PELUCHE SCORPION MARVO              : Costo=3557 R=5199 -> Venta=5100 [ok]
[81/10892] ONESAM PANEL LUZ OS-J23 ONESAM            : Costo=6897 R=12644 -> Venta=9900 [ok]
[82/10892] VEN-DENS TECLADO VD-MK003 VEN DENS NEGRO  : Costo=7824 R=11736 -> Venta=10800 [ok]
[83/10892] GENERICA CARGADOR UNIVERSAL 12W 6 PINES   : Costo=5662 R=6979 -> Venta=8700 [ok]
[84/10892] GENERICA CARGADOR UNIVERSAL 30W 6 PINES   : Costo=5897 R=7268 -> Venta=8900 [ok]
[85/10892] ONTEN CABLE ADAPTADOR USB TIPO C A HDMI   : Costo=5455 R=8182 -> Venta=8500 [ok]
[86/10892] ONTEN CABLE USB TIPO A A SATA OTN-5211 O  : Costo=2042 R=3063 -> Venta=3500 [ok]
[87/10892] ONTEN CONMUTADOR KVM PARA COMPUTADORA OT  : Costo=14119 R=20170 -> Venta=17600 [ok]
[88/10892] ONTEN EXTENCION CABLE USB TIPO A MACHO A  : Costo=751 R=1475 -> Venta=2300 [ok]
[89/10892] ONTEN CABLE USB TIPO C OTN-CC205 ONTEN G  : Costo=4828 R=7241 -> Venta=6300 [ok]
[90/10892] ONTEN CABLE ADAPTADOR LIGHTHING A HDMI O  : Costo=5164 R=7746 -> Venta=8200 [ok]
[91/10892] ONTEN CABLE ADAPTADOR USB TIPO C A HDMI   : Costo=3499 R=5249 -> Venta=5000 [ok]
[92/10892] ONTEN CABLE ADAPTADOR USB TIPO C A HDMI   : Costo=2002 R=3003 -> Venta=3500 [ok]
[93/10892] ONTEN CABLE ADAPTADOR USB TIPO C A HDMI   : Costo=2348 R=3521 -> Venta=3800 [ok]
[94/10892] ONTEN CABLE ADAPTADOR USB TIPO C A HDMI   : Costo=1795 R=2693 -> Venta=3300 [ok]
[95/10892] JMARY MICROFONO PARA PC MC-PW13 JMARY NE  : Costo=12288 R=20479 -> Venta=15400 [ok]
[96/10892] JMARY PANEL DE LUZ  FM-328RGB JMARY NEGR  : Costo=14347 R=23911 -> Venta=17900 [ok]
[97/10892] JMARY PANEL DE LUZ  FM-150RGB JMARY NEGR  : Costo=13201 R=22002 -> Venta=16500 [ok]
[98/10892] JMARY PANEL DE LUZ  FM-17RS JMARY NEGRO   : Costo=26222 R=43702 -> Venta=31500 [ok]
[99/10892] JMARY PANEL DE LUZ  FM-15RS JMARY NEGRO   : Costo=24531 R=40885 -> Venta=29500 [ok]
[100/10892] JMARY HOLDER  MK-85 IPEGA NEGRO           : Costo=5262 R=8769 -> Venta=8300 [ok]
[101/10892] JMARY HOLDER DE CUELLO PARA CELULAR O CA  : Costo=10407 R=17345 -> Venta=13400 [ok]
[102/10892] JMARY HOLDER DE CUELLO PARA CELULAR O CA  : Costo=7979 R=13299 -> Venta=11000 [ok]
[103/10892] JMARY BASE PARA TRIPODE CAMARA MS-90 JMA  : Costo=8079 R=13465 -> Venta=11100 [ok]
[104/10892] APPLE CABLE USB TIPO C PARA MAC MAGSAFE   : Costo=3738 R=7476 -> Venta=5200 [ok]
[105/10892] APPLE CABLE USB TIPO C PARA MAC 1M BLANC  : Costo=5113 R=10043 -> Venta=8100 [ok]
[106/10892] TRIPODE  Q515 TK                          : Costo=14957 R=21367 -> Venta=18700 [ok]
[107/10892] AUDIFONO BLUETOOTH PARA MOTO CON CONTROL  : Costo=5751 R=8216 -> Venta=8800 [ok]
[108/10892] BLUETOOTH PARA CARRO BT65 NEGRO           : Costo=6997 R=9995 -> Venta=10000 [ok]
[109/10892] TECLADO NUMERICO INALAMBRICO Q3 NEGRO     : Costo=5498 R=9163 -> Venta=8500 [ok]
[110/10892] SET TECLADO MOUSE INALAMBRICO SW98 NARAN  : Costo=10776 R=17959 -> Venta=13800 [ok]
[111/10892] TECLADO INALAMBRICO B089T VERDE           : Costo=16182 R=26970 -> Venta=20200 [ok]
[112/10892] TECLADO INALAMBRICO B089 GRIS             : Costo=13236 R=22060 -> Venta=16500 [ok]
[113/10892] MOUSE INALAMBRICO ERGONOMICO  M886 NEGRO  : Costo=4295 R=7158 -> Venta=5800 [ok]
[114/10892] MOUSE INALAMBRICO M118 NEGRO              : Costo=5714 R=9523 -> Venta=8700 [ok]
[115/10892] Planet MOUSE INALAMBRICO M113 PLANET NEG  : Costo=4848 R=8080 -> Venta=6300 [ok]
[116/10892] Planet MOUSE INALAMBRICO M103 PLANET PLA  : Costo=3866 R=6443 -> Venta=5400 [ok]
[117/10892] Planet MOUSE INALAMBRICO M103 PLANET ROS  : Costo=3866 R=6443 -> Venta=5400 [ok]
[118/10892] Planet MOUSE INALAMBRICO M103 PLANET GRI  : Costo=3866 R=6443 -> Venta=5400 [ok]
[119/10892] TECLADO INALAMBRICO B023 BLANCO           : Costo=6362 R=10603 -> Venta=9400 [ok]
[120/10892] APPLE CARGADOR CUBO MACBOOK 20W           : Costo=3803 R=7606 -> Venta=5300 [ok]
[121/10892] APPLE CABLE USB TIPO C-C PARA MAC MAGSAF  : Costo=14210 R=28419 -> Venta=17800 [ok]
[122/10892] APPLE CABLE USB TIPO C PARA MAC 2M BLANC  : Costo=3803 R=7606 -> Venta=5300 [ok]
[123/10892] YOOKIE TECLADO YE23 YOOKIE NEGRO          : Costo=6657 R=12891 -> Venta=9700 [ok]
[124/10892] APPLE CABLE EXTENSION PARA CUBO MACBOOK   : Costo=2172 R=4343 -> Venta=3700 [ok]
[125/10892] APPLE CABLE USB TIPO C PARA MAC 240W 2M   : Costo=5245 R=10489 -> Venta=8200 [ok]
[126/10892] TECLADO INALAMBRICO BK1298 NEGRO NEGRO    : Costo=8903 R=14838 -> Venta=11900 [ok]
[127/10892] Planet MOUSE INALAMBRICO M333 PLANET ROS  : Costo=4498 R=7497 -> Venta=6000 [ok]
[128/10892] Planet MOUSE INALAMBRICO M133 PLANET ROS  : Costo=5175 R=8625 -> Venta=8200 [ok]
[129/10892] Weifeng TRIPODE ESCRITORIO CM-50 WEIFENG  : Costo=6527 R=11824 -> Venta=9500 [ok]
[130/10892] Weifeng CAJA PARA FOTOS CON LUZ FAN-LEDP  : Costo=68559 R=124206 -> Venta=82300 [ok]
[131/10892] Weifeng CAJA PARA FOTOS CON LUZ FAN-LEDP  : Costo=51800 R=93843 -> Venta=62200 [ok]
[132/10892] Weifeng CAJA PARA FOTOS CON LUZ FAN-LEDP  : Costo=46422 R=84102 -> Venta=55700 [ok]
[133/10892] Weifeng CAJA PARA FOTOS CON LUZ FAN-LEDP  : Costo=50970 R=92341 -> Venta=61200 [ok]
[134/10892] Weifeng TRIPODE EN &quot;T&quot; PARA PA  : Costo=8342 R=15111 -> Venta=11300 [ok]
[135/10892] Weifeng PANEL TRASERO PARA SILLA WBG-142  : Costo=7584 R=13740 -> Venta=10600 [ok]
[136/10892] Weifeng PANEL TRASERO PARA SILLA WBG-110  : Costo=6915 R=12528 -> Venta=9900 [ok]
[137/10892] Weifeng KIT TRIPODE CON PANEL TRASERO RE  : Costo=47453 R=85963 -> Venta=56900 [ok]
[138/10892] Weifeng TRIPODE CON PANEL TRASERO GST-15  : Costo=46416 R=84090 -> Venta=55700 [ok]
[139/10892] Weifeng TRIPODE PARA PANEL TRASERO TS-83  : Costo=19643 R=35584 -> Venta=24600 [ok]
[140/10892] Weifeng BRAZO ARTICULADO PARA LAMPARA DE  : Costo=8562 R=15511 -> Venta=11600 [ok]
[141/10892] Weifeng BRAZO EXTENDIBLE PARA REFLECTOR   : Costo=10153 R=18393 -> Venta=13200 [ok]
[142/10892] Weifeng PANEL LUZ ARMABLE LED-49 WEIFENG  : Costo=5615 R=10171 -> Venta=8600 [ok]
[143/10892] Weifeng PANEL LUZ CON SOPORTE LED ALT-21  : Costo=29511 R=53463 -> Venta=35400 [ok]
[144/10892] Weifeng PANEL LUZ RGB LED HL-144M WEIFEN  : Costo=18111 R=32810 -> Venta=22600 [ok]
[145/10892] Weifeng LAMPARA LED FL-S20D WEIFENG       : Costo=14689 R=26611 -> Venta=18400 [ok]
[146/10892] Weifeng SET FLASH OPTICO FC-S152 WEIFENG  : Costo=147324 R=266902 -> Venta=169400 [ok]
[147/10892] Weifeng LAMPARA LED PRISMATICA PARA ESTU  : Costo=49903 R=90407 -> Venta=59900 [ok]
[148/10892] Weifeng LAMPARA LED PRISMATICA PARA ESTU  : Costo=40532 R=73430 -> Venta=48600 [ok]
[149/10892] Weifeng LAMPARA LED PRISMATICA PARA ESTU  : Costo=47343 R=85770 -> Venta=56800 [ok]
[150/10892] Weifeng LAMPARA LED PRISMATICA PARA ESTU  : Costo=37613 R=68141 -> Venta=45100 [ok]
[151/10892] Weifeng LAMPARA LED PARA ESTUDIO  LED-F2  : Costo=41692 R=75531 -> Venta=50000 [ok]
[152/10892] Weifeng KIT DE ILUMINACION PROFESIONAL L  : Costo=46359 R=83986 -> Venta=55600 [ok]
[153/10892] Weifeng KIT DE ILUMINACION PROFESIONAL L  : Costo=27856 R=50465 -> Venta=33400 [ok]
[154/10892] Weifeng KIT DE ILUMINACION PROFESIONAL L  : Costo=26655 R=48290 -> Venta=32000 [ok]
[155/10892] JMARY BASE PARA TRIPODE CAMARA BH-02 JMA  : Costo=1061 R=1768 -> Venta=2600 [ok]
[156/10892] JMARY PANEL DE LUZ FM-72RGB JMARY NEGRO   : Costo=18687 R=31144 -> Venta=23400 [ok]
[157/10892] JMARY PANEL DE LUZ FM-69RGB JMARY NEGRO   : Costo=8316 R=13860 -> Venta=11300 [ok]
[158/10892] JMARY PANEL DE LUZ FM-59R JMARY NEGRO     : Costo=5971 R=9951 -> Venta=9000 [ok]
[159/10892] CABLE PARA FUENTE DE PODER COMPUTADORA 2  : Costo=1451 R=2321 -> Venta=3000 [ok]
[160/10892] CABLE PARA FUENTE DE PODER COMPUTADORA 0  : Costo=505 R=1010 -> Venta=2000 [ok]
[161/10892] CABLE PARA FUENTE DE PODER COMPUTADORA 1  : Costo=982 R=1571 -> Venta=2500 [ok]
[162/10892] ONTEN CABLE DVI-D 24+1 MACHO A VGA MACHO  : Costo=6689 R=9406 -> Venta=9700 [ok]
[163/10892] ONTEN CABLE DVI-D 24+1 MACHO A VGA MACHO  : Costo=5597 R=7870 -> Venta=8600 [ok]
[164/10892] ONTEN EXTENCION CABLE USB TIPO A MACHO A  : Costo=9251 R=18068 -> Venta=12300 [ok]
[165/10892] ONTEN EXTENCION USB TIPO A MACHO A USB T  : Costo=3704 R=7235 -> Venta=5200 [ok]
[166/10892] ONTEN CABLE USB TIPO C MACHO A HDMI TIPO  : Costo=3521 R=4951 -> Venta=5000 [ok]
[167/10892] ONTEN ADAPTADOR HDMI MACHO A HDMI HEMBRA  : Costo=6475 R=9611 -> Venta=9500 [ok]
[168/10892] ONTEN HUB USB TIPO A Y TIPO C UCA9705 ON  : Costo=2731 R=4291 -> Venta=4200 [ok]
[169/10892] ONTEN CABLE USB TIPO C OTN-CC201 ONTEN 1  : Costo=2295 R=3227 -> Venta=3800 [ok]
[170/10892] ONTEN CABLE USB TIPO C OTN-CC202 ONTEN 1  : Costo=11028 R=15508 -> Venta=14000 [ok]
[171/10892] ONTEN CABLE USB TIPO C Y USB TIPO A 3.0   : Costo=3261 R=4841 -> Venta=4800 [ok]
[172/10892] ONTEN HUB USB TIPO A Y TIPO C OTN-UCA531  : Costo=4958 R=7359 -> Venta=6500 [ok]
[173/10892] ONTEN CABLE USB TIPO A 3.0 A RJ45 OTN-UE  : Costo=3231 R=5077 -> Venta=4700 [ok]
[174/10892] ONTEN CABLE USB TIPO A 3.0 A RJ45 OTN-UE  : Costo=5435 R=8541 -> Venta=8400 [ok]
[175/10892] ONTEN CABLE USB TIPO C Y USB TIPO A 3.0   : Costo=6302 R=9355 -> Venta=9300 [ok]
[176/10892] LENOVO AUDIFONO MANOS LIBRES TH46 ANC LE  : Costo=19889 R=28412 -> Venta=24900 [ok]
[177/10892] LENOVO MAQUINILLA PARA RASURAR ES20 LENO  : Costo=9235 R=13496 -> Venta=12200 [ok]
[178/10892] LENOVO MAQUINILLA PARA RASURAR ES10 LENO  : Costo=6884 R=10061 -> Venta=9900 [ok]
[179/10892] LENOVO PARLANTE BLUETOOTH TS5 LENOVO NEG  : Costo=7220 R=10552 -> Venta=10200 [ok]
[180/10892] MARVO TECLADO LINEA PRO GAMING KG962G MA  : Costo=16830 R=24597 -> Venta=21000 [ok]
[181/10892] BATERIA PARA UPS 6V4.5AH-0.65kg           : Costo=2346 R=3609 -> Venta=3800 [ok]
[182/10892] BATERIA PARA UPS 12V 4.5AH-1.34kg         : Costo=4507 R=6933 -> Venta=6000 [ok]
[183/10892] BATERIA PARA UPS 12V9AH-2.5kg             : Costo=8706 R=13392 -> Venta=11700 [ok]
[184/10892] BATERIA PARA UPS 12V7AH-2kg               : Costo=6081 R=9355 -> Venta=9100 [ok]
[185/10892] UGREEN CABLE MINI DISPLAY PORT MACHO A V  : Costo=10021 R=14091 -> Venta=13000 [ok]
[186/10892] UGREEN CABLE 3.5MM A XLR HEMBRA 3.5MM AV  : Costo=2717 R=4033 -> Venta=4200 [ok]
[187/10892] Monka MOUSE PAD G50 Monka NEGRO ROJO      : Costo=10804 R=15790 -> Venta=13800 [ok]
[188/10892] UGREEN CABLE MINI DISPLAY PORT MACHO A H  : Costo=3661 R=5148 -> Venta=5200 [ok]
[189/10892] UGREEN CONVERTIDOR VGA A HDMI TIPO A CM5  : Costo=5557 R=7938 -> Venta=8600 [ok]
[190/10892] UGREEN CONMUTADOR DISPLAY PORT CM430	606  : Costo=7693 R=10819 -> Venta=10700 [ok]
[191/10892] UGREEN CABLE DISPLAY PORT DP118	15383 UG  : Costo=6740 R=9477 -> Venta=9700 [ok]
[192/10892] UGREEN CABLE DISPLAY PORT DP114	80391 UG  : Costo=5782 R=8130 -> Venta=8800 [ok]
[193/10892] UGREEN CONMUTADOR HDMI CM333 80126 UGREE  : Costo=12429 R=18449 -> Venta=15500 [ok]
[194/10892] UGREEN CONVERTIDOR HDMI A VGA MM101 3044  : Costo=5886 R=8276 -> Venta=8900 [ok]
[195/10892] UGREEN CONVERTIDOR HDMI A VGA MM102 4023  : Costo=7426 R=10442 -> Venta=10400 [ok]
[196/10892] UGREEN CONVERTIDOR HDMI A VGA MM103 4024  : Costo=4951 R=6963 -> Venta=6500 [ok]
[197/10892] UGREEN CONVERTIDOR HDMI A VGA CM611 9081  : Costo=3922 R=5515 -> Venta=5400 [ok]
[198/10892] UGREEN CABLE HDMI TIPO A MACHO A MACHO H  : Costo=54667 R=76875 -> Venta=65600 [ok]
[199/10892] UGREEN CABLE HDMI TIPO A MACHO A MACHO H  : Costo=2327 R=3272 -> Venta=3800 [ok]
[200/10892] UGREEN CABLE HDMI TIPO A MACHO A MACHO E  : Costo=3703 R=5208 -> Venta=5200 [ok]
[201/10892] UGREEN CABLE HDMI TIPO A MACHO A MACHO E  : Costo=2915 R=4099 -> Venta=4400 [ok]
[202/10892] UGREEN CARGADOR CUBO CARRO ED018 50875 U  : Costo=3705 R=5500 -> Venta=5200 [ok]
[203/10892] UGREEN REGLETA CD270 40896 UGREEN GRIS    : Costo=46006 R=68290 -> Venta=55200 [ok]
[204/10892] UGREEN REGLETA CD268 40861 UGREEN GRIS    : Costo=31560 R=46847 -> Venta=37900 [ok]
[205/10892] UGREEN CARGADOR CUBO CASA CD327 90735 UG  : Costo=23663 R=35125 -> Venta=28700 [ok]
[206/10892] UGREEN LECTOR DE MEMORIA USB TIPO C CM18  : Costo=4929 R=7041 -> Venta=6400 [ok]
[207/10892] UGREEN CABLE HDMI TIPO A MACHO A MACHO H  : Costo=3816 R=5366 -> Venta=5300 [ok]
[208/10892] UGREEN MICROFONO CM379 10934 UGREEN       : Costo=17333 R=24761 -> Venta=21700 [ok]
[209/10892] UGREEN MICROFONO CM564 90416 UGREEN       : Costo=9589 R=13698 -> Venta=12600 [ok]
[210/10892] UGREEN CABLE ADAPTADOR USB TIPO A 3.0 A   : Costo=10499 R=14764 -> Venta=13500 [ok]
[211/10892] UGREEN CABLE USB TIPO C A USB MICRO B 3.  : Costo=2231 R=3137 -> Venta=3700 [ok]
[212/10892] UGREEN HUB USB TIPO A 3.0 CON SWITCH US2  : Costo=14302 R=21229 -> Venta=17900 [ok]
[213/10892] UGREEN CABLE USB TIPO A 2.0 A USB TIPO B  : Costo=2775 R=3902 -> Venta=4300 [ok]
[214/10892] UGREEN EXTENCION USB TIPO A 2.0 MACHO A   : Costo=637 R=909 -> Venta=2100 [ok]
[215/10892] UGREEN HUB USB TIPO A CR113 20291 UGREEN  : Costo=6181 R=9175 -> Venta=9200 [ok]
[216/10892] UGREEN HUB USB TIPO A CR106 20277 UGREEN  : Costo=3214 R=4771 -> Venta=4700 [ok]
[217/10892] UGREEN HUB USB TIPO A CM195 15214 UGREEN  : Costo=20020 R=29718 -> Venta=25000 [ok]
[218/10892] UGREEN HUB USB TIPO A CM478 15495 UGREEN  : Costo=8859 R=13151 -> Venta=11900 [ok]
[219/10892] UGREEN HUB USB TIPO A CM475 20932 UGREEN  : Costo=20553 R=30509 -> Venta=25600 [ok]
[220/10892] UGREEN HUB USB TIPO A CM475 60600 UGREEN  : Costo=13624 R=20224 -> Venta=17000 [ok]
[221/10892] UGREEN HUB USB TIPO A CM473 15395 UGREEN  : Costo=10596 R=15728 -> Venta=13600 [ok]
[222/10892] UGREEN HUB USB TIPO A CM473 20841 UGREEN  : Costo=8678 R=12882 -> Venta=11700 [ok]
[223/10892] MARVO TECLADO OFFICE KB005 EN MARVO GRIS  : Costo=4584 R=6699 -> Venta=6100 [ok]
[224/10892] MARVO MOUSE OFFICE WM111 MARVO PLATEADO   : Costo=4792 R=7004 -> Venta=6300 [ok]
[225/10892] MARVO MOUSE OFFICE MS003 MARVO NEGRO      : Costo=1236 R=1806 -> Venta=2700 [ok]
[226/10892] MARVO ESCRITORIO GAMER DE-07 MARVO        : Costo=56711 R=82884 -> Venta=68100 [ok]
[227/10892] MARVO MOUSE PAD NOOB M G53 MARVO NEGRO R  : Costo=2044 R=2988 -> Venta=3500 [ok]
[228/10892] MARVO MOUSE PAD BLAZE G49 MARVO NEGRO RO  : Costo=2675 R=3910 -> Venta=4200 [ok]
[229/10892] MARVO MOUSE PAD BLAZE G48 MARVO NEGRO RO  : Costo=4182 R=6111 -> Venta=5700 [ok]
[230/10892] MARVO MOUSE PAD BLAZE G55 MARVO NEGRO RO  : Costo=2044 R=2988 -> Venta=3500 [ok]
[231/10892] MARVO ESTANTE EXHIBIDOR AUDIFONO HZ-10 M  : Costo=8188 R=11967 -> Venta=11200 [ok]
[232/10892] MARVO AUDIFONO LINEA SCORPION HG9086W MA  : Costo=16350 R=23895 -> Venta=20400 [ok]
[233/10892] MARVO AUDIFONO LINEA SCORPION HG9086W MA  : Costo=16350 R=23895 -> Venta=20400 [ok]
[234/10892] MARVO AUDIFONO LINEA SCORPION HG9086 MAR  : Costo=11122 R=16255 -> Venta=14100 [ok]
[235/10892] MARVO MOUSE ALAMBRICO M803W MARVO NEGRO   : Costo=6792 R=9926 -> Venta=9800 [ok]
[236/10892] MARVO MOUSE ALAMBRICO M528 MARVO NEGRO    : Costo=6382 R=9327 -> Venta=9400 [ok]
[237/10892] MARVO MOUSE ALAMBRICO M292 MARVO NEGRO    : Costo=3403 R=4974 -> Venta=4900 [ok]
[238/10892] MARVO AUDIFONO LINEA SCORPION HG8959 MAR  : Costo=7268 R=10622 -> Venta=10300 [ok]
[239/10892] APPLE CABLE USB TIPO C PARA MAC MAGSAFE   : Costo=3738 R=7299 -> Venta=5200 [ok]
[240/10892] APPLE CARGADOR CUBO MACBOOK TIPO C 67W    : Costo=9599 R=19197 -> Venta=12600 [ok]
[241/10892] APPLE CARGADOR CUBO MACBOOK TIPO C 70W    : Costo=13377 R=26753 -> Venta=16700 [ok]
[242/10892] GENERICA CARGADOR UNIVERSAL 12W 6 PINES   : Costo=4254 R=5244 -> Venta=5800 [ok]
[243/10892] GENERICA CARGADOR UNIVERSAL 30W 6 PINES   : Costo=5075 R=6256 -> Venta=8100 [ok]
[244/10892] GENERICA CARGADOR UNIVERSAL AUTOMATICO P  : Costo=8572 R=14286 -> Venta=11600 [ok]
[245/10892] JMARY HOLDER PARA TRIPODE M03 JMARY NEGR  : Costo=811 R=1240 -> Venta=2300 [ok]
[246/10892] JMARY PANEL DE LUZ PARA CAMARA FM-48R JM  : Costo=3497 R=5828 -> Venta=5000 [ok]
[247/10892] Remax HUB TIPO C RU-U91 REMAX GRIS        : Costo=20953 R=31102 -> Venta=26000 [ok]
[248/10892] Remax HUB USB TIPO A RU-U10 REMAX AZUL    : Costo=5780 R=8580 -> Venta=8800 [ok]
[249/10892] Remax HUB RU-U88 REMAX                    : Costo=20953 R=31102 -> Venta=26000 [ok]
[250/10892] MARVO ESCRITORIO MARVO GAMER DE-08 MARVO  : Costo=70455 R=102972 -> Venta=84500 [ok]
[251/10892] MARVO TECLAS LINEA PRO GAMING MARVO KP-0  : Costo=5824 R=8781 -> Venta=8800 [ok]
[252/10892] MARVO MOUSE OFFICE WM103 MARVO NEGRO      : Costo=2654 R=3792 -> Venta=4200 [ok]
[253/10892] MARVO PARLANTE LINEA SCORPION BS010 MARV  : Costo=11834 R=17295 -> Venta=14800 [ok]
[254/10892] MARVO CONTROL LINEA SCORPION GT-89 MARVO  : Costo=14889 R=21760 -> Venta=18600 [ok]
[255/10892] Monka PARLANTE MONKA SG-500 Monka         : Costo=15582 R=22773 -> Venta=19500 [ok]
[256/10892] Monka CONTROL MONKA GT-96 Monka           : Costo=15027 R=21962 -> Venta=18800 [ok]
[257/10892] Monka TECLADO MONKA KG991W Monka          : Costo=33969 R=49892 -> Venta=40800 [ok]
[258/10892] Monka MOUSE ALAMBRICO MONKA G995W Monka   : Costo=22522 R=32916 -> Venta=27500 [ok]
[259/10892] Monka MOUSE ALAMBRICO MONKA G966W Monka   : Costo=12499 R=18267 -> Venta=15600 [ok]
[260/10892] LENOVO AUDIFONO MANOS LIBRES TH20 LENOVO  : Costo=13318 R=19026 -> Venta=16600 [ok]
[261/10892] ONTEN CABLE ADAPTADOR TIPO C OTN-UC981 O  : Costo=7330 R=10881 -> Venta=10300 [ok]
[262/10892] ONTEN HUB USB TIPO A OTN-5312 ONTEN       : Costo=2568 R=3812 -> Venta=4100 [ok]
[263/10892] ONTEN HUB USB TIPO A Y TIPO C 1 OTN-UCA6  : Costo=8002 R=12574 -> Venta=11000 [ok]
[264/10892] ONTEN CABLE ADAPTADOR TIPO C 2EN1 HDMI V  : Costo=9090 R=14284 -> Venta=12100 [ok]
[265/10892] MONSTER PARLANTE BLUETOOTH CYCLE MONSTER  : Costo=142547 R=208336 -> Venta=163900 [ok]
[266/10892] MONSTER PARLANTE BLUETOOTH CYCLE PLUS MO  : Costo=179246 R=261972 -> Venta=206100 [ok]
[267/10892] MONSTER PARLANTE BLUETOOTH MUSICBOX MONS  : Costo=51213 R=74849 -> Venta=61500 [ok]
[268/10892] MONSTER PARLANTE BLUETOOTH ADVENTURER FO  : Costo=64017 R=93562 -> Venta=76800 [ok]
[269/10892] MONSTER PARLANTE BLUETOOTH MUSICBOX GO M  : Costo=90036 R=131590 -> Venta=108000 [ok]
[270/10892] ONESAM PARLANTE BLUETOOTH OS-D23 ONESAM   : Costo=5048 R=7378 -> Venta=8000 [ok]
[271/10892] JMARY BASE PARA TRIPODE CAMARA SR-56 JMA  : Costo=6694 R=11156 -> Venta=9700 [ok]
[272/10892] JMARY PANEL DE LUZ  FM-128 JMARY NEGRO    : Costo=18065 R=30109 -> Venta=22600 [ok]
[273/10892] JMARY PANEL DE LUZ PARA CELULAR FM-16 JM  : Costo=5485 R=8385 -> Venta=8500 [ok]
[274/10892] JMARY PANEL DE LUZ  FM-58R JMARY NEGRO    : Costo=7377 R=12294 -> Venta=10400 [ok]
[275/10892] JMARY CONTROL BLUETOOTH PARA CELULAR AB   : Costo=772 R=1128 -> Venta=2300 [ok]
[276/10892] MARVO SET LINEA PRO GAMING KC411W MARVO   : Costo=8701 R=13119 -> Venta=11700 [ok]
[277/10892] MARVO AUDIFONO LINEA SCORPION HG9067 MAR  : Costo=12221 R=17861 -> Venta=15300 [ok]
[278/10892] MARVO TECLADO LINEA SCORPION KG905 MARVO  : Costo=9645 R=14543 -> Venta=12600 [ok]
[279/10892] MARVO MOUSE ALAMBRICO M360 MARVO          : Costo=5041 R=7368 -> Venta=8000 [ok]
[280/10892] MARVO MOUSE INALAMBRICO M701W MARVO       : Costo=5035 R=7358 -> Venta=8000 [ok]
[281/10892] MARVO TECLADO LINEA PRO GAMING KG953W MA  : Costo=19401 R=29253 -> Venta=24300 [ok]
[282/10892] MARVO CONTROL LINEA SCORPION GT-019 MARV  : Costo=8603 R=12573 -> Venta=11600 [ok]
[283/10892] MARVO CASE LINEA SCORPION CA-119 MARVO B  : Costo=25668 R=37699 -> Venta=30800 [ok]
[284/10892] MARVO MONITOR GAMER D-04 MARVO            : Costo=167638 R=252767 -> Venta=192800 [ok]
[285/10892] MARVO MONITOR GAMER D-09 MARVO            : Costo=252291 R=380407 -> Venta=290100 [ok]
[286/10892] MARVO MONITOR 24&quot;GAMER D-01 MARVO    : Costo=58480 R=88177 -> Venta=70200 [ok]
[287/10892] MARVO PARLANTE LINEA SCORPION SG-302 MAR  : Costo=10332 R=15100 -> Venta=13300 [ok]
[288/10892] MARVO PARLANTE LINEA SCORPION SG-286 MAR  : Costo=11583 R=16929 -> Venta=14600 [ok]
[289/10892] MARVO AUDIFONO LINEA SCORPION H8620 MARV  : Costo=9399 R=13737 -> Venta=12400 [ok]
[290/10892] JMARY BASE PARA TRIPODE CAMARA BH-05 JMA  : Costo=1508 R=2513 -> Venta=3000 [ok]
[291/10892] JMARY BASE PARA TRIPODE CAMARA BH-01 JMA  : Costo=1193 R=1987 -> Venta=2700 [ok]
[292/10892] JMARY CONTROL BLUETOOTH PARA CELULAR BT-  : Costo=878 R=1463 -> Venta=2400 [ok]
[293/10892] JMARY MICROFONO PARA PC MC-PW10 JMARY NE  : Costo=23938 R=34985 -> Venta=28900 [ok]
[294/10892] JMARY MICROFONO PARA PC MC-PW9 JMARY NEG  : Costo=17936 R=26213 -> Venta=22400 [ok]
[295/10892] JMARY MICROFONO PARA PC MC-PW8 JMARY NEG  : Costo=11401 R=16663 -> Venta=14400 [ok]
[296/10892] JMARY MICROFONO PARA PC MC-PW7 JMARY NEG  : Costo=9999 R=14613 -> Venta=13000 [ok]
[297/10892] MARVO AUDIFONO LINEA SCORPION H8619 MARV  : Costo=11933 R=17992 -> Venta=14900 [ok]
[298/10892] MARVO AUDIFONO LINEA SCORPION H8326 MARV  : Costo=5362 R=7836 -> Venta=8400 [ok]
[299/10892] MARVO MOUSE ALAMBRICO M653 MARVO          : Costo=8226 R=12023 -> Venta=11200 [ok]
[300/10892] MARVO MOUSE ALAMBRICO M358 MARVO          : Costo=4478 R=6544 -> Venta=6000 [ok]
[301/10892] MARVO MOUSE ALAMBRICO M655 MARVO          : Costo=8494 R=12414 -> Venta=11500 [ok]
[302/10892] MARVO MOUSE ALAMBRICO M411 MARVO          : Costo=6435 R=9404 -> Venta=9400 [ok]
[303/10892] MARVO MOUSE ALAMBRICO M291 MARVO NEGRO    : Costo=3298 R=4819 -> Venta=4800 [ok]
[304/10892] MARVO MOUSE ALAMBRICO M727 MARVO          : Costo=10018 R=14641 -> Venta=13000 [ok]
[305/10892] MARVO MOUSE M796W MARVO                   : Costo=6239 R=9118 -> Venta=9200 [ok]
[306/10892] MARVO MICROFONO LINEA SCORPION PARA PC M  : Costo=9018 R=13180 -> Venta=12000 [ok]
[307/10892] MARVO AUDIFONO LINEA SCORPION H8618 MARV  : Costo=9024 R=13189 -> Venta=12000 [ok]
[308/10892] MARVO AUDIFONO LINEA SCORPION H8360 MARV  : Costo=7021 R=10261 -> Venta=10000 [ok]
[309/10892] MARVO AUDIFONO LINEA SCORPION H8325 MARV  : Costo=7054 R=10309 -> Venta=10100 [ok]
[310/10892] Joyroom PARLANTE BLUETOOTH JR-MS02 JOYRO  : Costo=30970 R=45263 -> Venta=37200 [ok]
[311/10892] GJBY AUDIFONOS FX03 LIGHT GJBY NEGRO CEL  : Costo=6991 R=9787 -> Venta=10000 [ok]
[312/10892] MONSTER PARLANTE BLUETOOTH G01 MONSTER N  : Costo=15757 R=23029 -> Venta=19700 [ok]
[313/10892] ONTEN CABLE ADAPTADOR USB TIPO C A HDMI   : Costo=9668 R=14351 -> Venta=12700 [ok]
[314/10892] ONTEN ADAPTADOR HDMI A VGA AUDIO DC OTN-  : Costo=3079 R=4570 -> Venta=4600 [ok]
[315/10892] APPLE CARGADOR CUBO MACBOOK TIPO C 30W    : Costo=7540 R=14727 -> Venta=10500 [ok]
[316/10892] APPLE CARGADOR CUBO MACBOOK TIPO C 96W    : Costo=10333 R=20666 -> Venta=13300 [ok]
[317/10892] GENERICA CARGADOR UNIVERSAL PARA LAPTOP   : Costo=5165 R=7230 -> Venta=8200 [ok]
[318/10892] GENERICA CARGADOR LAPTOP HP 18.5V 3.5A (  : Costo=5607 R=6910 -> Venta=8600 [ok]
[319/10892] GENERICA CARGADOR LAPTOP LENOVO 20V 2.25  : Costo=6545 R=8067 -> Venta=9500 [ok]
[320/10892] GENERICA CARGADOR LAPTOP DELL 19.5V 4.62  : Costo=6897 R=8501 -> Venta=9900 [ok]
[321/10892] MARVO MOUSE OFFICE WM109D MARVO AZUL      : Costo=5437 R=7767 -> Venta=8400 [ok]
[322/10892] MARVO SET OFFICE WS010 MARVO MORADO       : Costo=11314 R=17060 -> Venta=14300 [ok]
[323/10892] MARVO SET OFFICE WS010 MARVO AZUL         : Costo=11314 R=17060 -> Venta=14300 [ok]
[324/10892] MARVO TECLADO OFFICE WK005D MARVO MORADO  : Costo=9988 R=14669 -> Venta=13000 [ok]
[325/10892] MARVO TECLADO OFFICE WK005D MARVO AZUL    : Costo=9988 R=14669 -> Venta=13000 [ok]
[326/10892] MARVO MANIVELA LINEA SCORPION GT-903 MAR  : Costo=34056 R=51350 -> Venta=40900 [ok]
[327/10892] MARVO MOUSE PAD LINEA SCORPION G15 MARVO  : Costo=2922 R=4174 -> Venta=4400 [ok]
[328/10892] ONTEN CABLE DISPLAY PORT MACHO A HDMI HE  : Costo=2211 R=3281 -> Venta=3700 [ok]
[329/10892] ONTEN CABLE DISPLAY PORT A HDMI OTN-DP30  : Costo=2991 R=4700 -> Venta=4500 [ok]
[330/10892] ONTEN CABLE DISPLAY PORT A HDMI OTN-DP30  : Costo=1866 R=2932 -> Venta=3400 [ok]
[331/10892] ONTEN CABLE HDMI A VGA OTN-5173D ONTEN 3  : Costo=5381 R=8455 -> Venta=8400 [ok]
[332/10892] ONTEN CABLE HDMI A VGA OTN-5173D ONTEN 1  : Costo=4311 R=6774 -> Venta=5800 [ok]
[333/10892] ONTEN CABLE USB TIPO C OTN-69001 ONTEN 1  : Costo=1332 R=2093 -> Venta=2800 [ok]
[334/10892] ONTEN ADAPTADOR USB TIPO A MACHO VGA HDM  : Costo=9043 R=13423 -> Venta=12000 [ok]
[335/10892] ADAPTADOR DISPLAY PORT MACHO A HDMI TIPO  : Costo=1692 R=2512 -> Venta=3200 [ok]
[336/10892] ONTEN ADAPTADOR DISPLAY PORT MACHO A VGA  : Costo=1692 R=2512 -> Venta=3200 [ok]
[337/10892] ONTEN HUB USB TIPO A CON SWITH OTN-5302   : Costo=2502 R=3931 -> Venta=4000 [ok]
[338/10892] ONTEN TARJETA DE CAPTURA USB TIPO A A HD  : Costo=6407 R=10067 -> Venta=9400 [ok]
[339/10892] ONTEN TARJETA DE CAPTURA USB TIPO A A HD  : Costo=6267 R=9303 -> Venta=9300 [ok]
[340/10892] UGREEN HUB USB TIPO A 2.0 CON SWITCH CM4  : Costo=14315 R=21249 -> Venta=17900 [ok]
[341/10892] UGREEN CABLE MINI DISPLAY PORT MACHO A D  : Costo=3680 R=5257 -> Venta=5200 [ok]
[342/10892] UGREEN CABLE MINI DISPLAY PORT MACHO MD1  : Costo=3726 R=5239 -> Venta=5200 [ok]
[343/10892] UGREEN CONMUTADOR 2 HDMI TIPO B A 1 HDMI  : Costo=29098 R=43192 -> Venta=34900 [ok]
[344/10892] UGREEN CABLE EXTENCION HDMI TIPO B MACHO  : Costo=4100 R=5857 -> Venta=5600 [ok]
[345/10892] UGREEN CABLE MICRO HDMI TIPO D MACHO A H  : Costo=3390 R=5032 -> Venta=4900 [ok]
[346/10892] UGREEN CABLE MINI HDMI TIPO D A HDMI TIP  : Costo=2897 R=4300 -> Venta=4400 [ok]
[347/10892] UGREEN CABLE HDMI TIPO A MACHO A MACHO H  : Costo=18434 R=26334 -> Venta=23000 [ok]
[348/10892] UGREEN CABLE HDMI TIPO A MACHO A MACHO H  : Costo=2154 R=3029 -> Venta=3700 [ok]
[349/10892] UGREEN CABLE HDMI TIPO A MACHO A MACHO H  : Costo=6365 R=9092 -> Venta=9400 [ok]
[350/10892] UGREEN CABLE HDMI TIPO A MACHO A MACHO H  : Costo=3377 R=4824 -> Venta=4900 [ok]
[351/10892] UGREEN CABLE XLR MACHO A HEMBRA 3 PINES   : Costo=6913 R=9721 -> Venta=9900 [ok]
[352/10892] UGREEN CABLE 3.5MM A XLR HEMBRA 3.5MM AV  : Costo=2218 R=3291 -> Venta=3700 [ok]
[353/10892] UGREEN ADAPTADOR USB TIPO A A RJ45 CR110  : Costo=8018 R=11902 -> Venta=11000 [ok]
[354/10892] UGREEN HUB USB TIPO A CON ADAPTADOR RJ45  : Costo=13959 R=20720 -> Venta=17400 [ok]
[355/10892] UGREEN ADAPTADOR USB TIPO C A RJ45 30287  : Costo=8449 R=12541 -> Venta=11400 [ok]
[356/10892] UGREEN CABLE USB TIPO A MACHO A USB MINI  : Costo=812 R=1205 -> Venta=2300 [ok]
[357/10892] UGREEN EXTENCION USB TIPO A 3.0 MACHO A   : Costo=2324 R=3320 -> Venta=3800 [ok]
[358/10892] UGREEN CONMUTADOR USB 2 EN 1 30345 UGREE  : Costo=7471 R=11090 -> Venta=10500 [ok]
[359/10892] UGREEN ADAPTADOR DE SONIDO USB TIPO A A   : Costo=4595 R=6821 -> Venta=6100 [ok]
[360/10892] UGREEN HUB USB TIPO A CON ADAPTADOR TIPO  : Costo=8496 R=12611 -> Venta=11500 [ok]
[361/10892] UGREEN HUB USB TIPO A CM416 80657 UGREEN  : Costo=7533 R=11182 -> Venta=10500 [ok]
[362/10892] UGREEN ADAPTADOR USB TIPO C A USB TIPO B  : Costo=1627 R=2324 -> Venta=3100 [ok]
[363/10892] UGREEN CABLE USB TIPO C MACHO US506 4031  : Costo=21164 R=29761 -> Venta=26200 [ok]
[364/10892] UGREEN CABLE EXTENCION USB TIPO C MACHO   : Costo=4395 R=6524 -> Venta=5900 [ok]
[365/10892] UGREEN ADAPTADOR USB TIPO C A HDMI HEMBR  : Costo=10675 R=15679 -> Venta=13700 [ok]
[366/10892] UGREEN ADAPTADOR USB TIPO C A HDMI HEMBR  : Costo=12419 R=18240 -> Venta=15500 [ok]
[367/10892] UGREEN CABLE USB TIPO C MACHO A HDMI TIP  : Costo=9466 R=13523 -> Venta=12500 [ok]
[368/10892] UGREEN HUB USB TIPO C CM251 60560 UGREEN  : Costo=15992 R=23738 -> Venta=20000 [ok]
[369/10892] UGREEN HUB USB TIPO A CM219 70336 UGREEN  : Costo=5842 R=8672 -> Venta=8800 [ok]
[370/10892] UGREEN ADAPTADOR OTG USB TIPO A MACHO A   : Costo=1648 R=2354 -> Venta=3100 [ok]
[371/10892] UGREEN ADAPTADOR OTG USB TIPO C MACHO A   : Costo=1020 R=1458 -> Venta=2500 [ok]
[372/10892] UGREEN ADAPTADOR OTG USB TIPO C A USB TI  : Costo=1587 R=2231 -> Venta=3100 [ok]
[373/10892] UGREEN ADAPTADOR OTG USB TIPO C MACHO A   : Costo=2043 R=2918 -> Venta=3500 [ok]
[374/10892] UGREEN HOLDER MULTIFUNCIONAL LP473 60646  : Costo=7491 R=11120 -> Venta=10500 [ok]
[375/10892] UGREEN CONVERTIDOR MINI DISPLAY PORT MAC  : Costo=3667 R=5157 -> Venta=5200 [ok]
[376/10892] UGREEN CABLE VGA MACHO A MACHO VG101 116  : Costo=3624 R=5177 -> Venta=5100 [ok]
[377/10892] UGREEN CABLE HDMI TIPO A MACHO A MACHO H  : Costo=4474 R=6291 -> Venta=6000 [ok]
[378/10892] UGREEN CABLE HDMI TIPO A MACHO A MACHO H  : Costo=2946 R=4209 -> Venta=4400 [ok]
[379/10892] UGREEN CABLE HDMI TIPO A MACHO A MACHO H  : Costo=2347 R=3352 -> Venta=3800 [ok]
[380/10892] UGREEN CABLE HDMI TIPO A MACHO A MACHO H  : Costo=1928 R=2754 -> Venta=3400 [ok]
[381/10892] UGREEN CABLE HDMI TIPO A MACHO A MACHO H  : Costo=2527 R=3609 -> Venta=4000 [ok]
[382/10892] UGREEN CABLE ADAPTADOR USB TIPO A 3.0 A   : Costo=6574 R=9244 -> Venta=9600 [ok]
[383/10892] UGREEN CABLE SATA 3.0 US217 30797 UGREEN  : Costo=891 R=1273 -> Venta=2400 [ok]
[384/10892] UGREEN EXTENCION USB TIPO A 2.0 MACHO A   : Costo=6541 R=9198 -> Venta=9500 [ok]
[385/10892] UGREEN CABLE USB TIPO A MACHO A USB MINI  : Costo=1227 R=1753 -> Venta=2700 [ok]
[386/10892] UGREEN EXTENCION USB TIPO A 3.0 MACHO A   : Costo=1744 R=2491 -> Venta=3200 [ok]
[387/10892] UGREEN CABLE TIPO C A HDMI VGA NM123 308  : Costo=13797 R=19402 -> Venta=17200 [ok]
[388/10892] LENOVO PARLANTE K7 LENOVO                 : Costo=18460 R=26979 -> Venta=23100 [ok]
[389/10892] LENOVO AUDIFONO MANOS LIBRES TH30 LENOVO  : Costo=9945 R=14206 -> Venta=12900 [ok]
[390/10892] MARVO MOUSE PAD OFFICE P1 MARVO AZUL      : Costo=3913 R=5900 -> Venta=5400 [ok]
[391/10892] MARVO TECLADO OFFICE WK004 MARVO GRIS     : Costo=7732 R=11356 -> Venta=10700 [ok]
[392/10892] MARVO TECLADO LINEA PRO GAMING KG962WH M  : Costo=18167 R=26551 -> Venta=22700 [ok]
[393/10892] MARVO PARLANTE LINEA SCORPION SG-274 MAR  : Costo=11926 R=17430 -> Venta=14900 [ok]
[394/10892] RELIFE TIJERA CORTE RL-102A RELIFE        : Costo=2964 R=4347 -> Venta=4500 [ok]
[395/10892] MARVO PARLANTE LINEA SCORPION SG-132 MAR  : Costo=28380 R=41478 -> Venta=34100 [ok]
[396/10892] MARVO MOUSE M726W MARVO NEGRO             : Costo=16815 R=24696 -> Venta=21000 [ok]
[397/10892] MARVO SET OFFICE WS009 MARVO BLANCO       : Costo=9594 R=14091 -> Venta=12600 [ok]
[398/10892] MARVO MOUSE OFFICE WM106 MARVO NEGRO      : Costo=5696 R=8137 -> Venta=8700 [ok]
[399/10892] MARVO SET OFFICE WS005 MARVO BLANCO       : Costo=7085 R=10405 -> Venta=10100 [ok]
[400/10892] MARVO SET OFFICE WS005 MARVO NEGRO        : Costo=6472 R=9459 -> Venta=9500 [ok]
[401/10892] MARVO MOUSE OFFICE WM105D MARVO BLANCO    : Costo=4286 R=6123 -> Venta=5800 [ok]
[402/10892] MARVO MOUSE OFFICE WM104 MARVO NEGRO      : Costo=2482 R=3627 -> Venta=4000 [ok]
[403/10892] UGREEN RECEPTOR BLUETOOTH PARA CARRO USB  : Costo=6230 R=8760 -> Venta=9200 [ok]
[404/10892] UGREEN CABLE DVI-D 24+1 MACHO A VGA MACH  : Costo=9491 R=13346 -> Venta=12500 [ok]
[405/10892] UGREEN CONMUTADOR 3 HDMI TIPO B A 1 HDMI  : Costo=8684 R=12406 -> Venta=11700 [ok]
[406/10892] UGREEN ADAPTADOR 3.5MM MACHO A 6.35MM HE  : Costo=1442 R=2060 -> Venta=2900 [ok]
[407/10892] UGREEN CABLE XLR MACHO A HEMBRA 3 PINES   : Costo=16052 R=22573 -> Venta=20100 [ok]
[408/10892] MONSTER SET MONSTER KM3 PRO BLANCO        : Costo=7996 R=11870 -> Venta=11000 [ok]
[409/10892] MARVO TECLADO LINEA PRO GAMING KG972W MA  : Costo=51459 R=75580 -> Venta=61800 [ok]
[410/10892] MARVO TECLADO LINEA PRO GAMING KG980B MA  : Costo=23547 R=34584 -> Venta=28500 [ok]
[411/10892] MARVO CONTROL LINEA SCORPION GT-90 MARVO  : Costo=12520 R=18298 -> Venta=15600 [ok]
[412/10892] MARVO PARLANTE LINEA SCORPION SG-272 MAR  : Costo=10850 R=15857 -> Venta=13900 [ok]
[413/10892] LENOVO PARLANTE TS32-B LENOVO NEGRO       : Costo=9723 R=14209 -> Venta=12700 [ok]
[414/10892] LENOVO PARLANTE TS33-B LENOVO             : Costo=8731 R=12760 -> Venta=11700 [ok]
[415/10892] LENOVO PARLANTE BLUETOOTH K3 PLUS LENOVO  : Costo=4534 R=6626 -> Venta=6000 [ok]
[416/10892] LENOVO PARLANTE BLUETOOTH L01 LENOVO BLA  : Costo=5891 R=8609 -> Venta=8900 [ok]
[417/10892] LENOVO PARLANTE BLUETOOTH L022 LENOVO NE  : Costo=15954 R=23317 -> Venta=19900 [ok]
[418/10892] LENOVO PARLANTE BLUETOOTH L022 ESTANDAR   : Costo=11870 R=17348 -> Venta=14900 [ok]
[419/10892] LENOVO PARLANTE BLUETOOTH TS13 LENOVO NE  : Costo=10967 R=16279 -> Venta=14000 [ok]
[420/10892] LENOVO PARLANTE BLUETOOTH K8 LENOVO NEGR  : Costo=25043 R=36601 -> Venta=30100 [ok]
[421/10892] LENOVO AUDIFONO MANOS LIBRES TH40 ANC LE  : Costo=31336 R=44766 -> Venta=37600 [ok]
[422/10892] LENOVO AUDIFONO MANOS LIBRES TH10 LENOVO  : Costo=11143 R=15919 -> Venta=14100 [ok]
[423/10892] LENOVO AUDIFONO MANOS LIBRES G80A LENOVO  : Costo=11595 R=16564 -> Venta=14600 [ok]
[424/10892] LENOVO AUDIFONO MANOS LIBRES G20B LENOVO  : Costo=12308 R=17583 -> Venta=15400 [ok]
[425/10892] LENOVO AUDIFONO MANOS LIBRES G20A LENOVO  : Costo=11052 R=15788 -> Venta=14100 [ok]
[426/10892] ONTEN TARJETA DE CAPTURA USB TIPO C A HD  : Costo=5992 R=9416 -> Venta=9000 [ok]
[427/10892] ONTEN CABLE HDMI TIPO A MACHO A MACHO OT  : Costo=19644 R=29159 -> Venta=24600 [ok]
[428/10892] MARVO CAMISA MARCA MARVO XL               : Costo=5381 R=7865 -> Venta=8400 [ok]
[429/10892] RELIFE TIJERA CORTE RL-102 RELIFE         : Costo=784 R=1216 -> Venta=2300 [ok]
[430/10892] MARVO TECLADO LINEA SCORPION KG916 MARVO  : Costo=24899 R=35569 -> Venta=29900 [ok]
[431/10892] MARVO PARLANTE LINEA SCORPION SG-100 MAR  : Costo=21597 R=31565 -> Venta=26600 [ok]
[432/10892] MARVO CARCASA Z FIT FIT PRO G1 MARVO TRA  : Costo=3016 R=4429 -> Venta=4500 [ok]
[433/10892] MARVO MOUSE ALAMBRICO Z FIT PRO G1W MARV  : Costo=36680 R=53873 -> Venta=44000 [ok]
[434/10892] MARVO MOUSE PRO M791W MARVO               : Costo=22582 R=32260 -> Venta=27600 [ok]
[435/10892] MARVO SET LINEA SCORPION CM112 MARVO      : Costo=15724 R=23094 -> Venta=19700 [ok]
[436/10892] MARVO SET LINEA SCORPION KM602 MARVO      : Costo=10948 R=16080 -> Venta=13900 [ok]
[437/10892] MARVO SET LINEA SCORPION CM118 MARVO      : Costo=17858 R=26229 -> Venta=22300 [ok]
[438/10892] MARVO SET LINEA SCORPION M112 + G46 MARV  : Costo=4851 R=7124 -> Venta=6400 [ok]
[439/10892] MARVO SET LINEA SCORPION CM606 MARVO      : Costo=14003 R=20567 -> Venta=17500 [ok]
[440/10892] MARVO SET LINEA SCORPION CM602 MARVO      : Costo=19181 R=28171 -> Venta=24000 [ok]
[441/10892] MARVO CONTROL LINEA SCORPION GT-52 MARVO  : Costo=19329 R=28250 -> Venta=24200 [ok]
[442/10892] MARVO MOUSE ALAMBRICO PRO W1 SUNSPOT MAR  : Costo=17684 R=26665 -> Venta=22100 [ok]
[443/10892] MARVO TECLADO LINEA PRO GAMING KG880 MAR  : Costo=13103 R=19757 -> Venta=16400 [ok]
[444/10892] MARVO SET LINEA PRO GAMING KW516 MARVO    : Costo=21258 R=31222 -> Venta=26300 [ok]
[445/10892] MARVO AUDIFONO LINEA SCORPION HG9088W BL  : Costo=27736 R=41821 -> Venta=33300 [ok]
[446/10892] LENOVO MOUSE M103 LENOVO NEGRO            : Costo=5274 R=7534 -> Venta=8300 [ok]
[447/10892] LENOVO MOUSE MS101 LENOVO NEGRO           : Costo=4136 R=5908 -> Venta=5600 [ok]
[448/10892] MARVO TECLADO LINEA PRO GAMING KG962WH M  : Costo=18624 R=28081 -> Venta=23300 [ok]
[449/10892] MARVO TECLADO LINEA PRO GAMING KG962W MA  : Costo=19230 R=28995 -> Venta=24000 [ok]
[450/10892] MARVO MOUSE ALAMBRICO Z FIT LITE G1 MARV  : Costo=16827 R=24714 -> Venta=21000 [ok]
[451/10892] MARVO MOUSE ALAMBRICO PRO G944 SUNSPOT M  : Costo=11561 R=17432 -> Venta=14600 [ok]
[452/10892] MARVO SET LINEA PRO GAMING CM373 MARVO S  : Costo=30670 R=46245 -> Venta=36800 [ok]
[453/10892] MARVO TECLADO LINEA PRO GAMING KG948 MAR  : Costo=33002 R=49762 -> Venta=39600 [ok]
[454/10892] MARVO TECLADO LINEA PRO GAMING KG945 MAR  : Costo=32164 R=48498 -> Venta=38600 [ok]
[455/10892] MARVO TECLADO LINEA PRO GAMING KG946 MAR  : Costo=28752 R=43352 -> Venta=34500 [ok]
[456/10892] MARVO TECLADO LINEA PRO GAMING KG934 MAR  : Costo=29667 R=44733 -> Venta=35600 [ok]
[457/10892] MARVO TECLADO LINEA PRO GAMING KG947 MAR  : Costo=23118 R=34858 -> Venta=28100 [ok]
[458/10892] UGREEN CABLE USB A DB9 RS-232 MACHO CR10  : Costo=5846 R=8677 -> Venta=8800 [ok]
[459/10892] UGREEN EXTENCION RJ45 HEMBRA NW116 30837  : Costo=2166 R=3046 -> Venta=3700 [ok]
[460/10892] UGREEN CABLE DISPLAY PORT DP102 10212 UG  : Costo=6006 R=8445 -> Venta=9000 [ok]
[461/10892] UGREEN CABLE DISPLAY PORT A HDMI TIPO B   : Costo=7893 R=11100 -> Venta=10900 [ok]
[462/10892] UGREEN CONMUTADOR KVM VGA 1 MACHO 2 HEMB  : Costo=9508 R=13371 -> Venta=12500 [ok]
[463/10892] UGREEN CONMUTADOR VGA 1 MACHO 2 HEMBRA M  : Costo=8299 R=11670 -> Venta=11300 [ok]
[464/10892] UGREEN CABLE VGA MACHO A MACHO VG101 116  : Costo=2657 R=3796 -> Venta=4200 [ok]
[465/10892] UGREEN CABLE DVI A MACHO A HDMI HEMBRA 2  : Costo=2168 R=3097 -> Venta=3700 [ok]
[466/10892] UGREEN CABLE HDMI TIPO A MACHO A DVI 24+  : Costo=2573 R=3819 -> Venta=4100 [ok]
[467/10892] UGREEN CABLE HDMI TIPO A MACHO A MACHO H  : Costo=2354 R=3310 -> Venta=3900 [ok]
[468/10892] UGREEN CABLE HDMI TIPO A MACHO A MACHO H  : Costo=36059 R=50708 -> Venta=43300 [ok]
[469/10892] UGREEN CABLE HDMI TIPO A MACHO A MACHO H  : Costo=8250 R=11786 -> Venta=11300 [ok]
[470/10892] UGREEN ADAPTADOR 6.35MM MACHO A RCA HEMB  : Costo=1517 R=2133 -> Venta=3000 [ok]
[471/10892] UGREEN CONECTOR XLR HEMBRA AV162 80440 U  : Costo=985 R=1385 -> Venta=2500 [ok]
[472/10892] UGREEN CABLE XLR MACHO A HEMBRA 3 PINES   : Costo=7867 R=11239 -> Venta=10900 [ok]
[473/10892] UGREEN CABLE XLR MACHO A HEMBRA 3 PINES   : Costo=3613 R=5364 -> Venta=5100 [ok]
[474/10892] UGREEN CABLE SATA 3 US217 30796 UGREEN 0  : Costo=859 R=1228 -> Venta=2400 [ok]
[475/10892] UGREEN CABLE USB TIPO C A SATA CM321 706  : Costo=5624 R=7908 -> Venta=8600 [ok]
[476/10892] UGREEN CABLE USB TIPO A A SATA CM321 706  : Costo=4979 R=7001 -> Venta=6500 [ok]
[477/10892] UGREEN CABLE USB TIPO A 2.0 A USB TIPO B  : Costo=1884 R=2691 -> Venta=3400 [ok]
[478/10892] UGREEN EXTENCION USB TIPO A 2.0 MACHO A   : Costo=1922 R=2746 -> Venta=3400 [ok]
[479/10892] UGREEN EXTENCION USB TIPO A 2.0 MACHO US  : Costo=1501 R=2111 -> Venta=3000 [ok]
[480/10892] UGREEN EXTENCION USB TIPO A 2.0 MACHO US  : Costo=852 R=1217 -> Venta=2400 [ok]
[481/10892] UGREEN EXTENCION USB TIPO A 2.0 MACHO US  : Costo=589 R=841 -> Venta=2100 [ok]
[482/10892] UGREEN CABLE USB TIPO A MACHO A USB MINI  : Costo=1619 R=2312 -> Venta=3100 [ok]
[483/10892] UGREEN CABLE USB TIPO A MACHO A USB MINI  : Costo=1077 R=1538 -> Venta=2600 [ok]
[484/10892] UGREEN CABLE USB TIPO A MACHO A USB MINI  : Costo=956 R=1419 -> Venta=2500 [ok]
[485/10892] UGREEN HUB USB TIPO A 2.0 CON SWITCH US2  : Costo=7440 R=11044 -> Venta=10400 [ok]
[486/10892] MARVO MOUSE PAD LINEA PRO GAMING GRAVITY  : Costo=7624 R=11495 -> Venta=10600 [ok]
[487/10892] MARVO MOUSE PAD LINEA PRO GAMING GRAVITY  : Costo=13360 R=20144 -> Venta=16700 [ok]
[488/10892] MARVO MOUSE PAD LINEA SCORPION GRAVITY G  : Costo=5864 R=8842 -> Venta=8900 [ok]
[489/10892] MARVO CONTROL LINEA SCORPION GT-84 MARVO  : Costo=12612 R=18432 -> Venta=15800 [ok]
[490/10892] MARVO SET LINEA SCORPION CM370 SP MARVO   : Costo=20983 R=30666 -> Venta=26000 [ok]
[491/10892] YOOKIE TECLADO YE07 YOOKIE                : Costo=5699 R=11037 -> Venta=8700 [ok]
[492/10892] ONTEN CABLE ADAPTADOR USB TIPO C A PD HD  : Costo=4763 R=7070 -> Venta=6300 [ok]
[493/10892] Remax DIFUSOR DE AROMA CON NUMERADOR RT-  : Costo=10515 R=15608 -> Venta=13500 [ok]
[494/10892] UGREEN CABLE USB TIPO C A USB TIPO B IMP  : Costo=2043 R=2919 -> Venta=3500 [ok]
[495/10892] UGREEN EXTENCION RJ45 CAT7 HEMBRA NW116   : Costo=2234 R=3142 -> Venta=3700 [ok]
[496/10892] UGREEN CABLE UTP CAT6 F RJ45 MACHO A HEM  : Costo=2602 R=3863 -> Venta=4100 [ok]
[497/10892] UGREEN CABLE MINI DISPLAY PORT MACHO A D  : Costo=3355 R=4718 -> Venta=4900 [ok]
[498/10892] UGREEN CABLE DISPLAY PORT MACHO A VGA MA  : Costo=9553 R=13434 -> Venta=12600 [ok]
[499/10892] UGREEN SPLITTER VGA 1 MACHO 2 HEMBRA 209  : Costo=6847 R=9628 -> Venta=9800 [ok]
[500/10892] UGREEN CABLE VGA A VGA MACHO VG101 11673  : Costo=2408 R=3440 -> Venta=3900 [ok]
[501/10892] UGREEN CONVERTIDOR DVI 24+5 MACHO A VGA   : Costo=1695 R=2383 -> Venta=3200 [ok]
[502/10892] UGREEN ADAPTADOR DVI-D 24+1 MACHO A HDMI  : Costo=1263 R=1805 -> Venta=2800 [ok]
[503/10892] UGREEN ADAPTADOR HDMI TIPO A MACHO A DVI  : Costo=1922 R=2702 -> Venta=3400 [ok]
[504/10892] UGREEN CABLE HDMI TIPO D MICRO MACHO A H  : Costo=2294 R=3225 -> Venta=3800 [ok]
[505/10892] UGREEN CABLE MINI HDMI MACHO A HDMI TIPO  : Costo=1979 R=2828 -> Venta=3500 [ok]
[506/10892] UGREEN CABLE DVI-D 24+1 MACHO A VGA HEMB  : Costo=7936 R=11159 -> Venta=10900 [ok]
[507/10892] UGREEN CABLE USB TIPO A 2.0 A 3.5MM AUDI  : Costo=7536 R=10597 -> Venta=10500 [ok]
[508/10892] UGREEN CABLE DISPLAY PORT MACHO A DVI 24  : Costo=6649 R=9350 -> Venta=9600 [ok]
[509/10892] UGREEN CABLE DISPLAY PORT MACHO A DVI MA  : Costo=5831 R=8200 -> Venta=8800 [ok]
[510/10892] UGREEN EXTENCION USB TIPO A 2.0 MACHO DA  : Costo=14858 R=20893 -> Venta=18600 [ok]
[511/10892] UGREEN EXTENCION USB TIPO A HEMBRA 20119  : Costo=1411 R=2015 -> Venta=2900 [ok]
[512/10892] UGREEN CABLE USB TIPO C MACHO A MINI DIS  : Costo=11652 R=16385 -> Venta=14700 [ok]
[513/10892] UGREEN CABLE USB TIPO C A USB TIPO B IMP  : Costo=1979 R=2828 -> Venta=3500 [ok]
[514/10892] UGREEN CABLE USB TIPO C A USB MINI B V3   : Costo=3376 R=5011 -> Venta=4900 [ok]
[515/10892] UGREEN CABLE USB TIPO C A USB MINI B V3   : Costo=2541 R=3772 -> Venta=4000 [ok]
[516/10892] UGREEN CABLE USB TIPO C MACHO A USB TIPO  : Costo=6669 R=9899 -> Venta=9700 [ok]
[517/10892] UGREEN CABLE USB TIPO A MACHO A 3.5MM HE  : Costo=8171 R=11490 -> Venta=11200 [ok]
[518/10892] UGREEN CABLE MINI DISPLAY PORT MACHO A V  : Costo=11783 R=16570 -> Venta=14800 [ok]
[519/10892] UGREEN CABLE DISPLAY PORT MACHO A VGA HE  : Costo=4330 R=6185 -> Venta=5800 [ok]
[520/10892] UGREEN CABLE DVI 24+1 DV101 11606 UGREEN  : Costo=4190 R=5892 -> Venta=5700 [ok]
[521/10892] UGREEN CABLE USB TIPO A MACHO A 3.5MM US  : Costo=3472 R=4960 -> Venta=5000 [ok]
[522/10892] UGREEN CABLE USB TIPO C MACHO A HDMI TIP  : Costo=11342 R=16203 -> Venta=14300 [ok]
[523/10892] UGREEN CABLE USB TIPO C MACHO A HDMI TIP  : Costo=14107 R=19838 -> Venta=17600 [ok]
[524/10892] UGREEN CABLE DISPLAY PORT MACHO A HDMI T  : Costo=5023 R=7176 -> Venta=8000 [ok]
[525/10892] UGREEN CABLE USB TIPO C MACHO A DISPLAY   : Costo=13679 R=19235 -> Venta=17100 [ok]
[526/10892] UGREEN CABLE USB TIPO C MACHO A DISPLAY   : Costo=12506 R=17586 -> Venta=15600 [ok]
[527/10892] UGREEN ADAPTADOR 6.35MM MACHO A 3.5MM HE  : Costo=757 R=1081 -> Venta=2300 [ok]
[528/10892] UGREEN CABLE XLR MACHO A HEMBRA 3 PINES   : Costo=2327 R=3324 -> Venta=3800 [ok]
[529/10892] UGREEN RECEPTOR BLUETOOTH 3.5MM 2RCA HEM  : Costo=12214 R=17448 -> Venta=15300 [ok]
[530/10892] UGREEN CABLE USB TIPO A 2.0 A USB TIPO B  : Costo=1266 R=1808 -> Venta=2800 [ok]
[531/10892] UGREEN EXTENCION USB TIPO A 2.0 MACHO A   : Costo=5990 R=8892 -> Venta=9000 [ok]
[532/10892] UGREEN EXTENCION USB TIPO A 2.0 MACHO A   : Costo=1169 R=1644 -> Venta=2700 [ok]
[533/10892] UGREEN EXTENCION USB TIPO A 2.0 MACHO A   : Costo=782 R=1116 -> Venta=2300 [ok]
[534/10892] UGREEN EXTENCION USB TIPO A 2.0 MACHO US  : Costo=970 R=1385 -> Venta=2500 [ok]
[535/10892] UGREEN EXTENCION USB TIPO A 2.0 MACHO US  : Costo=749 R=1053 -> Venta=2200 [ok]
[536/10892] UGREEN ADAPTADOR USB TIPO A 3.0 A TIPO C  : Costo=2573 R=3676 -> Venta=4100 [ok]
[537/10892] UGREEN CABLE USB TIPO C A DISPLAY PORT M  : Costo=13667 R=19219 -> Venta=17100 [ok]
[538/10892] MARVO MOUSE LINEA SCORPION M730W MARVO    : Costo=13657 R=19510 -> Venta=17100 [ok]
[539/10892] ONTEN ADAPTADOR VGA MACHO A AUDIO 3.5MM   : Costo=11382 R=16895 -> Venta=14400 [ok]
[540/10892] ONTEN ADAPTADOR USB TIPO C A HDMI USB TI  : Costo=5315 R=7890 -> Venta=8300 [ok]
[541/10892] ONTEN CABLE ADAPTADOR LIGHTHING A VGA 3.  : Costo=11582 R=17192 -> Venta=14600 [ok]
[542/10892] ONTEN HUB USB TIPO A CON SWITH OTN-5301   : Costo=5634 R=8363 -> Venta=8600 [ok]
[543/10892] ONTEN LECTOR MEMORIA USB TIPO C OTN-9601  : Costo=8674 R=12876 -> Venta=11700 [ok]
[544/10892] ONTEN CABLE ADAPTADOR HDMI MACHO A HDMI   : Costo=6602 R=9800 -> Venta=9600 [ok]
[545/10892] ONTEN CABLE ADAPTADOR VGA MACHO A HDMI V  : Costo=3521 R=5226 -> Venta=5000 [ok]
[546/10892] ONTEN CABLE DISPLAY PORT A DVI-I 24+1 A   : Costo=3160 R=4690 -> Venta=4700 [ok]
[547/10892] ONTEN CABLE VGA A VGA 3.0M OTN-C7601 ONT  : Costo=3362 R=4990 -> Venta=4900 [ok]
[548/10892] ONTEN EXTENCION CABLE USB TIPO C MACHO A  : Costo=1062 R=2073 -> Venta=2600 [ok]
[549/10892] ONTEN CABLE ADAPTADOR HDMI HEMBRA A VGA   : Costo=3858 R=5727 -> Venta=5400 [ok]
[550/10892] ONTEN ADAPTADOR USB TIPO C A RJ45 OTN-UC  : Costo=14199 R=21077 -> Venta=17700 [ok]
[551/10892] ONTEN CABLE USB TIPO C AUDIO Y VIDEO DUA  : Costo=19417 R=28822 -> Venta=24300 [ok]
[552/10892] ONTEN CONMUTADOR AUDIO 3 EN 1 FIBRA OPTI  : Costo=12532 R=18602 -> Venta=15700 [ok]
[553/10892] ONTEN CONVERTIDOR USB TIPO C A DUAL HDMI  : Costo=9967 R=15662 -> Venta=13000 [ok]
[554/10892] ONTEN CABLE HDMI A VGA OTN-5173D ONTEN 5  : Costo=8912 R=13228 -> Venta=11900 [ok]
[555/10892] AMAZON DISPOSITIVO STREAMING FIRE TV STI  : Costo=19403 R=21934 -> Venta=24300 [ok]
[556/10892] MARVO CONTROL LINEA SCORPION GT-80 MARVO  : Costo=25223 R=36864 -> Venta=30300 [ok]
[557/10892] MARVO VENTILADOR LINEA SCORPION FN-41 MA  : Costo=12842 R=19363 -> Venta=16100 [ok]
[558/10892] MARVO TECLADO LINEA SCORPION K660 MARVO   : Costo=11696 R=17635 -> Venta=14700 [ok]
[559/10892] MARVO TECLADO LINEA SCORPION K635 MARVO   : Costo=10955 R=16519 -> Venta=14000 [ok]
[560/10892] MARVO MOUSE LINEA SCORPION M728W MARVO    : Costo=13904 R=19862 -> Venta=17400 [ok]
[561/10892] MARVO AUDIFONO LINEA SCORPION HG8958 MAR  : Costo=9666 R=13808 -> Venta=12700 [ok]
[562/10892] MARVO SET LINEA SCORPION CM310 MARVO BLA  : Costo=18465 R=27842 -> Venta=23100 [ok]
[563/10892] MARVO ESTANTE EXHIBIDOR AUDIFONO HZ-04 M  : Costo=14296 R=20252 -> Venta=17900 [ok]
[564/10892] MARVO PARLANTE LINEA SCORPION SG-235 MAR  : Costo=14124 R=20177 -> Venta=17700 [ok]
[565/10892] MARVO PARLANTE LINEA SCORPION SG-280 MAR  : Costo=18648 R=26640 -> Venta=23300 [ok]
[566/10892] MARVO SET LINEA SCORPION CM310 MARVO NEG  : Costo=18465 R=27842 -> Venta=23100 [ok]
[567/10892] MARVO MOUSE LINEA SCORPION M729W MARVO    : Costo=14664 R=20948 -> Venta=18300 [ok]
[568/10892] HP AUDIFONO MANOS LIBRES DHE-8009 HP NEG  : Costo=19262 R=28152 -> Venta=24100 [ok]
[569/10892] MARVO MOUSE PAD LINEA SCORPION MG011 MAR  : Costo=12924 R=18889 -> Venta=16200 [ok]
[570/10892] MARVO TECLADO LINEA SCORPION K607 MARVO   : Costo=11436 R=17244 -> Venta=14400 [ok]
[571/10892] LENOVO PARLANTE L101 LENOVO NEGRO         : Costo=16964 R=23749 -> Venta=21200 [ok]
[572/10892] LENOVO MOUSE M105 LENOVO NEGRO            : Costo=7060 R=10086 -> Venta=10100 [ok]
[573/10892] LENOVO AUDIFONO MANOS LIBRES H402 LENOVO  : Costo=20468 R=29240 -> Venta=25500 [ok]
[574/10892] LENOVO AUDIFONO MANOS LIBRES HU85 LENOVO  : Costo=11923 R=18630 -> Venta=14900 [ok]
[575/10892] MARVO PARLANTE LINEA SCORPION SG-269 MAR  : Costo=15645 R=22350 -> Venta=19600 [ok]
[576/10892] MARVO MICROFONO LINEA SCORPION PARA PC M  : Costo=14524 R=20748 -> Venta=18200 [ok]
[577/10892] MARVO TECLADO DA DKB002 MARVO             : Costo=3908 R=3908 -> Venta=5400 [ok]
[578/10892] MARVO VENTILADOR LINEA SCORPION FN-31 MA  : Costo=14520 R=20743 -> Venta=18200 [ok]
[579/10892] MARVO AUDIFONO LINEA SCORPION HG9013 MAR  : Costo=19217 R=27453 -> Venta=24000 [ok]
[580/10892] MARVO MOUSE PAD LINEA SCORPION G31 MARVO  : Costo=3514 R=5019 -> Venta=5000 [ok]
[581/10892] PG ADAPTADOR HDTV HDMI HEMBRA A VGA MACH  : Costo=1202 R=1873 -> Venta=2700 [ok]
[582/10892] AMELY ADAPTADOR MINI DISPLAY PORT A VGA   : Costo=2202 R=3082 -> Venta=3700 [ok]
[583/10892] MARVO MOUSE PAD LINEA SCORPION G39 MARVO  : Costo=5956 R=8705 -> Venta=9000 [ok]
[584/10892] MARVO MOUSE ALAMBRICO GAMER SCORPION G96  : Costo=16000 R=23384 -> Venta=20000 [ok]
[585/10892] MARVO MOUSE ALAMBRICO GAMER SCORPION G94  : Costo=13376 R=19549 -> Venta=16700 [ok]
[586/10892] MARVO MOUSE ALAMBRICO GAMER SCORPION G98  : Costo=11321 R=16546 -> Venta=14300 [ok]
[587/10892] MARVO MOUSE ALAMBRICO GAMER SCORPION G94  : Costo=11821 R=17277 -> Venta=14800 [ok]
[588/10892] MARVO MOUSE ALAMBRICO GAMER SCORPION M51  : Costo=9307 R=13602 -> Venta=12300 [ok]
[589/10892] MARVO MOUSE ALAMBRICO GAMER SCORPION M35  : Costo=7270 R=10625 -> Venta=10300 [ok]
[590/10892] MARVO MOUSE ALAMBRICO GAMER SCORPION M11  : Costo=5065 R=7638 -> Venta=8100 [ok]
[591/10892] MARVO SET LINEA SCORPION CM370 MARVO ROS  : Costo=20983 R=30667 -> Venta=26000 [ok]
[592/10892] HP AUDIFONO MANOS LIBRES DHH-1205 HP NEG  : Costo=10695 R=15708 -> Venta=13700 [ok]
[593/10892] HP AUDIFONO MANOS LIBRES DHE-8004         : Costo=24146 R=35289 -> Venta=29100 [ok]
[594/10892] HP AUDIFONO MANOS LIBRES DHE-8001 HP      : Costo=12247 R=17898 -> Venta=15300 [ok]
[595/10892] HP AUDIFONO MANOS LIBRES DHE-8003         : Costo=25468 R=37222 -> Venta=30600 [ok]
[596/10892] HP AUDIFONO MANOS LIBRES DHE-8002 HP      : Costo=13569 R=19831 -> Venta=17000 [ok]
[597/10892] MARVO TECLADO LINEA SCORPION K606 MARVO   : Costo=10284 R=15506 -> Venta=13300 [ok]
[598/10892] MARVO SET LINEA SCORPION CM409 MARVO SP   : Costo=23592 R=33849 -> Venta=28600 [ok]
[599/10892] HP CABLE RED CON CONECTOR RJ45 DHC-CAT8   : Costo=4136 R=6044 -> Venta=5600 [ok]
[600/10892] HP CABLE RED CON CONECTOR RJ45 DHC-CAT7   : Costo=2796 R=4086 -> Venta=4300 [ok]
[601/10892] HP CABLE RED CON CONECTOR RJ45 DHC-CAT7   : Costo=2338 R=3417 -> Venta=3800 [ok]
[602/10892] HP CABLE RED CON CONECTOR RJ45 DHC-CAT6   : Costo=2497 R=3649 -> Venta=4000 [ok]
[603/10892] HP CABLE RED CON CONECTOR RJ45 DHC-CAT6   : Costo=1457 R=2129 -> Venta=3000 [ok]
[604/10892] HP ADAPTADOR HDMI TIPO B A VGA HEMBRA DH  : Costo=6310 R=8947 -> Venta=9300 [ok]
[605/10892] HP HUB USB TIPO C A HDMI HEMBRA USB *2 S  : Costo=23603 R=35036 -> Venta=28600 [ok]
[606/10892] HP ADAPTADOR USB TIPO C A HDMI HEMBRA DH  : Costo=10104 R=16136 -> Venta=13100 [ok]
[607/10892] HP ADAPTADOR USB TIPO C A VGA HEMBRA DHC  : Costo=9085 R=14508 -> Venta=12100 [ok]
[608/10892] HP ADAPTADOR USB TIPO C A HDMI VGA DP DH  : Costo=26922 R=42995 -> Venta=32300 [ok]
[609/10892] HP ADAPTADOR USB A RJ45 HEMBRA DHC-CY101  : Costo=11108 R=15750 -> Venta=14100 [ok]
[610/10892] HP AUDIFONO MANOS LIBRES HP DHE-8011UM N  : Costo=11001 R=15599 -> Venta=14000 [ok]
[611/10892] HP AUDIFONO MANOS LIBRES HP DHE-8010 NEG  : Costo=9872 R=15766 -> Venta=12900 [ok]
[612/10892] HP AUDIFONO MANOS LIBRES HP DHE-8006 NEG  : Costo=37503 R=59892 -> Venta=45000 [ok]
[613/10892] HP AUDIFONO MANOS LIBRES HP DHE-8005 NEG  : Costo=24762 R=39544 -> Venta=29800 [ok]
[614/10892] HP PARLANTE SPEAKER HP DHS-2111 NEGRO     : Costo=6093 R=15043 -> Venta=9100 [ok]
[615/10892] HP PARLANTE SPEAKER HP DHE-6002 NEGRO     : Costo=15815 R=39046 -> Venta=19800 [ok]
[616/10892] HP AUDIFONO MANOS LIBRES HP DHE-7004 ROJ  : Costo=8160 R=13031 -> Venta=11200 [ok]
[617/10892] HP AUDIFONO MANOS LIBRES HP DHE-7003 NEG  : Costo=8148 R=13012 -> Venta=11100 [ok]
[618/10892] HP AUDIFONO MANOS LIBRES HP DHE-7002 NEG  : Costo=6819 R=10890 -> Venta=9800 [ok]
[619/10892] MARVO MOUSE PAD LINEA PRO GAMING G46 MAR  : Costo=2770 R=3957 -> Venta=4300 [ok]
[620/10892] MARVO SET LINEA SCORPION MH09 MARVO NEGR  : Costo=21982 R=31402 -> Venta=27000 [ok]
[621/10892] MARVO MOUSE LINEA SCORPION M399 MARVO NE  : Costo=9181 R=13116 -> Venta=12200 [ok]
[622/10892] MARVO AUDIFONO LINEA SCORPION HG8936 MAR  : Costo=12320 R=17600 -> Venta=15400 [ok]
[623/10892] MARVO AUDIFONO LINEA SCORPION HG8935 MAR  : Costo=9705 R=14050 -> Venta=12700 [ok]
[624/10892] SUNSHINE ALICATE SS-110 SUNSHINE          : Costo=2567 R=3970 -> Venta=4100 [ok]
[625/10892] RELIFE ALICATE RL-0001 RELIFE             : Costo=1681 R=3283 -> Venta=3200 [ok]
[626/10892] MARVO ESCRITORIO GAMER DE-05 MARVO        : Costo=112895 R=170225 -> Venta=129800 [ok]
[627/10892] MARVO AUDIFONO LINEA SCORPION HG8932 MAR  : Costo=14087 R=19739 -> Venta=17600 [ok]
[628/10892] ONTEN CABLE HDMI TIPO A MACHO A MACHO OT  : Costo=8724 R=12950 -> Venta=11700 [ok]
[629/10892] ONTEN CABLE ADAPTADOR USB TIPO C A HDMI   : Costo=3659 R=5750 -> Venta=5200 [ok]
[630/10892] MARVO WEBCAM MPC01 MARVO                  : Costo=10969 R=15604 -> Venta=14000 [ok]
[631/10892] MARVO PARLANTE BLUETOOTH DA DM0022 MARVO  : Costo=8222 R=12204 -> Venta=11200 [ok]
[632/10892] MARVO CONTROL LINEA SCORPION GT-64 MARVO  : Costo=22047 R=32221 -> Venta=27000 [ok]
[633/10892] MARVO SET LINEA SCORPION M355 MOUSE PAD   : Costo=7983 R=11404 -> Venta=11000 [ok]
[634/10892] MARVO MOUSE PAD LINEA PRO GAMING G45 MAR  : Costo=13360 R=20144 -> Venta=16700 [ok]
[635/10892] MARVO MOUSE PAD LINEA SCORPION G36 MARVO  : Costo=6532 R=9331 -> Venta=9500 [ok]
[636/10892] MARVO MOUSE PAD LINEA SCORPION G35 MARVO  : Costo=6532 R=9331 -> Venta=9500 [ok]
[637/10892] MARVO TECLADO LINEA SCORPION KG916 MARVO  : Costo=24899 R=35569 -> Venta=29900 [ok]
[638/10892] MARVO MOUSE PAD LINEA SCORPION G37 MARVO  : Costo=6532 R=9331 -> Venta=9500 [ok]
[639/10892] MARVO TECLADO LINEA SCORPION KG917 MARVO  : Costo=12318 R=17635 -> Venta=15400 [ok]
[640/10892] MARVO PARLANTE LINEA SCORPION SG-290BT M  : Costo=44627 R=67290 -> Venta=53600 [ok]
[641/10892] ONTEN ADAPTADOR HUB CUBO CASA MAC PD 3.0  : Costo=13018 R=19324 -> Venta=16300 [ok]
[642/10892] ONTEN CABLE ADAPTADOR USB TIPO C A HDMI   : Costo=19247 R=28570 -> Venta=24100 [ok]
[643/10892] MARVO MOUSE DA DWM101 MARVO NEGRO         : Costo=3605 R=5150 -> Venta=5100 [ok]
[644/10892] ONTEN HUB USB TIPO A OTN-8102B ONTEN NEG  : Costo=4794 R=7116 -> Venta=6300 [ok]
[645/10892] ONTEN HUB USB TIPO A OTN-35210 ONTEN      : Costo=4816 R=7148 -> Venta=6300 [ok]
[646/10892] ONTEN ADAPTADOR WIFI A HDMI + LAN RJ45 O  : Costo=19217 R=28525 -> Venta=24000 [ok]
[647/10892] ONTEN SPLITTER 1 HDMI HEMBRA A 8 HDMI HE  : Costo=26566 R=39434 -> Venta=31900 [ok]
[648/10892] ONTEN ADAPTADOR USB 3.0 A LAN RJ45 HEMBR  : Costo=5252 R=8253 -> Venta=8300 [ok]
[649/10892] ONTEN HUB USB TIPO A OTN-5222 ONTEN       : Costo=4182 R=6572 -> Venta=5700 [ok]
[650/10892] MARVO SET LINEA SCORPION CM418 MARVO      : Costo=31585 R=47625 -> Venta=37900 [ok]
[651/10892] MARVO MICROFONO LINEA SCORPION PARA PC M  : Costo=32233 R=46047 -> Venta=38700 [ok]
[652/10892] MARVO VENTILADOR LINEA SCORPION FN-40 LU  : Costo=12178 R=17396 -> Venta=15200 [ok]
[653/10892] MARVO MOUSE LINEA SCORPION M209 MARVO     : Costo=6270 R=8957 -> Venta=9300 [ok]
[654/10892] MARVO AUDIFONO LINEA SCORPION HG8930 MAR  : Costo=16501 R=23573 -> Venta=20600 [ok]
[655/10892] MARVO MONITOR GAMER CURVO 32&quot; MV-32  : Costo=202449 R=305257 -> Venta=232800 [ok]
[656/10892] MARVO SILLA ESCRITORIO GAMER CH-114 MARV  : Costo=94291 R=111604 -> Venta=113100 [ok]
[657/10892] MARVO MICROFONO LINEA SCORPION PARA PC M  : Costo=9253 R=13219 -> Venta=12300 [ok]
[658/10892] MARVO AUDIFONO LINEA SCORPION HG8902 MAR  : Costo=14334 R=20306 -> Venta=17900 [ok]
[659/10892] MARVO MOUSE DA DMS002 MARVO ROJO          : Costo=2046 R=2923 -> Venta=3500 [ok]
[660/10892] MARVO SET DA DCM003 MARVO NEGRO           : Costo=9773 R=13962 -> Venta=12800 [ok]
[661/10892] MARVO MOUSE DA DMS001 MARVO AZUL          : Costo=2225 R=3164 -> Venta=3700 [ok]
[662/10892] MARVO AUDIFONO LINEA PROGAMING HG9053 MA  : Costo=36207 R=54594 -> Venta=43400 [ok]
[663/10892] MARVO MOUSE LINEA PRO GAMING G958G MARVO  : Costo=18442 R=27808 -> Venta=23100 [ok]
[664/10892] MARVO AUDIFONO LINEA SCORPION HG8909 MAR  : Costo=13406 R=18629 -> Venta=16800 [ok]
[665/10892] MARVO ESCRITORIO GAMER DE-03 CON LUZ MAR  : Costo=132142 R=185354 -> Venta=152000 [ok]
[666/10892] MARVO TECLADO LINEA PRO GAMING KG869 MAR  : Costo=20819 R=31391 -> Venta=25800 [ok]
[667/10892] ONTEN CABLE ADAPTADOR USB TIPO C A HDMI   : Costo=6972 R=10349 -> Venta=10000 [ok]
[668/10892] ONTEN HUB USB TIPO A OTN-8108 ONTEN       : Costo=9295 R=13797 -> Venta=12300 [ok]
[669/10892] ONTEN HUB USB TIPO A OTN-5223 ONTEN GRIS  : Costo=6954 R=10323 -> Venta=10000 [ok]
[670/10892] ONTEN ADAPTADOR HDMI A VGA AUDIO DC OTN-  : Costo=2002 R=2972 -> Venta=3500 [ok]
[671/10892] ONTEN CABLE ADAPTADOR MINI DISPLAY PORT   : Costo=11624 R=17254 -> Venta=14600 [ok]
[672/10892] ONTEN ADAPTADOR HDMI MINI DISPLAY PORT D  : Costo=9684 R=14374 -> Venta=12700 [ok]
[673/10892] MARVO ABRIGO JACKET MARVO L               : Costo=29962 R=45178 -> Venta=36000 [ok]
[674/10892] ONTEN CONVERTIDOR AV A HDMI OTN-7335C ON  : Costo=7238 R=10744 -> Venta=10200 [ok]
[675/10892] ONTEN CABLE ADAPTADOR USB 3.0 A HDMI OTN  : Costo=10642 R=15797 -> Venta=13600 [ok]
[676/10892] ONTEN ADAPTADOR USB TIPO A MACHO A VGA H  : Costo=10396 R=15432 -> Venta=13400 [ok]
[677/10892] ONTEN CABLE ADAPTADOR VGA A HDMI CON CAB  : Costo=5199 R=7717 -> Venta=8200 [ok]
[678/10892] ONTEN CABLE ADAPTADOR HDMI A VGA CON AUD  : Costo=1864 R=2767 -> Venta=3400 [ok]
[679/10892] ONTEN CABLE ADAPTADOR USB TIPO C A HDMI+  : Costo=10900 R=16180 -> Venta=13900 [ok]
[680/10892] ONTEN CABLE HDMI TIPO A MACHO A MACHO OT  : Costo=8790 R=13048 -> Venta=11800 [ok]
[681/10892] ONTEN CABLE ADAPTADOR VGA A HDMI AUDIO 3  : Costo=3422 R=5080 -> Venta=4900 [ok]
[682/10892] MARVO TECLADO LINEA PRO GAMING KG965G MA  : Costo=42550 R=64158 -> Venta=51100 [ok]
[683/10892] MARVO TECLADO LINEA PRO GAMING KG940 MAR  : Costo=36730 R=55381 -> Venta=44100 [ok]
[684/10892] MARVO MOUSE LINEA PRO GAMING G960 MARVO   : Costo=20199 R=30456 -> Venta=25200 [ok]
[685/10892] MARVO TECLADO LINEA SCORRPION K656 MARVO  : Costo=13049 R=19675 -> Venta=16300 [ok]
[686/10892] MARVO TECLADO LINEA SCORPION KG901 SP MA  : Costo=21240 R=30343 -> Venta=26200 [ok]
[687/10892] MARVO AUDIFONO LINEA SCORPION HG9018 MAR  : Costo=12821 R=18315 -> Venta=16000 [ok]
[688/10892] MARVO TECLADO LINEA SCORRPION K602 MARVO  : Costo=10038 R=15135 -> Venta=13000 [ok]
[689/10892] MARVO MOUSE LINEA SCORPION M513G MARVO    : Costo=6221 R=8888 -> Venta=9200 [ok]
[690/10892] MARVO SET LINEA SCORPION CM370 SP MARVO   : Costo=20155 R=30389 -> Venta=25200 [ok]
[691/10892] ONTEN CABLE ADAPTADOR TIPO C A DISPLAY P  : Costo=6905 R=10249 -> Venta=9900 [ok]
[692/10892] MARVO MOUSE LINEA SCORPION M355 MARVO     : Costo=5118 R=7311 -> Venta=8100 [ok]
[693/10892] MARVO PARLANTE LINEA SCORPION SG-118 MAR  : Costo=3938 R=5756 -> Venta=5400 [ok]
[694/10892] MARVO ESTANTE EXHIBIDOR AUDIFONO HH-02 M  : Costo=4521 R=6404 -> Venta=6000 [ok]
[695/10892] MARVO TECLADO LINEA SCORPION KG909 MARVO  : Costo=23195 R=34974 -> Venta=28200 [ok]
[696/10892] MARVO VENTILADOR LINEA SCORPION PARA CAS  : Costo=2633 R=3762 -> Venta=4100 [ok]
[697/10892] MARVO PARLANTE LINEA SCORPION SG-265 MAR  : Costo=11731 R=16455 -> Venta=14700 [ok]
[698/10892] MARVO MOUSE LINEA SCORPION M506 MARVO NE  : Costo=7698 R=11606 -> Venta=10700 [ok]
[699/10892] MARVO TECLADO LINEA SCORPION KG954G MARV  : Costo=41275 R=62236 -> Venta=49500 [ok]
[700/10892] MARVO AUDIFONO LINEA SCORPION HG8929 MAR  : Costo=12999 R=18570 -> Venta=16200 [ok]
[701/10892] PG CABLE ADAPTADOR EXTENCION HDMI HDTV T  : Costo=1181 R=1752 -> Venta=2700 [ok]
[702/10892] MARVO MOUSE PAD LINEA SCORPION MG010G MA  : Costo=12775 R=18250 -> Venta=16000 [ok]
[703/10892] MARVO MOUSE PAD LINEA SCORPION MG08G MAR  : Costo=8725 R=12214 -> Venta=11700 [ok]
[704/10892] MARVO AUDIFONO LINEA SCORPION HG8928 MAR  : Costo=14184 R=20263 -> Venta=17700 [ok]
[705/10892] MARVO SET LINEA SCORPION KM409 MARVO EN   : Costo=6980 R=10525 -> Venta=10000 [ok]
[706/10892] MARVO MOUSE LINEA SCORPION M207 MARVO     : Costo=5571 R=7958 -> Venta=8600 [ok]
[707/10892] MARVO TECLADO LINEA SCORPION K629G MARVO  : Costo=13743 R=19633 -> Venta=17200 [ok]
[708/10892] MARVO TECLADO LINEA SCORPION KG805 MARVO  : Costo=12347 R=18617 -> Venta=15400 [ok]
[709/10892] MARVO MOUSE LINEA SCORPION G954 MARVO     : Costo=13380 R=20174 -> Venta=16700 [ok]
[710/10892] MARVO MICROFONO LINEA SCORPION PARA PC M  : Costo=8087 R=12193 -> Venta=11100 [ok]
[711/10892] MARVO TECLADO LINEA SCORPION KG950 MARVO  : Costo=36110 R=54447 -> Venta=43300 [ok]
[712/10892] MARVO VENTILADOR LINEA SCORPION FN-38 MA  : Costo=15186 R=21694 -> Venta=19000 [ok]
[713/10892] MARVO AUDIFONO LINEA SCORPION HG9015 MAR  : Costo=26025 R=37178 -> Venta=31200 [ok]
[714/10892] MARVO MOUSE LINEA SCORPION G950 MARVO     : Costo=12347 R=18617 -> Venta=15400 [ok]
[715/10892] APPLE CARGADOR MACBOOK MAGSAFE 45W        : Costo=10385 R=20282 -> Venta=13400 [ok]
[716/10892] GENERICA CARGADOR LAPTOP HP 08V 4.74A ES  : Costo=8627 R=12806 -> Venta=11600 [ok]
[717/10892] GENERICA CARGADOR LAPTOP HP 18.5V 4.9A 7  : Costo=8627 R=12806 -> Venta=11600 [ok]
[718/10892] APPLE CARGADOR CUBO MACBOOK TIPO C 87W    : Costo=11767 R=23534 -> Venta=14800 [ok]
[719/10892] APPLE CARGADOR CUBO MACBOOK TIPO C 61W    : Costo=9599 R=19197 -> Venta=12600 [ok]
[720/10892] GENERICA CARGADOR CUBO MACBOOK TIPO C 35  : Costo=7350 R=14699 -> Venta=10400 [ok]
[721/10892] APPLE CARGADOR MACBOOK MAGSAFE 85W        : Costo=11446 R=22355 -> Venta=14400 [ok]
[722/10892] GENERICA CARGADOR LAPTOP HP 18.5V 3.5A 5  : Costo=8627 R=12806 -> Venta=11600 [ok]
[723/10892] GENERICA CARGADOR LAPTOP ACER 19V 2.1A E  : Costo=8627 R=12806 -> Venta=11600 [ok]
[724/10892] GENERICA CARGADOR LAPTOP ASUS 19V 2.1A (  : Costo=5137 R=6332 -> Venta=8100 [ok]
[725/10892] GENERICA CARGADOR LAPTOP SONY 16V 4A      : Costo=8627 R=12806 -> Venta=11600 [ok]
[726/10892] GENERICA CARGADOR LAPTOP TOSHIBA 19V 3.9  : Costo=5902 R=8853 -> Venta=8900 [ok]
[727/10892] GENERICA CARGADOR LAPTOP TOSHIBA 15V 5A   : Costo=8627 R=12806 -> Venta=11600 [ok]
[728/10892] GENERICA CARGADOR LAPTOP LENOVO 20V 4.5A  : Costo=7014 R=8646 -> Venta=10000 [ok]
[729/10892] GENERICA CARGADOR LAPTOP LENOVO 20V 3.25  : Costo=5603 R=8404 -> Venta=8600 [ok]
[730/10892] GENERICA CARGADOR LAPTOP HP 19V 4.74A (5  : Costo=5959 R=7344 -> Venta=9000 [ok]
[731/10892] GENERICA CARGADOR LAPTOP HP 18.5V 4.9A 5  : Costo=8627 R=12806 -> Venta=11600 [ok]
[732/10892] GENERICA CARGADOR LAPTOP HP 18.5 3.5A ES  : Costo=8627 R=12806 -> Venta=11600 [ok]
[733/10892] MARVO FUENTE DE ALIMENTACION PODER PR-00  : Costo=9247 R=13943 -> Venta=12200 [ok]
[734/10892] MARVO CASE LINEA SCORPION CA-212 MARVO    : Costo=61939 R=93392 -> Venta=74300 [ok]
[735/10892] MARVO TECLADO LINEA SCORPION KG860 MARVO  : Costo=15446 R=23290 -> Venta=19300 [ok]
[736/10892] MARVO TECLADO LINEA SCORPION K616A MARVO  : Costo=9143 R=13786 -> Venta=12100 [ok]
[737/10892] MARVO CONTROL LINEA SCORPION GT-016 MARV  : Costo=13003 R=19004 -> Venta=16300 [ok]
[738/10892] MARVO MOUSE LINEA SCORPION G914 MARVO     : Costo=13380 R=19861 -> Venta=16700 [ok]
[739/10892] MARVO MOUSE LINEA SCORPION G990 MARVO NE  : Costo=27844 R=41984 -> Venta=33400 [ok]
[740/10892] MARVO MOUSE LINEA SCORPION G938 MARVO NE  : Costo=12347 R=18617 -> Venta=15400 [ok]
[741/10892] MARVO MOUSE LINEA SCORPION M506 MARVO NE  : Costo=7698 R=11606 -> Venta=10700 [ok]
[742/10892] MARVO TECLADO LINEA SCORPION KG935G MARV  : Costo=28413 R=42841 -> Venta=34100 [ok]
[743/10892] MARVO TECLADO LINEA SCORPION KG922 MARVO  : Costo=25778 R=38868 -> Venta=30900 [ok]
[744/10892] MARVO TECLADO LINEA SCORPION KG910 MARVO  : Costo=41275 R=62236 -> Venta=49500 [ok]
[745/10892] MARVO VENTILADOR LINEA SCORPION FN-33 MA  : Costo=8214 R=12385 -> Venta=11200 [ok]
[746/10892] MARVO MOUSE LINEA SCORPION G930 MARVO NE  : Costo=10694 R=16124 -> Venta=13700 [ok]
[747/10892] MARVO MOUSE LINEA SCORPION G800 MARVO NE  : Costo=8214 R=12385 -> Venta=11200 [ok]
[748/10892] MARVO MOUSE LINEA SCORPION G938 MARVO NE  : Costo=12347 R=18617 -> Venta=15400 [ok]
[749/10892] MARVO MOUSE LINEA SCORPION G938 MARVO NE  : Costo=12347 R=18617 -> Venta=15400 [ok]
[750/10892] MARVO MOUSE LINEA SCORPION G938 MARVO NE  : Costo=12347 R=18617 -> Venta=15400 [ok]
[751/10892] MARVO AUDIFONO LINEA SCORPION H8321 MARV  : Costo=6167 R=8634 -> Venta=9200 [ok]
[752/10892] MARVO CONTROL LINEA SCORPION GT-60 MARVO  : Costo=14741 R=21058 -> Venta=18400 [ok]
[753/10892] MARVO TECLADO LINEA SCORPION KG760 MARVO  : Costo=12347 R=18617 -> Venta=15400 [ok]
[754/10892] MARVO MOUSE LINEA SCORPION M720W MARVO    : Costo=11039 R=15769 -> Venta=14000 [ok]
[755/10892] MARVO VENTILADOR LINEA SCORPION PARA CAS  : Costo=2750 R=3929 -> Venta=4200 [ok]
[756/10892] MARVO MOUSE PAD LINEA SCORPION G15 MARVO  : Costo=3704 R=5291 -> Venta=5200 [ok]
[757/10892] MARVO AUDIFONO LINEA SCORPION HG8914 MAR  : Costo=8627 R=13008 -> Venta=11600 [ok]
[758/10892] MARVO MOUSE LINEA SCORPION G926 MARVO NE  : Costo=9247 R=13943 -> Venta=12200 [ok]
[759/10892] MARVO TECLADO LINEA SCORPION KG929 MARVO  : Costo=25778 R=38868 -> Venta=30900 [ok]
[760/10892] MARVO MOUSE LINEA SCORPION G921 MARVO PL  : Costo=11314 R=17059 -> Venta=14300 [ok]
[761/10892] MARVO MOUSE LINEA SCORPION G921 MARVO NE  : Costo=11314 R=17059 -> Venta=14300 [ok]
[762/10892] MARVO CONTROL LINEA SCORPION GT-006 MARV  : Costo=4549 R=6498 -> Venta=6000 [ok]
[763/10892] MARVO VENTILADOR LINEA SCORPION PARA CAS  : Costo=2750 R=3929 -> Venta=4200 [ok]
[764/10892] MARVO VENTILADOR LINEA SCORPION PARA CAS  : Costo=2750 R=3929 -> Venta=4200 [ok]
[765/10892] MARVO CASE LINEA SCORPION CA-210 MARVO B  : Costo=25778 R=38868 -> Venta=30900 [ok]
[766/10892] MARVO TECLADO LINEA SCORPION K636L MARVO  : Costo=10849 R=16358 -> Venta=13800 [ok]
[767/10892] Bosston PARLANTE BOSSTON SP339 BLANCO /   : Costo=4081 R=6058 -> Venta=5600 [ok]
[768/10892] Bosston MOUSE BOSSTON Q2 BLANCO           : Costo=4081 R=6058 -> Venta=5600 [ok]
[769/10892] Bosston MOUSE BOSSTON M800 VERDE          : Costo=1809 R=2684 -> Venta=3300 [ok]
[770/10892] Bosston MOUSE BOSSTON M800 AZUL           : Costo=1809 R=2684 -> Venta=3300 [ok]
[771/10892] n/a CARGADOR UNIVERSAL BOSSTON PARA LAPT  : Costo=19579 R=29063 -> Venta=24500 [ok]
[772/10892] MARVO MOUSE PAD LINEA SCORPION G1 MARVO   : Costo=2428 R=3661 -> Venta=3900 [ok]
[773/10892] MARVO AUDIFONO LINEA SCORPION H8329 MARV  : Costo=6148 R=9270 -> Venta=9100 [ok]
[774/10892] MARVO TECLADO LINEA SCORPION K650 MARVO   : Costo=12347 R=18617 -> Venta=15400 [ok]
[775/10892] APPLE CARGADOR MACBOOK MAGSAFE 2 85W      : Costo=10355 R=20710 -> Venta=13400 [ok]
[776/10892] APPLE CARGADOR MACBOOK PRO MAGSAFE 60W    : Costo=9541 R=18635 -> Venta=12500 [ok]
[777/10892] GENERICA CARGADOR LAPTOP IBM 20V4.5A      : Costo=7439 R=11043 -> Venta=10400 [ok]
[778/10892] GENERICA CARGADOR LAPTOP TOSHIBA 19V 3.4  : Costo=7439 R=11043 -> Venta=10400 [ok]
[779/10892] GENERICA CARGADOR LAPTOP TOSHIBA 15V 5A   : Costo=4847 R=7271 -> Venta=6300 [ok]
[780/10892] GENERICA CARGADOR LAPTOP TOSHIBA 15V 4A   : Costo=7439 R=11043 -> Venta=10400 [ok]
[781/10892] GENERICA CARGADOR LAPTOP TOSHIBA 15V 3A   : Costo=7439 R=11043 -> Venta=10400 [ok]
[782/10892] GENERICA CARGADOR LAPTOP HP 19V 4.74A (7  : Costo=6438 R=9657 -> Venta=9400 [ok]
[783/10892] GENERICA CARGADOR LAPTOP HP 19V4.74A      : Costo=7439 R=11043 -> Venta=10400 [ok]
[784/10892] GENERICA CARGADOR LAPTOP HP 18.5V 3.5A 7  : Costo=5337 R=9792 -> Venta=8300 [ok]
[785/10892] GENERICA CARGADOR LAPTOP HP 18.5V 3.5A 4  : Costo=7439 R=11043 -> Venta=10400 [ok]
[786/10892] GENERICA CARGADOR LAPTOP IBM 20V 4.5A 8.  : Costo=7439 R=11043 -> Venta=10400 [ok]
[787/10892] GENERICA CARGADOR LAPTOP IBM 16V 3.36A 5  : Costo=7439 R=11043 -> Venta=10400 [ok]
[788/10892] GENERICA CARGADOR LAPTOP IBM 16V 4.5A 5.  : Costo=7439 R=11043 -> Venta=10400 [ok]
[789/10892] GENERICA CARGADOR LAPTOP SONY 19.5V 4.7A  : Costo=5959 R=7344 -> Venta=9000 [ok]
[790/10892] GENERICA CARGADOR LAPTOP SONY 16V 4A 6.5  : Costo=7439 R=11043 -> Venta=10400 [ok]
[791/10892] GENERICA CARGADOR LAPTOP ACER 19V 4.74A   : Costo=5902 R=8853 -> Venta=8900 [ok]
[792/10892] GENERICA CARGADOR LAPTOP ACER 19V 3.42A   : Costo=7439 R=11043 -> Venta=10400 [ok]
[793/10892] GENERICA CARGADOR LAPTOP LENOVO 19V 4.74  : Costo=5902 R=8853 -> Venta=8900 [ok]
[794/10892] GENERICA CARGADOR LAPTOP LENOVO 19V 3.42  : Costo=4965 R=7448 -> Venta=6500 [ok]
[795/10892] GENERICA CARGADOR LAPTOP LITEON 19V 4.74  : Costo=7439 R=11043 -> Venta=10400 [ok]
[796/10892] GENERICA CARGADOR LAPTOP LITEON 19.5V 3.  : Costo=7439 R=11043 -> Venta=10400 [ok]
[797/10892] GENERICA CARGADOR LAPTOP LG 19V 2.1A 6.0  : Costo=7439 R=11043 -> Venta=10400 [ok]
[798/10892] GENERICA CARGADOR LAPTOP ASUS 19V 2.1A 2  : Costo=4840 R=6661 -> Venta=6300 [ok]
[799/10892] GENERICA CARGADOR LAPTOP ASUS 19V 4.74A   : Costo=5902 R=8853 -> Venta=8900 [ok]
[800/10892] GENERICA CARGADOR LAPTOP SAMSUNG 14V 3A   : Costo=4856 R=7284 -> Venta=6400 [ok]
[801/10892] GENERICA CARGADOR LAPTOP SAMSUNG 19V 4.7  : Costo=5902 R=8853 -> Venta=8900 [ok]
[802/10892] GENERICA CARGADOR LAPTOP SAMSUNG 19V 3.1  : Costo=7439 R=11043 -> Venta=10400 [ok]
[803/10892] GENERICA CARGADOR LAPTOP DELL 19.5V 4.62  : Costo=7545 R=11200 -> Venta=10500 [ok]
[804/10892] GENERICA CARGADOR LCD 12V 4A 5.5*2.5      : Costo=7439 R=11043 -> Venta=10400 [ok]
[805/10892] APPLE CARGADOR MACBOOK MAGSAFE 2 45W      : Costo=9472 R=18499 -> Venta=12500 [ok]
[806/10892] APPLE CARGADOR MACBOOK MAGSAFE 2 60W      : Costo=9472 R=18499 -> Venta=12500 [ok]
[807/10892] PG CABLE VGA HEMBRA A HDMI TIPO A CON AU  : Costo=1535 R=1535 -> Venta=3000 [ok]
[808/10892] AMELY CABLE PARA FUENTE DE PODER COMPUTA  : Costo=833 R=1067 -> Venta=2300 [ok]
[809/10892] SIYOTEAM LECTOR USB DE MEMORIA SIYOTEAM   : Costo=1602 R=2378 -> Venta=3100 [ok]
[810/10892] GENERICA CARGADOR LAPTOP DELL 19V 1.58A   : Costo=4856 R=7284 -> Venta=6400 [ok]
[811/10892] GENERICA CARGADOR LAPTOP HP 19.5V 1.58A   : Costo=5169 R=7753 -> Venta=8200 [ok]
[812/10892] GENERICA CARGADOR LAPTOP ACER 19V 3.42A   : Costo=5810 R=8715 -> Venta=8800 [ok]
[813/10892] SIYOTEAM LECTOR USB DE MEMORIA SIYOTEAM   : Costo=2428 R=3605 -> Venta=3900 [ok]
[814/10892] SIYOTEAM LECTOR MEMORIA SIYOTEAM SY-683   : Costo=2428 R=3605 -> Venta=3900 [ok]
[815/10892] SIYOTEAM LECTOR MEMORIA SIYOTEAM SY-H229  : Costo=3048 R=4525 -> Venta=4500 [ok]
[816/10892] SIYOTEAM LECTOR USB DE MEMORIA SIYOTEAM   : Costo=1705 R=2531 -> Venta=3200 [ok]
[817/10892] PG CABLE 3 RCA AUDIO VIDEO DVD 1.5 M      : Costo=326 R=441 -> Venta=1800 [ok]
[818/10892] Gerlax CARGADOR CUBO CARRO C170 GERLAX G  : Costo=1109 R=1620 -> Venta=2600 [ok]
[819/10892] Gerlax CARGADOR CUBO CARRO C20T GERLAX N  : Costo=1663 R=2431 -> Venta=3200 [ok]
[820/10892] JMARY HOLDER MH-71 JMARY                  : Costo=1756 R=3135 -> Venta=3300 [ok]
[821/10892] JMARY HOLDER MH-80 JMARY                  : Costo=4932 R=8806 -> Venta=6400 [ok]
[822/10892] HOLDER PARA PROYECTOR 130CM               : Costo=10423 R=18612 -> Venta=13400 [ok]
[823/10892] HOLDER PARA PROYECTOR LDXB175             : Costo=6833 R=12201 -> Venta=9800 [ok]
[824/10892] HOLDER H800                               : Costo=2123 R=3790 -> Venta=3600 [ok]
[825/10892] HOLDER H600-1                             : Costo=1802 R=3217 -> Venta=3300 [ok]
[826/10892] HOLDER H900                               : Costo=2413 R=4308 -> Venta=3900 [ok]
[827/10892] HOLDER Q42                                : Costo=1335 R=2384 -> Venta=2800 [ok]
[828/10892] HOLDER ZN11                               : Costo=724 R=1293 -> Venta=2200 [ok]
[829/10892] HOLDER FK11+C13                           : Costo=2184 R=3899 -> Venta=3700 [ok]
[830/10892] HOLDER FK2+C27                            : Costo=3788 R=6763 -> Venta=5300 [ok]
[831/10892] HOLDER ZN11+CZJT11                        : Costo=1173 R=2094 -> Venta=2700 [ok]
[832/10892] HOLDER F-8                                : Costo=2545 R=4545 -> Venta=4000 [ok]
[833/10892] HOLDER PARA TABLET J1                     : Costo=3454 R=6168 -> Venta=5000 [ok]
[834/10892] ONESAM HOLDER OS-F06 ONESAM NEGRO         : Costo=3821 R=6823 -> Venta=5300 [ok]
[835/10892] ONESAM HOLDER OS-F21 ONESAM NEGRO         : Costo=3061 R=5465 -> Venta=4600 [ok]
[836/10892] ONESAM HOLDER PARA TABLET OS-F08 ONESAM   : Costo=6158 R=10996 -> Venta=9200 [ok]
[837/10892] ONESAM HOLDER PARA TABLET OS-F07 ONESAM   : Costo=3057 R=5459 -> Venta=4600 [ok]
[838/10892] ONESAM CARGADOR CUBO CASA OS-Y07 ONESAM   : Costo=3719 R=5206 -> Venta=5200 [ok]
[839/10892] ONESAM CARGADOR CUBO CASA OS-Y07 ONESAM   : Costo=3064 R=4289 -> Venta=4600 [ok]
[840/10892] ONESAM CARGADOR CUBO CASA OS-Y06  ONESAM  : Costo=2444 R=3422 -> Venta=3900 [ok]
[841/10892] ONESAM CARGADOR CUBO CARRO OS-G18 ONESAM  : Costo=1955 R=2737 -> Venta=3500 [ok]
[842/10892] VEN-DENS HOLDER BICICLETA VD-HD029 VEN-D  : Costo=2124 R=5158 -> Venta=3600 [ok]
[843/10892] VEN-DENS CARGADOR CUBO CARRO VD-CC012 VE  : Costo=3767 R=5273 -> Venta=5300 [ok]
[844/10892] Joyroom CARGADOR CASA JR-TCN02 JOYROOM N  : Costo=3710 R=6624 -> Venta=5200 [ok]
[845/10892] Joyroom CARGADOR CASA JR-TCN04 JOYROOM B  : Costo=2106 R=3760 -> Venta=3600 [ok]
[846/10892] Gerlax CARGADOR CUBO CARRO C8T GERLAX TI  : Costo=1896 R=3159 -> Venta=3400 [ok]
[847/10892] Gerlax CARGADOR CUBO CARRO C10T GERLAX T  : Costo=1083 R=2165 -> Venta=2600 [ok]
[848/10892] Gerlax CARGADOR CUBO CARRO GC-10 GERLAX   : Costo=3550 R=4931 -> Venta=5000 [ok]
[849/10892] Gerlax CARGADOR CUBO CARRO C11T GERLAX T  : Costo=1246 R=1730 -> Venta=2700 [ok]
[850/10892] Gerlax CARGADOR CUBO CARRO C2T GERLAX TI  : Costo=1037 R=1440 -> Venta=2500 [ok]
[851/10892] Gerlax CARGADOR CUBO CARRO C2V GERLAX MI  : Costo=906 R=1259 -> Venta=2400 [ok]
[852/10892] Remax HOLDER MULTIFUNCIONAL RM-C48 REMAX  : Costo=4830 R=7245 -> Venta=6300 [ok]
[853/10892] Gerlax CARGADOR CUBO CARRO C900 GERLAX G  : Costo=1193 R=2236 -> Venta=2700 [ok]
[854/10892] Gerlax CARGADOR CUBO CARRO C800 GERLAX G  : Costo=1365 R=2729 -> Venta=2900 [ok]
[855/10892] Gerlax CARGADOR CUBO CARRO C5S GERLAX TA  : Costo=911 R=1953 -> Venta=2400 [ok]
[856/10892] Joyroom HOLDER JR-ZS240 PRO JOYROOM NEGR  : Costo=10506 R=18368 -> Venta=13500 [ok]
[857/10892] YOOKIE INFLADOR Y BATERIA DE EMERGENCIA   : Costo=18753 R=33488 -> Venta=23400 [ok]
[858/10892] YOOKIE INFLADOR Y BATERIA DE EMERGENCIA   : Costo=21053 R=37593 -> Venta=26100 [ok]
[859/10892] Joyroom CARGADOR CASA JR-TCF20 JOYROOM B  : Costo=4223 R=7383 -> Venta=5700 [ok]
[860/10892] Joyroom HOLDER JR-ZS393 JOYROOM           : Costo=5428 R=9489 -> Venta=8400 [ok]
[861/10892] Joyroom HOLDER JR-OK6 JOYROOM             : Costo=2839 R=4964 -> Venta=4300 [ok]
[862/10892] YOOKIE HOLDER YC09 YOOKIE NEGRO           : Costo=2903 R=4309 -> Venta=4400 [ok]
[863/10892] YOOKIE HOLDER YC50 YOOKIE PLATEADO        : Costo=12494 R=22310 -> Venta=15600 [ok]
[864/10892] YOOKIE HOLDER YC10 YOOKIE NEGRO           : Costo=2106 R=3126 -> Venta=3600 [ok]
[865/10892] Remax HOLDER MULTIFUNCIONAL RM-C41 REMAX  : Costo=139 R=139 -> Venta=1600 [ok]
[866/10892] Remax HOLDER ELECTRICO RM-C34 REMAX NEGR  : Costo=10940 R=16239 -> Venta=13900 [ok]
[867/10892] Gerlax CARGADOR CUBO CARRO GC-17 GERLAX   : Costo=1950 R=2850 -> Venta=3400 [ok]
[868/10892] Gerlax CARGADOR CUBO CARRO GC-09 GERLAX   : Costo=1922 R=2809 -> Venta=3400 [ok]
[869/10892] Gerlax CARGADOR CUBO CARRO GC-06 GERLAX   : Costo=2155 R=3149 -> Venta=3700 [ok]
[870/10892] Gerlax CARGADOR CUBO CARRO GC-06 GERLAX   : Costo=2087 R=3050 -> Venta=3600 [ok]
[871/10892] Gerlax CARGADOR CUBO CARRO GC-06 GERLAX   : Costo=1986 R=2902 -> Venta=3500 [ok]
[872/10892] Gerlax CARGADOR CUBO CARRO GC-15 GERLAX   : Costo=2498 R=3651 -> Venta=4000 [ok]
[873/10892] Gerlax CARGADOR CUBO CARRO GC-15 GERLAX   : Costo=2409 R=3346 -> Venta=3900 [ok]
[874/10892] Remax CARGADOR CARRO MULTIPLATAFORMA RCC  : Costo=7605 R=11288 -> Venta=10600 [ok]
[875/10892] Joyroom CARGADOR CASA L-QP2011 JOYROOM B  : Costo=4709 R=6882 -> Venta=6200 [ok]
[876/10892] Joyroom HOLDER JR-ZS400 JOYROOM NEGRO     : Costo=3095 R=5410 -> Venta=4600 [ok]
[877/10892] Joyroom HOLDER JR-ZS356 JOYROOM NEGRO     : Costo=3684 R=6440 -> Venta=5200 [ok]
[878/10892] Gerlax CARGADOR CUBO CARRO GC-16S GERLAX  : Costo=1930 R=2830 -> Venta=3400 [ok]
[879/10892] Remax HOLDER RM-C35 SERIE GLAMOROUS REMA  : Costo=2123 R=3151 -> Venta=3600 [ok]
[880/10892] Remax HOLDER RM-C32 SERIE MONBYE REMAX B  : Costo=1697 R=2519 -> Venta=3200 [ok]
[881/10892] Remax HOLDER RM-C17 REMAX TARNISH         : Costo=8340 R=12380 -> Venta=11300 [ok]
[882/10892] Remax HOLDER RM-C67 REMAX REMAX           : Costo=3982 R=5910 -> Venta=5500 [ok]
[883/10892] Gerlax CARGADOR CUBO CARRO C1 GERLAX LIG  : Costo=1737 R=2578 -> Venta=3200 [ok]
[884/10892] Gerlax CARGADOR CUBO CARRO C1 GERLAX TIP  : Costo=1687 R=2504 -> Venta=3200 [ok]
[885/10892] Gerlax CARGADOR CUBO CARRO C1 GERLAX MIC  : Costo=1603 R=2380 -> Venta=3100 [ok]
[886/10892] Gerlax CARGADOR CUBO CARRO GC-17S GERLAX  : Costo=1531 R=2009 -> Venta=3000 [ok]
[887/10892] Gerlax CARGADOR CUBO CARRO GC-15S GERLAX  : Costo=2059 R=2702 -> Venta=3600 [ok]
[888/10892] Joyroom TRANSMISOR BLUETOOTH JR-CL02 JOY  : Costo=6235 R=9112 -> Venta=9200 [ok]
[889/10892] Joyroom CARGADOR CARRO JR-CL25 JOYROOM N  : Costo=5218 R=7627 -> Venta=8200 [ok]
[890/10892] Joyroom CARGADOR CUBO CARRO JR-CL10 JOYR  : Costo=3034 R=4433 -> Venta=4500 [ok]
[891/10892] Joyroom HOLDER JR-ZS355 JOYROOM NEGRO     : Costo=4994 R=8731 -> Venta=6500 [ok]
[892/10892] Joyroom HOLDER JR-ZS291 JOYROOM NEGRO     : Costo=10366 R=18122 -> Venta=13400 [ok]
[893/10892] Remax HOLDER CARGADOR INALAMBRICO RM-C18  : Costo=12739 R=18909 -> Venta=15900 [ok]
[894/10892] Joyroom HOLDER JR-ZS369 JOYROOM JOYROOM   : Costo=7251 R=10197 -> Venta=10300 [ok]
[895/10892] YOOKIE HOLDER YC26 YOOKIE AZUL            : Costo=2317 R=3439 -> Venta=3800 [ok]
[896/10892] UGREEN ORGANIZADOR MULTIFUNCIONAL LP256   : Costo=16275 R=18398 -> Venta=20300 [ok]
[897/10892] YOOKIE HOLDER YC26 YOOKIE GRIS            : Costo=2317 R=3439 -> Venta=3800 [ok]
[898/10892] YOOKIE HOLDER YC22 YOOKIE BLANCO          : Costo=1427 R=2119 -> Venta=2900 [ok]
[899/10892] YOOKIE HOLDER BICICLETA YC23 YOOKIE NEGR  : Costo=3118 R=7571 -> Venta=4600 [ok]
[900/10892] Remax HOLDER PARA CARRO RM-C05 REMAX NEG  : Costo=14259 R=20840 -> Venta=17800 [ok]
[901/10892] Remax HOLDER RM-C61 SERIE TINSM REMAX NE  : Costo=7544 R=11198 -> Venta=10500 [ok]
[902/10892] Remax HOLDER RM-C06 SERIE JOURGO REMAX N  : Costo=1543 R=2290 -> Venta=3000 [ok]
[903/10892] Remax HOLDER RM-C58 REMAX ROSADO          : Costo=6821 R=10125 -> Venta=9800 [ok]
[904/10892] Remax CARGADOR INALAMBRICO RP-W36 REMAX   : Costo=8251 R=12247 -> Venta=11300 [ok]
[905/10892] Remax HOLDER CARGADOR INALAMBRICO RP-W12  : Costo=12280 R=18228 -> Venta=15400 [ok]
[906/10892] Remax HOLDER CARGADOR INALAMBRICO RM-C56  : Costo=13910 R=21398 -> Venta=17400 [ok]
[907/10892] Remax HOLDER PARA CARRO RM-C42 REMAX      : Costo=9692 R=14387 -> Venta=12700 [ok]
[908/10892] Remax HOLDER RM-C50 REMAX                 : Costo=3004 R=4459 -> Venta=4500 [ok]
[909/10892] Remax HOLDER MULTIPLATAFORMA RM-C07 REMA  : Costo=14847 R=22840 -> Venta=18600 [ok]
[910/10892] Remax HOLDER MULTIPLATAFORMA RM-C07 REMA  : Costo=15298 R=23535 -> Venta=19100 [ok]
[911/10892] Remax HOLDER MULTIPLATAFORMA CK100 REMAX  : Costo=10198 R=14277 -> Venta=13200 [ok]
[912/10892] Remax HOLDER RM-C55 REMAX NEGRO           : Costo=9242 R=14217 -> Venta=12200 [ok]
[913/10892] Remax HOLDER MULTIPLATAFORMA RM-C08 REMA  : Costo=12478 R=18717 -> Venta=15600 [ok]
[914/10892] Remax HOLDER MULTIPLATAFORMA RM-C08 REMA  : Costo=12671 R=19492 -> Venta=15800 [ok]
[915/10892] FAVEO HOLDER FCH-08 FAVEO ROJO            : Costo=3255 R=4831 -> Venta=4800 [ok]
[916/10892] Remax HOLDER PARA CARRO KIMKON RL-C52 GR  : Costo=3507 R=5205 -> Venta=5000 [ok]
[917/10892] Remax HOLDER PARA CARRO KIMKON RL-C52 GR  : Costo=3507 R=5205 -> Venta=5000 [ok]
[918/10892] AMELY INVERSOR DE ENERGIA INTELIGENTE DE  : Costo=92934 R=137950 -> Venta=111500 [ok]
[919/10892] Remax HOLDER PARA CARRO RC-FC2 R-LETTO R  : Costo=8214 R=12193 -> Venta=11200 [ok]
[920/10892] Remax HOLDER PARA CARRO RC-FC2 R-LETTO R  : Costo=8214 R=12193 -> Venta=11200 [ok]
[921/10892] n/a HOLDER DE PRENSA                      : Costo=1189 R=1764 -> Venta=2700 [ok]
[922/10892] n/a HOLDER UNIVERSAL SAMSUNG GALAXY TAB   : Costo=2480 R=3681 -> Venta=4000 [ok]
[923/10892] SONY CONTROL PLAY STATION 5 INALAMBRICO   : Costo=36237 R=37812 -> Venta=43500 [ok]
[924/10892] Microsoft CONTROL X BOX WINDOWS INALAMBR  : Costo=13971 R=14578 -> Venta=17500 [ok]
[925/10892] Nintendo CONTROL NINTENDO SWITCH 2 PRO N  : Costo=45536 R=51475 -> Venta=54600 [ok]
[926/10892] Nintendo CONTROL NINTENDO SWITCH 2 JOYCO  : Costo=45334 R=51247 -> Venta=54400 [ok]
[927/10892] Nintendo CONTROL NINTENDO SWITCH ALAMBRI  : Costo=13784 R=14383 -> Venta=17200 [ok]
[928/10892] Microsoft CONTROL X BOX X/S INALAMBRICO   : Costo=31664 R=33041 -> Venta=38000 [ok]
[929/10892] CONSOLA TV BOX G7 OUTLET                  : Costo=21315 R=21315 -> Venta=26300 [ok]
[930/10892] Dobe ESTUCHE FUNDA VR META QUEST 3 TY-38  : Costo=2297 R=3876 -> Venta=3800 [ok]
[931/10892] IPEGA ESTUCHE FUNDA NINTENDO SWITCH PG-S  : Costo=5464 R=9219 -> Venta=8500 [ok]
[932/10892] IPEGA CARGADOR PARA NINTENDO SWITCH PG-S  : Costo=8361 R=11944 -> Venta=11400 [ok]
[933/10892] IPEGA PROTECTORES PARA CONTROL JOY CON D  : Costo=1310 R=2144 -> Venta=2800 [ok]
[934/10892] IPEGA PROTECTORES PARA CONTROL JOY CON D  : Costo=1844 R=3017 -> Venta=3300 [ok]
[935/10892] IPEGA PROTECTORES PARA CONTROL JOY CON D  : Costo=1681 R=2751 -> Venta=3200 [ok]
[936/10892] IPEGA SOPORTE CONTROL JOY CON NINTENDO S  : Costo=4857 R=8095 -> Venta=6400 [ok]
[937/10892] IPEGA SOPORTE CONTROL NINTENDO SWITCH PG  : Costo=1891 R=3151 -> Venta=3400 [ok]
[938/10892] IPEGA SOPORTE CONTROL NINTENDO SWITCH PG  : Costo=1891 R=3151 -> Venta=3400 [ok]
[939/10892] IPEGA ESTACION DE CARGA PARA JOY CON NIN  : Costo=5747 R=8210 -> Venta=8700 [ok]
[940/10892] IPEGA ESTACION DE CARGA PARA JOY CON NIN  : Costo=5362 R=7660 -> Venta=8400 [ok]
[941/10892] IPEGA ESTACION CARGA CON VENTILADOR PARA  : Costo=8148 R=11640 -> Venta=11100 [ok]
[942/10892] IPEGA ESTACION DE CARGA PARA JOY CON NIN  : Costo=5440 R=7772 -> Venta=8400 [ok]
[943/10892] IPEGA ESTACION DE CARGA PARA JOY CON NIN  : Costo=4888 R=6983 -> Venta=6400 [ok]
[944/10892] PROYECTOR Q5                              : Costo=19504 R=27863 -> Venta=24400 [ok]
[945/10892] PROYECTOR P20 PRO                         : Costo=90481 R=129258 -> Venta=108600 [ok]
[946/10892] PROYECTOR T30                             : Costo=49776 R=71108 -> Venta=59700 [ok]
[947/10892] PROYECTOR CY90                            : Costo=54735 R=78193 -> Venta=65700 [ok]
[948/10892] PROYECTOR T3                              : Costo=23661 R=33801 -> Venta=28700 [ok]
[949/10892] PROYECTOR TS-9 PRO                        : Costo=52690 R=75272 -> Venta=63200 [ok]
[950/10892] PROYECTOR CON JUEGOS P30 PLUS             : Costo=43040 R=61485 -> Venta=51600 [ok]
[951/10892] PROYECTOR CON JUEGOS P50 MAX              : Costo=90450 R=129214 -> Venta=108500 [ok]
[952/10892] PROYECTOR CON JUEGOS HCS350 MAX           : Costo=48331 R=69045 -> Venta=58000 [ok]
[953/10892] PROYECTOR CON JUEGOS M300 MAX-2           : Costo=31757 R=45366 -> Venta=38100 [ok]
[954/10892] Dobe SOPORTE CONTROL NINTENDO SWITCH TNS  : Costo=1404 R=2052 -> Venta=2900 [ok]
[955/10892] IPEGA CONTROL BLUETOOTH PG-9666TH IPEGA   : Costo=17404 R=29005 -> Venta=21800 [ok]
[956/10892] IPEGA VENTILADOR PARA PLAY STATION 5 PG-  : Costo=11890 R=19816 -> Venta=14900 [ok]
[957/10892] IPEGA CONTROL MOVIL PG-9083AH IPEGA CAMU  : Costo=15350 R=25582 -> Venta=19200 [ok]
[958/10892] CONSOLA XGB35 MORADA                      : Costo=21222 R=30317 -> Venta=26200 [ok]
[959/10892] CONSOLA 030S NEGRA                        : Costo=27744 R=39633 -> Venta=33300 [ok]
[960/10892] IPEGA CONTROL BLUETOOTH PG-9666HH IPEGA   : Costo=16738 R=27896 -> Venta=20900 [ok]
[961/10892] IPEGA ESTANTE CARGADOR PARA PLAY STATION  : Costo=14744 R=29488 -> Venta=18400 [ok]
[962/10892] IPEGA CARGADOR PARA CONTROL PLAY STATION  : Costo=4741 R=7902 -> Venta=6200 [ok]
[963/10892] IPEGA SOPORTE DE MANIVELA PARA CONTROL N  : Costo=1785 R=2975 -> Venta=3300 [ok]
[964/10892] Dobe CONTROL NINTENDO SWITCH TNS-1724  D  : Costo=8791 R=14651 -> Venta=11800 [ok]
[965/10892] Dobe CONTROL NINTENDO SWITCH JOYCON TNS-  : Costo=11092 R=18486 -> Venta=14100 [ok]
[966/10892] Dobe CARGADOR PARA CONTROL PLAY STATION   : Costo=3321 R=5535 -> Venta=4800 [ok]
[967/10892] IPEGA CONTROL PLAY STATION 4 IPEGA 4233   : Costo=5114 R=8523 -> Venta=8100 [ok]
[968/10892] IPEGA CONTROL MOVIL PG-9217A IPEGA NEGRO  : Costo=14585 R=24308 -> Venta=18200 [ok]
[969/10892] CONSOLA M20                               : Costo=60590 R=86557 -> Venta=72700 [ok]
[970/10892] CONSOLA SF3000                            : Costo=21633 R=30903 -> Venta=26600 [ok]
[971/10892] CONSOLA S7                                : Costo=6888 R=9840 -> Venta=9900 [ok]
[972/10892] IPEGA ESTANTE CARGADOR PARA PS5 PG-P5S01  : Costo=6120 R=12240 -> Venta=9100 [ok]
[973/10892] IPEGA ESTANTE CARGADOR PARA PS5 PG-P5S02  : Costo=8842 R=17684 -> Venta=11800 [ok]
[974/10892] IPEGA SOPORTE CONTROL META QUEST 3 PG-QT  : Costo=7331 R=14662 -> Venta=10300 [ok]
[975/10892] IPEGA PROTECTOR PARA LENTE VR PLAY STATI  : Costo=1439 R=2877 -> Venta=2900 [ok]
[976/10892] IPEGA PROTECTOR PARA CONTROL DE PLAY STA  : Costo=2093 R=4186 -> Venta=3600 [ok]
[977/10892] IPEGA ESTANTE CARGADOR PARA PLAY STATION  : Costo=3730 R=7460 -> Venta=5200 [ok]
[978/10892] IPEGA BATERIA PARA CONTROL PLAY STATION   : Costo=5862 R=11724 -> Venta=8900 [ok]
[979/10892] IPEGA VENTILADOR PARA PLAY STATION 5 PG-  : Costo=9036 R=18071 -> Venta=12000 [ok]
[980/10892] IPEGA ESTANTE CARGADOR PARA PS5 PG-P5S01  : Costo=14577 R=29154 -> Venta=18200 [ok]
[981/10892] IPEGA ESTANTE CARGADOR PARA PS5 PG-P5P23  : Costo=10799 R=21598 -> Venta=13800 [ok]
[982/10892] CONSOLA TV BOX G7                         : Costo=22838 R=53289 -> Venta=27800 [ok]
[983/10892] CONSOLA TV BOX X8                         : Costo=22275 R=51975 -> Venta=27300 [ok]
[984/10892] CONSOLA RETRO M9                          : Costo=35967 R=83921 -> Venta=43200 [ok]
[985/10892] CONSOLA M33 NEGRO                         : Costo=16212 R=37827 -> Venta=20300 [ok]
[986/10892] CONSOLA M22 ROJO                          : Costo=22344 R=52135 -> Venta=27300 [ok]
[987/10892] CONSOLA X12 PLUS ROJO                     : Costo=27533 R=64244 -> Venta=33000 [ok]
[988/10892] CONSOLA GB300 NEGRO                       : Costo=8736 R=20383 -> Venta=11700 [ok]
[989/10892] CONSOLA P15 ROJO                          : Costo=6748 R=15744 -> Venta=9700 [ok]
[990/10892] CONSOLA CON PROYECTOR S40 MAX OUTLET      : Costo=22412 R=22412 -> Venta=27400 [ok]
[991/10892] PROYECTOR CON JUEGOS HCS350 PRO+          : Costo=52474 R=74963 -> Venta=63000 [ok]
[992/10892] PROYECTOR CON JUEGOS  HCS350 PRO          : Costo=50387 R=71981 -> Venta=60500 [ok]
[993/10892] CONSOLA F2 SUP ROJO                       : Costo=3754 R=5363 -> Venta=5300 [ok]
[994/10892] CONSOLA F2 SUP AMARILLO                   : Costo=3754 R=5363 -> Venta=5300 [ok]
[995/10892] CONSOLA F2 SUP BLANCO                     : Costo=3754 R=5363 -> Venta=5300 [ok]
[996/10892] CONSOLA S3 AZUL                           : Costo=8837 R=20618 -> Venta=11800 [ok]
[997/10892] Dobe ESTANTE CARGADOR PARA CONTROLES PLA  : Costo=13245 R=22075 -> Venta=16600 [ok]
[998/10892] CONSOLA X7 +                              : Costo=22370 R=32695 -> Venta=27400 [ok]
[999/10892] IPEGA ESTANTE CARGADOR PARA PS5 PG-P5S03  : Costo=14329 R=28657 -> Venta=17900 [ok]
[1000/10892] IPEGA CONTROL PARA NINTENDO SWITCH PG-SW  : Costo=14055 R=28109 -> Venta=17600 [ok]
[1001/10892] IPEGA ESTANTE CARGADOR PARA PLAY STATION  : Costo=13837 R=23061 -> Venta=17300 [ok]
[1002/10892] Dobe CONTROL NINTENDO SWITCH JOY CON TNS  : Costo=18048 R=30080 -> Venta=22600 [ok]
[1003/10892] Dobe CONTROL NINTENDO SWITCH JOY CON TNS  : Costo=14266 R=23776 -> Venta=17800 [ok]
[1004/10892] Dobe PROTECTORES PARA CONTROL DE PLAY ST  : Costo=2198 R=3664 -> Venta=3700 [ok]
[1005/10892] Dobe ADAPTADOR DOCK NINTENDO SWITCH TNS-  : Costo=7833 R=13054 -> Venta=10800 [ok]
[1006/10892] PROYECTOR CON JUEGOS M300 MAX             : Costo=31344 R=44777 -> Venta=37600 [ok]
[1007/10892] PROYECTOR CON JUEGOS P30 MAX              : Costo=40969 R=58526 -> Venta=49200 [ok]
[1008/10892] CONSOLA F2 SUP AZUL                       : Costo=3754 R=5363 -> Venta=5300 [ok]
[1009/10892] CONSOLA M25 GRIS                          : Costo=44497 R=44497 -> Venta=53400 [ok]
[1010/10892] CONSOLA PX                                : Costo=29762 R=69444 -> Venta=35700 [ok]
[1011/10892] CONSOLA RG3566 GRIS                       : Costo=77069 R=179827 -> Venta=92500 [ok]
[1012/10892] Dobe SOPORTES PARA CONTREOL NINTENDO SWI  : Costo=3337 R=5561 -> Venta=4800 [ok]
[1013/10892] Dobe CONTROL NINTENDO SWITCH TNS-1125  D  : Costo=18655 R=31091 -> Venta=23300 [ok]
[1014/10892] Dobe SET CORREA PARA CONTROL NINTENDO SW  : Costo=2355 R=3925 -> Venta=3900 [ok]
[1015/10892] Dobe SET BATERIA PARA CONTROL NINTENDO S  : Costo=3609 R=6015 -> Venta=5100 [ok]
[1016/10892] Dobe SET BATERIA PARA CONTROL X BOX TYX-  : Costo=7937 R=13228 -> Venta=10900 [ok]
[1017/10892] Dobe ESTANTE CARGADOR PARA X BOX TYX- 16  : Costo=16090 R=26815 -> Venta=20100 [ok]
[1018/10892] Dobe SOPORTE CONTROL NINTENDO SWITCH TNS  : Costo=2349 R=3914 -> Venta=3800 [ok]
[1019/10892] Dobe CABLE USB TIPO C PARA CONTROLES PLA  : Costo=2062 R=3437 -> Venta=3600 [ok]
[1020/10892] Dobe CABLE USB TIPO C PARA CONTROLES PLA  : Costo=1321 R=2201 -> Venta=2800 [ok]
[1021/10892] Dobe CABLE USB PARA PLAY STATION 5 VR TP  : Costo=3029 R=5047 -> Venta=4500 [ok]
[1022/10892] Dobe CABLE USB PARA PLAY STATION 5 VR TP  : Costo=1660 R=2767 -> Venta=3200 [ok]
[1023/10892] Dobe CONTROL BLUETOOTH TNS-0117 DOBE NEG  : Costo=10062 R=16769 -> Venta=13100 [ok]
[1024/10892] Dobe CONTROL BLUETOOTH TNS-0118A NEGRO N  : Costo=15837 R=26394 -> Venta=19800 [ok]
[1025/10892] IPEGA ESTUCHE FUNDA PARA CONTROL NINTEND  : Costo=5486 R=9142 -> Venta=8500 [ok]
[1026/10892] IPEGA CONTROL BLUETOOTH PG-SW023 IPEGA A  : Costo=13606 R=22676 -> Venta=17000 [ok]
[1027/10892] IPEGA CONTROL NINTENDO SWITCH PG-SW068 N  : Costo=5574 R=9290 -> Venta=8600 [ok]
[1028/10892] IPEGA CONTROL BLUETOOTH PG-SW018 IPEGA N  : Costo=11803 R=19670 -> Venta=14800 [ok]
[1029/10892] IPEGA CONTROL BLUETOOTH PG-9666SH IPEGA   : Costo=20274 R=33789 -> Venta=25300 [ok]
[1030/10892] Dobe PROTECTORES PARA CONTROL PLAY STATI  : Costo=1789 R=2981 -> Venta=3300 [ok]
[1031/10892] Dobe CARGADOR PARA CONTROL PLAY STATION   : Costo=2548 R=4247 -> Venta=4000 [ok]
[1032/10892] Dobe ESTACION CARGA  PARA CONTROLES PLAY  : Costo=12500 R=20833 -> Venta=15600 [ok]
[1033/10892] Dobe ESTACION CARGA  PARA CONTROLES PLAY  : Costo=17164 R=28606 -> Venta=21500 [ok]
[1034/10892] Dobe ESTANTE CARGADOR PARA CONTROLES PLA  : Costo=13245 R=22075 -> Venta=16600 [ok]
[1035/10892] IPEGA ESTANTE CARGADOR PARA PLAY STATION  : Costo=15172 R=25286 -> Venta=19000 [ok]
[1036/10892] IPEGA ESTANTE CARGADOR PARA PLAY STATION  : Costo=13518 R=27035 -> Venta=16900 [ok]
[1037/10892] IPEGA ESTANTE CARGADOR PARA PLAY STATION  : Costo=15111 R=30221 -> Venta=18900 [ok]
[1038/10892] IPEGA CARGADOR PARA CONTROL PLAY STATION  : Costo=9682 R=16136 -> Venta=12700 [ok]
[1039/10892] IPEGA ESTANTE PARA PLAY STATION 5 PG-P5S  : Costo=5077 R=8462 -> Venta=8100 [ok]
[1040/10892] IPEGA ESTACION DE CARGA NINTENDO SWITCH   : Costo=24574 R=40955 -> Venta=29600 [ok]
[1041/10892] IPEGA ESTACION DE CARGA NINTENDO SWITCH   : Costo=16266 R=27110 -> Venta=20300 [ok]
[1042/10892] IPEGA ESTANTE CARGADOR PARA CONTROLES X   : Costo=13050 R=21749 -> Venta=16300 [ok]
[1043/10892] IPEGA ESTANTE CARGADOR PARA X BOX PG-XBS  : Costo=22391 R=37317 -> Venta=27400 [ok]
[1044/10892] IPEGA ESTANTE CARGADOR PARA X BOX PG-XBS  : Costo=21842 R=36402 -> Venta=26800 [ok]
[1045/10892] IPEGA ESTANTE CARGADOR PARA X BOX PG-XBS  : Costo=17872 R=29787 -> Venta=22300 [ok]
[1046/10892] IPEGA ESTANTE CARGADOR PARA X BOX PG-XBS  : Costo=18020 R=30032 -> Venta=22500 [ok]
[1047/10892] IPEGA ESTANTE CARGADOR PARA X BOX PG-XBX  : Costo=20298 R=33829 -> Venta=25300 [ok]
[1048/10892] IPEGA ESTANTE CARGADOR PARA X BOX PG-XBX  : Costo=18214 R=30356 -> Venta=22800 [ok]
[1049/10892] SHINECON CASCO REALIDAD VIRTUAL G04E SHI  : Costo=13077 R=21794 -> Venta=16300 [ok]
[1050/10892] SHINECON CASCO REALIDAD VIRTUAL G06B SHI  : Costo=5457 R=9094 -> Venta=8500 [ok]
[1051/10892] CONSOLA X80 7&quot; ROJO AZUL             : Costo=31257 R=43760 -> Venta=37500 [ok]
[1052/10892] Dobe SOPORTE CONTROL JOYCON NINTENDO SWI  : Costo=6790 R=9924 -> Venta=9800 [ok]
[1053/10892] CONSOLA TV BOX G1                         : Costo=33600 R=49107 -> Venta=40300 [ok]
[1054/10892] CONSOLA G5 CAJA                           : Costo=26858 R=39253 -> Venta=32200 [ok]
[1055/10892] CONSOLA M17 7&quot;                       : Costo=37023 R=54110 -> Venta=44400 [ok]
[1056/10892] CONSOLA X7 4.3&quot;                      : Costo=15866 R=22212 -> Venta=19800 [ok]
[1057/10892] CONSOLA G9D CELESTE                       : Costo=8146 R=11637 -> Venta=11100 [ok]
[1058/10892] Dobe CONTROL NINTENDO SWITCH TY-1793  DO  : Costo=10629 R=15535 -> Venta=13600 [ok]
[1059/10892] Dobe CONTROL NINTENDO SWITCH TNS-19252    : Costo=15066 R=22019 -> Venta=18800 [ok]
[1060/10892] Dobe CABLE USB MICRO B PARA CONTROLES PL  : Costo=977 R=1627 -> Venta=2500 [ok]
[1061/10892] Dobe CARGADOR PARA CONTROL JOYCON NINTEN  : Costo=5649 R=8256 -> Venta=8600 [ok]
[1062/10892] Dobe CARGADOR PARA CONTROL JOYCON NINTEN  : Costo=5093 R=7443 -> Venta=8100 [ok]
[1063/10892] Dobe BATERIA PARA CONTROL PLAY STATION 5  : Costo=6236 R=10392 -> Venta=9200 [ok]
[1064/10892] Dobe CARGADOR PARA NINTENDO SWITCH TNS-2  : Costo=11543 R=16870 -> Venta=14500 [ok]
[1065/10892] Dobe SOPORTES PARA CONTREOL NINTENDO SWI  : Costo=5093 R=7443 -> Venta=8100 [ok]
[1066/10892] Dobe SOPORTE CONTROL JOYCON NINTENDO SWI  : Costo=2001 R=2924 -> Venta=3500 [ok]
[1067/10892] Dobe CARGADOR PARA CONTROL JOYCON NINTEN  : Costo=3794 R=5545 -> Venta=5300 [ok]
[1068/10892] Dobe CARGADOR PARA CONTROL JOYCON NINTEN  : Costo=7156 R=10458 -> Venta=10200 [ok]
[1069/10892] Dobe CARGADOR PARA NINTENDO SWITCH TNS-8  : Costo=8093 R=11828 -> Venta=11100 [ok]
[1070/10892] Dobe CABLE USB TIPO C PARA NINTENDO SWIT  : Costo=1291 R=2152 -> Venta=2800 [ok]
[1071/10892] SHINECON CONTROL B01 VR SHINECON NEGRO    : Costo=3624 R=5296 -> Venta=5100 [ok]
[1072/10892] SHINECON CONTROL B03 VR SHINECON NEGRO    : Costo=2082 R=3043 -> Venta=3600 [ok]
[1073/10892] SHINECON CASCO REALIDAD VIRTUAL G06EB SH  : Costo=11394 R=18989 -> Venta=14400 [ok]
[1074/10892] SHINECON CASCO REALIDAD VIRTUAL G06A SHI  : Costo=6061 R=10102 -> Venta=9100 [ok]
[1075/10892] SHINECON CASCO REALIDAD VIRTUAL G10 SHIN  : Costo=4801 R=8001 -> Venta=6300 [ok]
[1076/10892] IPEGA CARGADOR JOYCON NINTENDO SWITCH PG  : Costo=4726 R=6907 -> Venta=6200 [ok]
[1077/10892] IPEGA CONTROL NINTENDO SWITCH PG-SW006A   : Costo=9159 R=15265 -> Venta=12200 [ok]
[1078/10892] IPEGA CONTROL NINTENDO SWITCH PG-9193 IP  : Costo=6782 R=9911 -> Venta=9800 [ok]
[1079/10892] IPEGA ESTANTE CARGADOR PARA X BOX XB007   : Costo=13785 R=20147 -> Venta=17200 [ok]
[1080/10892] IPEGA BATERIA PARA CONTROL X BOX XBX001   : Costo=4221 R=7035 -> Venta=5700 [ok]
[1081/10892] IPEGA CONTROL MULTIPLATAFORMA PG-9157 IP  : Costo=9171 R=15284 -> Venta=12200 [ok]
[1082/10892] IPEGA CONTROL MOVIL PG-9218 IPEGA NEGRO   : Costo=14741 R=24567 -> Venta=18400 [ok]
[1083/10892] IPEGA ESTANTE CARGADOR PARA X BOX XBX013  : Costo=22134 R=36889 -> Venta=27100 [ok]
[1084/10892] IPEGA CONTROL MOVIL PG-9021S IPEGA NEGRO  : Costo=11412 R=16679 -> Venta=14400 [ok]
[1085/10892] IPEGA CONTROL NINTENDO SWITCH PG-SW022 I  : Costo=4187 R=6978 -> Venta=5700 [ok]
[1086/10892] IPEGA CONTROL NINTENDO SWITCH PG-SW020 I  : Costo=4153 R=6922 -> Venta=5700 [ok]
[1087/10892] IPEGA CONTROL NINTENDO SWITCH PG-SW062 I  : Costo=9251 R=13520 -> Venta=12300 [ok]
[1088/10892] IPEGA CONTROL NINTENDO SWITCH PG-SW097 I  : Costo=16550 R=24188 -> Venta=20700 [ok]
[1089/10892] CONSOLA G5 CELESTE                        : Costo=4435 R=6335 -> Venta=5900 [ok]
[1090/10892] CONSOLA G5 GRIS                           : Costo=4751 R=11086 -> Venta=6300 [ok]
[1091/10892] CONSOLA Q8 NEGRA                          : Costo=16087 R=23594 -> Venta=20100 [ok]
[1092/10892] CONSOLA M15                               : Costo=12724 R=18662 -> Venta=15900 [ok]
[1093/10892] CONSOLA Q10                               : Costo=34977 R=48968 -> Venta=42000 [ok]
[1094/10892] CONSOLA MAX 7                             : Costo=34990 R=51139 -> Venta=42000 [ok]
[1095/10892] CONSOLA X7 PLUS                           : Costo=17994 R=25191 -> Venta=22500 [ok]
[1096/10892] CONSOLA G7D ROSADO                        : Costo=6560 R=9371 -> Venta=9600 [ok]
[1097/10892] IPEGA CONTROL PLAY STATION 4 4010B BLANC  : Costo=7244 R=12073 -> Venta=10200 [ok]
[1098/10892] IPEGA CONTROL PLAY STATION 4 4023 IPEGA   : Costo=10018 R=16696 -> Venta=13000 [ok]
[1099/10892] IPEGA ESTANTE CARGADOR PARA PLAY STATION  : Costo=11849 R=23697 -> Venta=14800 [ok]
[1100/10892] SHINECON CASCO REALIDAD VIRTUAL G15E SHI  : Costo=13077 R=21794 -> Venta=16300 [ok]
[1101/10892] SHINECON CASCO REALIDAD VIRTUAL G04BS SH  : Costo=17768 R=29613 -> Venta=22200 [ok]
[1102/10892] SHINECON CASCO REALIDAD VIRTUAL G07E SHI  : Costo=16791 R=27984 -> Venta=21000 [ok]
[1103/10892] SHINECON CASCO REALIDAD VIRTUAL G04EA SH  : Costo=13077 R=21794 -> Venta=16300 [ok]
[1104/10892] SHINECON CASCO REALIDAD VIRTUAL G12 SHIN  : Costo=5192 R=8653 -> Venta=8200 [ok]
[1105/10892] SHINECON CASCO REALIDAD VIRTUAL G15 SHIN  : Costo=7039 R=11731 -> Venta=10000 [ok]
[1106/10892] SHINECON CASCO REALIDAD VIRTUAL G13 SHIN  : Costo=5192 R=8653 -> Venta=8200 [ok]
[1107/10892] SHINECON CASCO REALIDAD VIRTUAL G15E SHI  : Costo=13077 R=21794 -> Venta=16300 [ok]
[1108/10892] SHINECON CASCO REALIDAD VIRTUAL G02EF SH  : Costo=28743 R=47905 -> Venta=34500 [ok]
[1109/10892] IPEGA BATERIA PARA CONTROL X BOX PG-XBX0  : Costo=5250 R=8750 -> Venta=8200 [ok]
[1110/10892] IPEGA SOPORTE PARA CELULAR Y CONTROL X B  : Costo=3389 R=4953 -> Venta=4900 [ok]
[1111/10892] IPEGA SOPORTE PARA AUDIFONOS PLAY STATIO  : Costo=2479 R=4132 -> Venta=4000 [ok]
[1112/10892] IPEGA CARGADOR CONTROL JOYCON NINTENDO S  : Costo=8176 R=11950 -> Venta=11200 [ok]
[1113/10892] IPEGA SOPORTE CONTROL NINTENDO SWITCH PG  : Costo=2257 R=3761 -> Venta=3800 [ok]
[1114/10892] IPEGA ESTANTE CARGADOR PARA X BOX PG-XBS  : Costo=21413 R=35688 -> Venta=26400 [ok]
[1115/10892] IPEGA ESTANTE CARGADOR PARA X BOX PG-XBS  : Costo=21022 R=35037 -> Venta=26000 [ok]
[1116/10892] IPEGA ESTANTE CARGADOR PARA X BOX PG-XBS  : Costo=11923 R=19870 -> Venta=14900 [ok]
[1117/10892] IPEGA ESTANTE CARGADOR PARA X BOX PG-XBX  : Costo=18214 R=30356 -> Venta=22800 [ok]
[1118/10892] IPEGA CARGADOR PARA CONTROL PLAY STATION  : Costo=4925 R=8209 -> Venta=6400 [ok]
[1119/10892] IPEGA CARGADOR PARA CONTROL PLAY STATION  : Costo=3375 R=5624 -> Venta=4900 [ok]
[1120/10892] IPEGA CARGADOR PARA CONTROL PLAY STATION  : Costo=4162 R=6936 -> Venta=5700 [ok]
[1121/10892] IPEGA ESTANTE CARGADOR PARA PLAY STATION  : Costo=12605 R=18423 -> Venta=15800 [ok]
[1122/10892] IPEGA ESTANTE CARGADOR PARA PLAY STATION  : Costo=18035 R=26359 -> Venta=22500 [ok]
[1123/10892] IPEGA HUB PLAY STATION 5 PG-P5032 IPEGA   : Costo=5784 R=9640 -> Venta=8800 [ok]
[1124/10892] IPEGA ESTANTE CARGADOR PARA CONTROL PLAY  : Costo=11633 R=19388 -> Venta=14600 [ok]
[1125/10892] IPEGA VENTILADOR PARA PLAY STATION 5 PG-  : Costo=11963 R=23926 -> Venta=15000 [ok]
[1126/10892] IPEGA CONTROL MOVIL PG-9211B IPEGA NEGRO  : Costo=19189 R=28045 -> Venta=24000 [ok]
[1127/10892] IPEGA CONTROL MOVIL PG-9217B IPEGA ROJO   : Costo=15089 R=22053 -> Venta=18900 [ok]
[1128/10892] IPEGA CONTROL MOVIL PG-9023S IPEGA NEGRO  : Costo=14159 R=23599 -> Venta=17700 [ok]
[1129/10892] IPEGA CONTROL MOVIL PG-9083S IPEGA NEGRO  : Costo=14983 R=29966 -> Venta=18700 [ok]
[1130/10892] IPEGA CONTROL MOVIL PG-9083A IPEGA CAMUF  : Costo=15474 R=30948 -> Venta=19300 [ok]
[1131/10892] IPEGA CONTROL MOVIL PG-9083B IPEGA ROJO   : Costo=15350 R=25582 -> Venta=19200 [ok]
[1132/10892] IPEGA CONTROL MULTIPLATAFORMA PG-9156 IP  : Costo=12444 R=20740 -> Venta=15600 [ok]
[1133/10892] IPEGA CONTROL MOVIL PG-9191 IPEGA NEGRO   : Costo=10402 R=15203 -> Venta=13400 [ok]
[1134/10892] IPEGA CONTROL MOVIL PG-9135 IPEGA NEGRO   : Costo=8129 R=16258 -> Venta=11100 [ok]
[1135/10892] IPEGA CONTROL PLAY STATION 4 4020A ROJO   : Costo=8472 R=14119 -> Venta=11500 [ok]
[1136/10892] IPEGA CONTROL MULTIPLATAFORMA 4019B NEGR  : Costo=8357 R=13928 -> Venta=11400 [ok]
[1137/10892] IPEGA CONTROL MULTIPLATAFORMA 4019A NEGR  : Costo=8357 R=13928 -> Venta=11400 [ok]
[1138/10892] IPEGA CONTROL MULTIPLATAFORMA PG-SW038S   : Costo=13800 R=20168 -> Venta=17200 [ok]
[1139/10892] IPEGA CONTROL JOYSTICK NINTENDO SWTCH Y   : Costo=8589 R=12552 -> Venta=11600 [ok]
[1140/10892] IPEGA CONTROL JOYSTICK CLASICO NINTENDO   : Costo=8076 R=11803 -> Venta=11100 [ok]
[1141/10892] IPEGA MICROFONO USB PG-9209 IPEGA NEGRO   : Costo=5772 R=8436 -> Venta=8800 [ok]
[1142/10892] IPEGA MICROFONO NINTENDO SWITCH PG-9207   : Costo=11455 R=16742 -> Venta=14500 [ok]
[1143/10892] IPEGA MICROFONO NINTENDO SWITCH PG-SW089  : Costo=11806 R=17254 -> Venta=14800 [ok]
[1144/10892] IPEGA CARGADOR JOYCON NINTENDO SWITCH PG  : Costo=4478 R=6545 -> Venta=6000 [ok]
[1145/10892] IPEGA KIT ACCESORIO NINTENDO SWITCH PG-S  : Costo=12223 R=17865 -> Venta=15300 [ok]
[1146/10892] IPEGA ESTACION DE CARGA NINTENDO SWITCH   : Costo=18987 R=31644 -> Venta=23700 [ok]
[1147/10892] CONSOLA M5                                : Costo=28942 R=40518 -> Venta=34700 [ok]
[1148/10892] CONSOLA M8 PRO                            : Costo=13535 R=18949 -> Venta=16900 [ok]
[1149/10892] CONSOLA X60                               : Costo=13101 R=18341 -> Venta=16400 [ok]
[1150/10892] SONY CONTROL PLAY STATION 5 INALAMBRICO   : Costo=36237 R=37812 -> Venta=43500 [ok]
[1151/10892] Nintendo CONTROL NINTENDO SWITCH PRO NEG  : Costo=39831 R=47515 -> Venta=47800 [ok]
[1152/10892] Nintendo CONTROL NINTENDO SWITCH INALAMB  : Costo=48415 R=50616 -> Venta=58100 [ok]
[1153/10892] IPEGA CONTROL PLAY STATION P4 IPEGA GRIS  : Costo=9103 R=14223 -> Venta=12100 [ok]
[1154/10892] n/a VENTILADOR PARA PS2 UN-631            : Costo=879 R=1304 -> Venta=2400 [ok]
[1155/10892] IPEGA CONTROL PLAY STATION 4 IPEGA VERDE  : Costo=15702 R=23360 -> Venta=19600 [ok]
[1156/10892] n/a CONTROL NINTENDO NES                  : Costo=2842 R=4218 -> Venta=4300 [ok]
[1157/10892] n/a BASE NINTENDO SWITCH                  : Costo=1922 R=2853 -> Venta=3400 [ok]
[1158/10892] IPEGA CONTROL PLAY STATION P4 IPEGA ROJO  : Costo=5339 R=8898 -> Venta=8300 [ok]
[1159/10892] Nintendo CABLE AUDIO VIDEO (A V) WII CAJ  : Costo=1318 R=1956 -> Venta=2800 [ok]
[1160/10892] SONY MEMORIA PS2 8MB T.O                  : Costo=1950 R=4814 -> Venta=3400 [ok]
[1161/10892] n/a CARGADOR ADAPTADOR PARA PSP VITA CON  : Costo=4495 R=6672 -> Venta=6000 [ok]
[1162/10892] SONY CONTROL MOVE PARA PS3 NEGRO          : Costo=17048 R=25305 -> Venta=21300 [ok]
[1163/10892] Nintendo CABLE COMPONENTE PARA X BOX 360  : Costo=2428 R=3605 -> Venta=3900 [ok]
[1164/10892] Nintendo CABLE DE TRANSFERENCIA DE DATOS  : Costo=4391 R=6518 -> Venta=5900 [ok]
[1165/10892] SONY SILICON DE CONTROL MOVE PARA PS3 NE  : Costo=1705 R=2531 -> Venta=3200 [ok]
[1166/10892] SONY COMBO DE MOVE PARA PS3               : Costo=7181 R=10659 -> Venta=10200 [ok]
[1167/10892] n/a CABLE USB PARA PSP GO                 : Costo=1054 R=1565 -> Venta=2600 [ok]
[1168/10892] n/a CARGADOR ADAPTADOR DE CARRO PARA NIN  : Costo=853 R=1286 -> Venta=2400 [ok]
[1169/10892] n/a CARGADOR ADAPTADOR DS LITE            : Costo=1488 R=2209 -> Venta=3000 [ok]
[1170/10892] n/a CARGADOR NINTENDO DSI DS XL 3DS DE C  : Costo=853 R=1286 -> Venta=2400 [ok]
[1171/10892] Nintendo VENTILADOR PARA X BOX 360        : Costo=3617 R=5368 -> Venta=5100 [ok]
[1172/10892] SONY CONTROL PS3 NAVIGATION ORIGINAL      : Costo=13638 R=20244 -> Venta=17000 [ok]
[1173/10892] Nintendo CABLE COMPONENTE PARA X BOX 360  : Costo=853 R=1286 -> Venta=2400 [ok]
[1174/10892] Nintendo CABLE AUDIO VIDEO (A V) PARA X   : Costo=2315 R=3436 -> Venta=3800 [ok]
[1175/10892] Nintendo UPS PARA X BOX 360               : Costo=10280 R=15260 -> Venta=13300 [ok]
[1176/10892] Nintendo ADAPTADOR PARA X BOX 360 E VIEJ  : Costo=3611 R=5360 -> Venta=5100 [ok]
[1177/10892] Nintendo CABLE AUDIO VIDEO (A V) PARA WI  : Costo=2108 R=3129 -> Venta=3600 [ok]
[1178/10892] ONTEN CARGADOR CUBO CASA UNIVERSAL OTN-C  : Costo=5029 R=7465 -> Venta=8000 [ok]
[1179/10892] Gerlax AUDIFONO MANOS LIBRES GH-50 GERLA  : Costo=4109 R=8217 -> Venta=5600 [ok]
[1180/10892] Gerlax AUDIFONO MANOS LIBRES GH-53 GERLA  : Costo=3633 R=7265 -> Venta=5100 [ok]
[1181/10892] Gerlax AUDIFONO MANOS LIBRES H12W GERLAX  : Costo=3295 R=6589 -> Venta=4800 [ok]
[1182/10892] Gerlax AUDIFONO MANOS LIBRES H13W GERLAX  : Costo=3295 R=6589 -> Venta=4800 [ok]
[1183/10892] Gerlax AUDIFONO MANOS LIBRES H14W GERLAX  : Costo=3132 R=6264 -> Venta=4600 [ok]
[1184/10892] Gerlax AUDIFONO MANOS LIBRES H210 GERLAX  : Costo=3620 R=7240 -> Venta=5100 [ok]
[1185/10892] Gerlax AUDIFONO MANOS LIBRES H209 GERLAX  : Costo=3620 R=7240 -> Venta=5100 [ok]
[1186/10892] Gerlax AUDIFONO MANOS LIBRES H206 GERLAX  : Costo=3620 R=7240 -> Venta=5100 [ok]
[1187/10892] Gerlax AUDIFONO MANOS LIBRES  GH-203 GER  : Costo=5504 R=11008 -> Venta=8500 [ok]
[1188/10892] Gerlax AUDIFONO MANOS LIBRES  GH-206 GER  : Costo=7051 R=14101 -> Venta=10100 [ok]
[1189/10892] Gerlax AUDIFONO MANOS LIBRES  H16 PRO GE  : Costo=4574 R=9148 -> Venta=6100 [ok]
[1190/10892] Gerlax AUDIFONO MANOS LIBRES  H15 PRO GE  : Costo=4818 R=9636 -> Venta=6300 [ok]
[1191/10892] Gerlax CABLE USB TIPO C L47PT GERLAX 1M   : Costo=639 R=1177 -> Venta=2100 [ok]
[1192/10892] Gerlax CABLE USB TIPO C L47T GERLAX 1M N  : Costo=536 R=987 -> Venta=2000 [ok]
[1193/10892] Gerlax CABLE USB TIPO C GD-71T GERLAX 1M  : Costo=883 R=1626 -> Venta=2400 [ok]
[1194/10892] Gerlax CABLE USB TIPO C GD-69T GERLAX 1M  : Costo=1469 R=2706 -> Venta=3000 [ok]
[1195/10892] Gerlax CABLE USB LIGHTNING D25L1 GERLAX   : Costo=468 R=862 -> Venta=2000 [ok]
[1196/10892] Gerlax CABLE USB LIGHTNING D25PL1 GERLAX  : Costo=656 R=1209 -> Venta=2200 [ok]
[1197/10892] Gerlax CABLE USB TIPO C D25PT1 GERLAX 1M  : Costo=484 R=891 -> Venta=2000 [ok]
[1198/10892] Gerlax CABLE USB TIPO C D25T1 GERLAX 1M   : Costo=434 R=798 -> Venta=1900 [ok]
[1199/10892] Gerlax CABLE USB LIGHTNING D8L GERLAX 1M  : Costo=830 R=1529 -> Venta=2300 [ok]
[1200/10892] Gerlax CABLE USB TIPO C D8T GERLAX 1M BL  : Costo=752 R=1053 -> Venta=2300 [ok]
[1201/10892] Gerlax CABLE AUXILIAR 3.5MM X5B GERLAX N  : Costo=387 R=484 -> Venta=1900 [ok]
[1202/10892] Gerlax HOLDER GT-31 GERLAX NEGRO          : Costo=1358 R=1885 -> Venta=2900 [ok]
[1203/10892] Gerlax HOLDER GT-30 GERLAX NEGRO          : Costo=2174 R=3020 -> Venta=3700 [ok]
[1204/10892] Gerlax TRANSMISOR FM CARGADOR C-M16 GERL  : Costo=1778 R=2639 -> Venta=3300 [ok]
[1205/10892] Gerlax TRANSMISOR FM CARGADOR C-M10 GERL  : Costo=1397 R=2073 -> Venta=2900 [ok]
[1206/10892] JMARY MICROFONO MW-19 JMARY NEGRO         : Costo=13609 R=19442 -> Venta=17000 [ok]
[1207/10892] JMARY MONOPOD MT-65 JMARY                 : Costo=10143 R=16905 -> Venta=13100 [ok]
[1208/10892] AUDIFONO MANOS LIBRES INTERCOMUNICADOR P  : Costo=24397 R=34853 -> Venta=29400 [ok]
[1209/10892] AUDIFONO MANOS LIBRES INTERCOMUNICADOR P  : Costo=8517 R=12167 -> Venta=11500 [ok]
[1210/10892] AUDIFONO MANOS LIBRES INTERCOMUNICADOR P  : Costo=7433 R=10618 -> Venta=10400 [ok]
[1211/10892] Joyroom HOLDER CARGADOR JR-ZS241S JOYROO  : Costo=6869 R=9813 -> Venta=9900 [ok]
[1212/10892] Joyroom HOLDER CARGADOR JR-ZS502 JOYROOM  : Costo=9228 R=13183 -> Venta=12200 [ok]
[1213/10892] Joyroom HOLDER JR-ZS403 JOYROOM NEGRO     : Costo=7089 R=10127 -> Venta=10100 [ok]
[1214/10892] Joyroom HOLDER JR-ZS501 JOYROOM GRIS      : Costo=9598 R=13712 -> Venta=12600 [ok]
[1215/10892] Joyroom CABLE USB TIPO C S-A56 JOYROOM 1  : Costo=2253 R=3755 -> Venta=3800 [ok]
[1216/10892] Joyroom CABLE USB TIPO C A LIGHTNING S-A  : Costo=2499 R=4164 -> Venta=4000 [ok]
[1217/10892] Joyroom CABLE USB TIPO C S-A56 JOYROOM 1  : Costo=2427 R=4044 -> Venta=3900 [ok]
[1218/10892] Joyroom CABLE USB TIPO C S-A55 JOYROOM 1  : Costo=4710 R=7849 -> Venta=6200 [ok]
[1219/10892] Joyroom CABLE USB TIPO C S-A28 JOYROOM 1  : Costo=1447 R=2412 -> Venta=2900 [ok]
[1220/10892] Joyroom CABLE USB LIGHTNING S-A28 JOYROO  : Costo=1439 R=2397 -> Venta=2900 [ok]
[1221/10892] Joyroom CABLE USB TIPO C A LIGHTNING S-A  : Costo=2102 R=3503 -> Venta=3600 [ok]
[1222/10892] Joyroom CABLE USB TIPO C S-A28 JOYROOM 1  : Costo=1602 R=2670 -> Venta=3100 [ok]
[1223/10892] Gerlax CARGADOR CUBO CASA GA-39MS GERLAX  : Costo=1021 R=1913 -> Venta=2500 [ok]
[1224/10892] CARGADOR CUBO CASA BLANCO 65W             : Costo=1399 R=1999 -> Venta=2900 [ok]
[1225/10892] MICROFONO NEGRO NEGRO                     : Costo=6784 R=9691 -> Venta=9800 [ok]
[1226/10892] AUDIFONO MANOS LIBRES BLUETOOTH PARA CAS  : Costo=9922 R=14174 -> Venta=12900 [ok]
[1227/10892] TRANSMISOR FM CARGADOR 4EN1 NEGRO NEGRO   : Costo=5101 R=10202 -> Venta=8100 [ok]
[1228/10892] ONESAM CABLE USB TIPO C OS-A39 ONESAM NE  : Costo=2505 R=4383 -> Venta=4000 [ok]
[1229/10892] ONESAM CABLE MULTIPLATAFORMA OS-A41 ONES  : Costo=2863 R=4473 -> Venta=4400 [ok]
[1230/10892] ONESAM PLACA DE METAL PARA CELULAR Y HOL  : Costo=338 R=483 -> Venta=1800 [ok]
[1231/10892] VEN-DENS CABLE USB TIPO C VD-DCA10 VEN-D  : Costo=23753 R=39588 -> Venta=28800 [ok]
[1232/10892] VEN-DENS BATERIA DE EMERGENCIA VD-PB043   : Costo=7140 R=10200 -> Venta=10100 [ok]
[1233/10892] VEN-DENS BATERIA DE EMERGENCIA VD-PB042   : Costo=8859 R=12655 -> Venta=11900 [ok]
[1234/10892] VEN-DENS BATERIA DE EMERGENCIA VD-PB041   : Costo=5174 R=7760 -> Venta=8200 [ok]
[1235/10892] VEN-DENS HOLDER VD-HD034 VEN DENS NEGRO   : Costo=4508 R=8050 -> Venta=6000 [ok]
[1236/10892] VEN-DENS AUDIFONO MANOS LIBRES VD-BT029   : Costo=3733 R=4977 -> Venta=5200 [ok]
[1237/10892] VEN-DENS AUDIFONO MANOS LIBRES VD-BT030   : Costo=5990 R=7986 -> Venta=9000 [ok]
[1238/10892] VEN-DENS AUDIFONO MANOS LIBRES VD-BT023   : Costo=9554 R=15764 -> Venta=12600 [ok]
[1239/10892] VEN-DENS AUDIFONO MANOS LIBRES VD-BT028   : Costo=11026 R=18193 -> Venta=14000 [ok]
[1240/10892] VEN-DENS AUDIFONO MANOS LIBRES VD-BT010   : Costo=6644 R=8859 -> Venta=9600 [ok]
[1241/10892] VEN-DENS AUDIFONO MANOS LIBRES VD-BT022   : Costo=6080 R=8512 -> Venta=9100 [ok]
[1242/10892] VEN-DENS CABLE USB LIGTHNING VD-DCR02 VE  : Costo=693 R=1155 -> Venta=2200 [ok]
[1243/10892] VEN-DENS CABLE USB TIPO C VD-DCR03 VEN-D  : Costo=628 R=1046 -> Venta=2100 [ok]
[1244/10892] VEN-DENS CABLE USB MICRO B VD-DCR01 VEN-  : Costo=481 R=801 -> Venta=2000 [ok]
[1245/10892] VEN-DENS CABLE USB TIPO C VD-DCM05 VEN-D  : Costo=1066 R=1777 -> Venta=2600 [ok]
[1246/10892] VEN-DENS CABLE USB TIPO C VD-DCM03 VEN-D  : Costo=903 R=1504 -> Venta=2400 [ok]
[1247/10892] VEN-DENS CABLE USB MICRO B VD-DCM01 VEN-  : Costo=580 R=1450 -> Venta=2100 [ok]
[1248/10892] YOOKIE AUDIFONO MANOS LIBRES CODA BURY Y  : Costo=4764 R=8406 -> Venta=6300 [ok]
[1249/10892] Joyroom CARGADOR CUBO CARRO JR-CCN05 JOY  : Costo=3507 R=5511 -> Venta=5000 [ok]
[1250/10892] Joyroom CARGADOR CUBO CARRO JR-CCN16 MIN  : Costo=1971 R=3097 -> Venta=3500 [ok]
[1251/10892] Joyroom CABLE USB TIPO C S-A28 JOYROOM 2  : Costo=1691 R=2818 -> Venta=3200 [ok]
[1252/10892] Joyroom CABLE USB MICRO B S-A9 JOYROOM 1  : Costo=565 R=942 -> Venta=2100 [ok]
[1253/10892] Joyroom CABLE USB TIPO C-C S-A9 JOYROOM   : Costo=811 R=1351 -> Venta=2300 [ok]
[1254/10892] Joyroom CABLE USB TIPO C-C S-A28 JOYROOM  : Costo=1918 R=3197 -> Venta=3400 [ok]
[1255/10892] Joyroom CABLE USB LIGHTNING S-A28 JOYROO  : Costo=1687 R=2811 -> Venta=3200 [ok]
[1256/10892] Joyroom CABLE TIPO C A LIGHTNING S-A28 J  : Costo=2423 R=4038 -> Venta=3900 [ok]
[1257/10892] Joyroom CABLE TIPO C A LIGHTNING S-A9 JO  : Costo=1466 R=2442 -> Venta=3000 [ok]
[1258/10892] Joyroom CABLE TIPO C A LIGHTNING S-A14 J  : Costo=1858 R=3096 -> Venta=3400 [ok]
[1259/10892] Joyroom CABLE USB LIGHTNING S-A14 JOYROO  : Costo=1036 R=1727 -> Venta=2500 [ok]
[1260/10892] Joyroom CABLE USB TIPO C  S-A14 JOYROOM   : Costo=1036 R=1727 -> Venta=2500 [ok]
[1261/10892] Joyroom CABLE USB TIPO C-C  S-S-A14 JOYR  : Costo=1696 R=2827 -> Venta=3200 [ok]
[1262/10892] Hicell BATERIA BOTON CR2016 HICELL        : Costo=601 R=897 -> Venta=2100 [ok]
[1263/10892] Hicell BATERIA BOTON CR2032 HICELL        : Costo=601 R=897 -> Venta=2100 [ok]
[1264/10892] Hicell BATERIA ALKALINA REDONDA LR20 D H  : Costo=3289 R=4906 -> Venta=4800 [ok]
[1265/10892] BATERIA ALKALINA REDONDA LR14 C HICELL    : Costo=3161 R=4714 -> Venta=4700 [ok]
[1266/10892] YOOKIE CABLE USB TIPO C CB1 YOOKIE 1M BL  : Costo=669 R=1829 -> Venta=2200 [ok]
[1267/10892] YOOKIE AUDIFONO MANOS LIBRES YK70 YOOKIE  : Costo=1362 R=2404 -> Venta=2900 [ok]
[1268/10892] Gerlax CABLE USB TIPO C GD-68T GERLAX 1M  : Costo=1460 R=2555 -> Venta=3000 [ok]
[1269/10892] Gerlax CABLE USB LIGTHNING GD-68L GERLAX  : Costo=1293 R=2585 -> Venta=2800 [ok]
[1270/10892] Gerlax CABLE USB MICRO B GD-68V GERLAX 1  : Costo=1125 R=2249 -> Venta=2600 [ok]
[1271/10892] Gerlax CARGADOR CASA GA-39M GERLAX TIPO   : Costo=1840 R=2760 -> Venta=3300 [ok]
[1272/10892] Gerlax CABLE USB TIPO C GD-70PT GERLAX 1  : Costo=1039 R=1212 -> Venta=2500 [ok]
[1273/10892] Gerlax CABLE USB TIPO C GD-70T GERLAX 1M  : Costo=967 R=1128 -> Venta=2500 [ok]
[1274/10892] Gerlax CABLE USB MICRO B GD-70V GERLAX 1  : Costo=929 R=1084 -> Venta=2400 [ok]
[1275/10892] PLANET GROUP CABLE USB TIPO C GERLAX C-C  : Costo=475 R=678 -> Venta=2000 [ok]
[1276/10892] Gerlax CABLE USB TIPO C D26T GERLAX C-C   : Costo=796 R=1591 -> Venta=2300 [ok]
[1277/10892] Gerlax CABLE USB TIPO C GD-67T GERLAX C-  : Costo=1459 R=2918 -> Venta=3000 [ok]
[1278/10892] Gerlax CABLE USB TIPO C GD-64T GERLAX GR  : Costo=534 R=1067 -> Venta=2000 [ok]
[1279/10892] Gerlax CABLE USB MICRO B GD-64V GERLAX G  : Costo=526 R=1052 -> Venta=2000 [ok]
[1280/10892] Gerlax CABLE USB LIGHTNING GD-64L GERLAX  : Costo=619 R=1238 -> Venta=2100 [ok]
[1281/10892] Gerlax CABLE USB LIGHTNING D30L GERLAX B  : Costo=478 R=955 -> Venta=2000 [ok]
[1282/10892] Gerlax CABLE AUXILIAR 3.5MM A LIGHTNING   : Costo=926 R=1851 -> Venta=2400 [ok]
[1283/10892] Gerlax CABLE AUXILIAR 3.5MM A TIPO C GX-  : Costo=739 R=1478 -> Venta=2200 [ok]
[1284/10892] Gerlax CABLE AUXILIAR 3.5MM GX-06D GERLA  : Costo=385 R=769 -> Venta=1900 [ok]
[1285/10892] Gerlax AUDIFONO MANOS LIBRES  H16W GERLA  : Costo=2969 R=5938 -> Venta=4500 [ok]
[1286/10892] Gerlax AUDIFONO MANOS LIBRES  H15W GERLA  : Costo=3132 R=6264 -> Venta=4600 [ok]
[1287/10892] Gerlax HOLDER T09 GERLAX NEGRO            : Costo=914 R=1269 -> Venta=2400 [ok]
[1288/10892] Gerlax HOLDER T07 GERLAX NEGRO            : Costo=1665 R=2313 -> Venta=3200 [ok]
[1289/10892] Gerlax HOLDER T04 GERLAX NEGRO            : Costo=1627 R=2259 -> Venta=3100 [ok]
[1290/10892] Gerlax HOLDER T03 GERLAX NEGRO            : Costo=1280 R=1777 -> Venta=2800 [ok]
[1291/10892] Gerlax HOLDER T02 GERLAX NEGRO            : Costo=1328 R=1844 -> Venta=2800 [ok]
[1292/10892] Gerlax HOLDER T01 GERLAX NEGRO            : Costo=1686 R=2341 -> Venta=3200 [ok]
[1293/10892] PLANET GROUP CABLE USB LIGHTNING GERLAX   : Costo=317 R=452 -> Venta=1800 [ok]
[1294/10892] PLANET GROUP CABLE USB TIPO C GERLAX      : Costo=317 R=452 -> Venta=1800 [ok]
[1295/10892] IPEGA AUDIFONOS MANOS LIBRES TY-1802 IPE  : Costo=6082 R=10124 -> Venta=9100 [ok]
[1296/10892] JMARY TRIPODE Y MONOPOD KP-2294 JMARY     : Costo=21417 R=35695 -> Venta=26400 [ok]
[1297/10892] JMARY TRIPODE KP-2234 JMARY               : Costo=13459 R=22431 -> Venta=16800 [ok]
[1298/10892] JMARY TRIPODE KP-2208 JMARY               : Costo=7628 R=12713 -> Venta=10600 [ok]
[1299/10892] JMARY TRIPODE KP-2205 JMARY               : Costo=6984 R=11640 -> Venta=10000 [ok]
[1300/10892] JMARY TRIPODE MT-39 JMARY                 : Costo=6105 R=10175 -> Venta=9100 [ok]
[1301/10892] JMARY TRIPODE MT-36 JMARY                 : Costo=6262 R=10436 -> Venta=9300 [ok]
[1302/10892] LDNIO CABLE USB TIPO C LC441C LDNIO 1M N  : Costo=1009 R=2714 -> Venta=2500 [ok]
[1303/10892] Gerlax CARGADOR CASA GA-32MP GERLAX TIPO  : Costo=1724 R=2370 -> Venta=3200 [ok]
[1304/10892] YOOKIE AUDIFONO MANOS LIBRES RAIBOW BEAN  : Costo=3795 R=6696 -> Venta=5300 [ok]
[1305/10892] YOOKIE AUDIFONO MANOS LIBRES PEAD POD YO  : Costo=6079 R=10728 -> Venta=9100 [ok]
[1306/10892] YOOKIE CABLE USB TIPO C O-LINK YOOKIE 1M  : Costo=1008 R=2449 -> Venta=2500 [ok]
[1307/10892] YOOKIE CARGADOR CUBO CASA EI6 YOOKIE BLA  : Costo=1156 R=2807 -> Venta=2700 [ok]
[1308/10892] YOOKIE CARGADOR CUBO CASA EI6 YOOKIE BLA  : Costo=1233 R=2993 -> Venta=2700 [ok]
[1309/10892] YOOKIE CARGADOR CUBO CASA EI3 YOOKIE BLA  : Costo=2152 R=5225 -> Venta=3700 [ok]
[1310/10892] YOOKIE CABLE USB LIGTHNING CB70 YOOKIE 1  : Costo=946 R=2602 -> Venta=2400 [ok]
[1311/10892] YOOKIE CABLE USB TIPO C CB70 YOOKIE 1M B  : Costo=794 R=1928 -> Venta=2300 [ok]
[1312/10892] YOOKIE CABLE USB MICRO B CB1 YOOKIE 2M B  : Costo=821 R=2259 -> Venta=2300 [ok]
[1313/10892] YOOKIE CABLE USB MICRO B CB1 YOOKIE 1M B  : Costo=515 R=1418 -> Venta=2000 [ok]
[1314/10892] AUDIFONO MANOS LIBRES INTERCOMUNICADOR P  : Costo=12107 R=17296 -> Venta=15100 [ok]
[1315/10892] AUDIFONO MANOS LIBRES INTERCOMUNICADOR P  : Costo=19746 R=28208 -> Venta=24700 [ok]
[1316/10892] AUDIFONO MANOS LIBRES INTERCOMUNICADOR P  : Costo=14399 R=20570 -> Venta=18000 [ok]
[1317/10892] MICROFONO SX31 TIPO C Y LIGTHNING NEGRO   : Costo=10697 R=15281 -> Venta=13700 [ok]
[1318/10892] MICROFONO SX12 TIPO C NEGRO               : Costo=15720 R=22457 -> Venta=19600 [ok]
[1319/10892] MICROFONO SX5 TIPO C NEGRO                : Costo=9584 R=13880 -> Venta=12600 [ok]
[1320/10892] MICROFONO SX8 TIPO C NEGRO                : Costo=5470 R=7922 -> Venta=8500 [ok]
[1321/10892] Remax CABLE USB TIPO C RC-C139 REMAX REM  : Costo=1033 R=1609 -> Venta=2500 [ok]
[1322/10892] Remax CABLE USB TIPO C A LIGHTNING RC-C1  : Costo=1214 R=1890 -> Venta=2700 [ok]
[1323/10892] Remax CABLE USB TIPO C RC-154A SERIE PLA  : Costo=841 R=1261 -> Venta=2300 [ok]
[1324/10892] Remax AUDIFONOS BLUETOOTH W27 SERIE STAR  : Costo=4384 R=6421 -> Venta=5900 [ok]
[1325/10892] LDNIO CABLE USB TIPO C LS572 LDNIO BLANC  : Costo=867 R=2273 -> Venta=2400 [ok]
[1326/10892] LDNIO CABLE USB MICRO B LS572 LDNIO BLAN  : Costo=788 R=2065 -> Venta=2300 [ok]
[1327/10892] LDNIO CABLE USB LIGHTNING LS572 LDNIO BL  : Costo=867 R=2273 -> Venta=2400 [ok]
[1328/10892] LDNIO CABLE USB LIGHTNING LS571 LDNIO BL  : Costo=684 R=1792 -> Venta=2200 [ok]
[1329/10892] LDNIO CABLE USB TIPO C LS571 LDNIO BLANC  : Costo=680 R=1781 -> Venta=2200 [ok]
[1330/10892] LDNIO CABLE USB MICRO B LS571 LDNIO BLAN  : Costo=601 R=1574 -> Venta=2100 [ok]
[1331/10892] LDNIO CABLE USB LIGHTNING LS902 LDNIO BL  : Costo=734 R=1922 -> Venta=2200 [ok]
[1332/10892] LDNIO CABLE USB TIPO C-I LIGHTNING LC901  : Costo=1020 R=2693 -> Venta=2500 [ok]
[1333/10892] LDNIO CABLE USB TIPO C LC441C LDNIO 100W  : Costo=1326 R=3565 -> Venta=2800 [ok]
[1334/10892] LDNIO HOLDER CARGADOR INALAMBRICO MW21-1  : Costo=4018 R=5542 -> Venta=5500 [ok]
[1335/10892] LDNIO HOLDER CARGADOR INALAMBRICO MA30-1  : Costo=8104 R=11177 -> Venta=11100 [ok]
[1336/10892] LDNIO HOLDER CARGADOR INALAMBRICO MA22 L  : Costo=1992 R=2747 -> Venta=3500 [ok]
[1337/10892] LDNIO HOLDER CARGADOR INALAMBRICO MA23 L  : Costo=4761 R=6567 -> Venta=6300 [ok]
[1338/10892] LDNIO CARGADOR CARRO C510 LDNIO TIPO C-   : Costo=3510 R=4841 -> Venta=5000 [ok]
[1339/10892] LDNIO CARGADOR CARRO C510 LDNIO TIPO C-C  : Costo=3033 R=4183 -> Venta=4500 [ok]
[1340/10892] LDNIO CARGADOR CARRO C510 LDNIO TIPO C N  : Costo=3191 R=4401 -> Venta=4700 [ok]
[1341/10892] LDNIO CARGADOR CARRO C510 LDNIO LIGHTNIN  : Costo=3349 R=4619 -> Venta=4800 [ok]
[1342/10892] LDNIO CARGADOR CARRO C510 LDNIO MICRO B   : Costo=3033 R=4183 -> Venta=4500 [ok]
[1343/10892] LDNIO CARGADOR MOTOCICLETA C108 LDNIO     : Costo=6993 R=9645 -> Venta=10000 [ok]
[1344/10892] Remax BATERIA DE EMERGENCIA FP-1 10.000   : Costo=26736 R=40104 -> Venta=32100 [ok]
[1345/10892] Remax BATERIA DE EMERGENCIA RPP-38 20.00  : Costo=7789 R=11683 -> Venta=10800 [ok]
[1346/10892] Remax BATERIA DE EMERGENCIA SERIE NAVIGA  : Costo=23374 R=35061 -> Venta=28400 [ok]
[1347/10892] Remax BATERIA DE EMERGENCIA SERIE NAVIGA  : Costo=15322 R=22982 -> Venta=19200 [ok]
[1348/10892] Remax BATERIA DE EMERGENCIA  RPP-37 10.0  : Costo=5946 R=8918 -> Venta=8900 [ok]
[1349/10892] Remax BATERIA DE EMERGENCIA SERIE RUOLIA  : Costo=21529 R=32293 -> Venta=26500 [ok]
[1350/10892] Remax BATERIA DE EMERGENCIA SERIE WUJIE   : Costo=15513 R=23269 -> Venta=19400 [ok]
[1351/10892] Remax BATERIA DE EMERGENCIA SERIE FLUORI  : Costo=15611 R=23417 -> Venta=19500 [ok]
[1352/10892] Remax BATERIA DE EMERGENCIA SERIE NAVIGA  : Costo=6678 R=10017 -> Venta=9700 [ok]
[1353/10892] Remax BATERIA DE EMERGENCIA SERIE NAVIGA  : Costo=4956 R=7433 -> Venta=6500 [ok]
[1354/10892] Gerlax CABLE USB TIPO C D4T GERLAX 1M BL  : Costo=706 R=1129 -> Venta=2200 [ok]
[1355/10892] VENTILADOR 933-158A BLANCO                : Costo=1365 R=2133 -> Venta=2900 [ok]
[1356/10892] VENTILADOR ZB119 BLANCO                   : Costo=1319 R=2061 -> Venta=2800 [ok]
[1357/10892] VENTILADOR DD8066A BLANCO AZUL            : Costo=1834 R=2865 -> Venta=3300 [ok]
[1358/10892] VENTILADOR DD8053A VERDE                  : Costo=1797 R=2808 -> Venta=3300 [ok]
[1359/10892] VENTILADOR DD8018-5 VERDE AMARILLO        : Costo=1476 R=2307 -> Venta=3000 [ok]
[1360/10892] VENTILADOR DD8107 VERDE                   : Costo=1411 R=2204 -> Venta=2900 [ok]
[1361/10892] VENTILADOR YS2319 CAFE                    : Costo=1861 R=2907 -> Venta=3400 [ok]
[1362/10892] VENTILADOR YS2287 VERDE                   : Costo=1941 R=3033 -> Venta=3400 [ok]
[1363/10892] VENTILADOR DD8077B VERDE                  : Costo=1746 R=2727 -> Venta=3200 [ok]
[1364/10892] VENTILADOR DD8003D MORADO                 : Costo=1505 R=2351 -> Venta=3000 [ok]
[1365/10892] VENTILADOR SL206A BLANCO                  : Costo=10055 R=15711 -> Venta=13100 [ok]
[1366/10892] VENTILADOR DD5583-678 VENADO NARANJA CEL  : Costo=2406 R=3760 -> Venta=3900 [ok]
[1367/10892] VENTILADOR DD8004 ROSADO                  : Costo=2452 R=3832 -> Venta=4000 [ok]
[1368/10892] VENTILADOR DD8026S CELESTE                : Costo=2521 R=3938 -> Venta=4000 [ok]
[1369/10892] VENTILADOR CON HUMIDIFICADOR SL6619 NARA  : Costo=4773 R=7458 -> Venta=6300 [ok]
[1370/10892] VENTILADOR HUMIDIFICADOR FC-6620 VERDE    : Costo=8069 R=12608 -> Venta=11100 [ok]
[1371/10892] VENTILADOR RL-01 BLANCO                   : Costo=5813 R=9083 -> Venta=8800 [ok]
[1372/10892] Gerlax CARGADOR CASA A19ML GERLAX BLANCO  : Costo=2088 R=3480 -> Venta=3600 [ok]
[1373/10892] Gerlax CARGADOR CASA A20ML GERLAX NEGRO   : Costo=2124 R=3540 -> Venta=3600 [ok]
[1374/10892] Gerlax CARGADOR CASA A20MT GERLAX NEGRO   : Costo=1843 R=3072 -> Venta=3300 [ok]
[1375/10892] Gerlax CARGADOR CASA A19MT GERLAX BLANCO  : Costo=1843 R=3072 -> Venta=3300 [ok]
[1376/10892] Gerlax CARGADOR CASA A17M GERLAX BLANCO   : Costo=2825 R=4708 -> Venta=4300 [ok]
[1377/10892] Gerlax CARGADOR CASA A14M GERLAX BLANCO   : Costo=1314 R=2190 -> Venta=2800 [ok]
[1378/10892] Gerlax CARGADOR CUBO CASA A190M GERLAX B  : Costo=1420 R=2367 -> Venta=2900 [ok]
[1379/10892] Gerlax CABLE USB TIPO C D2T GERLAX 1M NE  : Costo=574 R=1147 -> Venta=2100 [ok]
[1380/10892] Gerlax CABLE USB LIGHTNING D3L GERLAX 1M  : Costo=660 R=1320 -> Venta=2200 [ok]
[1381/10892] Gerlax CABLE USB TIPO C D3T GERLAX 1M BL  : Costo=595 R=1190 -> Venta=2100 [ok]
[1382/10892] Gerlax CABLE USB MICRO B D3V GERLAX 1M B  : Costo=316 R=562 -> Venta=1800 [ok]
[1383/10892] Gerlax CABLE USB MICRO B D2V GERLAX 1M B  : Costo=518 R=1035 -> Venta=2000 [ok]
[1384/10892] Gerlax CABLE USB TIPO C D14T GERLAX 1M B  : Costo=14065 R=24614 -> Venta=17600 [ok]
[1385/10892] Gerlax CABLE USB MICRO B D14V GERLAX 1M   : Costo=12550 R=21962 -> Venta=15700 [ok]
[1386/10892] Gerlax CABLE USB LIGHTNING D19L GERLAX 1  : Costo=638 R=1275 -> Venta=2100 [ok]
[1387/10892] Gerlax CABLE USB TIPO C D19T GERLAX 1M B  : Costo=552 R=1103 -> Venta=2100 [ok]
[1388/10892] Gerlax CABLE USB MICRO B D19V GERLAX 1M   : Costo=495 R=990 -> Venta=2000 [ok]
[1389/10892] Gerlax CABLE USB LIGHTNING GD-54L3 GERLA  : Costo=2208 R=3863 -> Venta=3700 [ok]
[1390/10892] Gerlax CABLE USB MICRO B GD-54V3 GERLAX   : Costo=1992 R=3485 -> Venta=3500 [ok]
[1391/10892] Gerlax CABLE USB TIPO C GD-54T3 GERLAX 3  : Costo=2042 R=4084 -> Venta=3500 [ok]
[1392/10892] Gerlax CABLE USB TIPO C D18T GERLAX 1M B  : Costo=726 R=1451 -> Venta=2200 [ok]
[1393/10892] Gerlax CABLE USB MULTIPLATAFORMA D24 GER  : Costo=1738 R=2607 -> Venta=3200 [ok]
[1394/10892] Gerlax CABLE USB MULTIPLATAFORMA L21 GER  : Costo=1032 R=1433 -> Venta=2500 [ok]
[1395/10892] Gerlax CABLE USB LIGHTNING L26T GERLAX V  : Costo=601 R=1603 -> Venta=2100 [ok]
[1396/10892] Gerlax CABLE USB MULTIPLATAFORMA GD-57 G  : Costo=1051 R=1459 -> Venta=2600 [ok]
[1397/10892] Gerlax CABLE USB LIGHTNING GD-63L2 GERLA  : Costo=1748 R=3059 -> Venta=3200 [ok]
[1398/10892] Gerlax CABLE USB TIPO C GD-63T2 GERLAX C  : Costo=1492 R=2611 -> Venta=3000 [ok]
[1399/10892] Gerlax CABLE USB LIGHTNING GD-59L GERLAX  : Costo=1890 R=3307 -> Venta=3400 [ok]
[1400/10892] Gerlax CABLE USB TIPO C GD-59T GERLAX 1M  : Costo=1795 R=3141 -> Venta=3300 [ok]
[1401/10892] Gerlax CABLE USB LIGHTNING GD-58L2 GERLA  : Costo=1617 R=2829 -> Venta=3100 [ok]
[1402/10892] Gerlax CABLE USB TIPO C GD-58V2 GERLAX 2  : Costo=1578 R=2762 -> Venta=3100 [ok]
[1403/10892] Gerlax CABLE USB MICRO B GD-58V2 GERLAX   : Costo=1502 R=2627 -> Venta=3000 [ok]
[1404/10892] Gerlax AUDIFONO MANOS LIBRES E1W GERLAX   : Costo=347 R=613 -> Venta=1800 [ok]
[1405/10892] Gerlax AUDIFONO MANOS LIBRES E20 GERLAX   : Costo=973 R=1716 -> Venta=2500 [ok]
[1406/10892] Gerlax AUDIFONO MANOS LIBRES E19 GERLAX   : Costo=568 R=1003 -> Venta=2100 [ok]
[1407/10892] Gerlax HOLDER GT-3 GERLAX NEGRO           : Costo=1583 R=2827 -> Venta=3100 [ok]
[1408/10892] Gerlax HOLDER CARGADOR INALAMBRICO GT-24  : Costo=2701 R=4823 -> Venta=4200 [ok]
[1409/10892] Gerlax HOLDER CARGADOR INALAMBRICO GT-25  : Costo=3249 R=5415 -> Venta=4700 [ok]
[1410/10892] Gerlax TRANSMISOR FM CARGADOR C-M9 GERLA  : Costo=2132 R=4263 -> Venta=3600 [ok]
[1411/10892] Gerlax CARGADOR CASA A2ML GERLAX BLANCO   : Costo=1307 R=2940 -> Venta=2800 [ok]
[1412/10892] Gerlax CARGADOR CASA A3MT GERLAX BLANCO   : Costo=1209 R=2719 -> Venta=2700 [ok]
[1413/10892] Gerlax CARGADOR CASA A3MV GERLAX BLANCO   : Costo=1068 R=1780 -> Venta=2600 [ok]
[1414/10892] Gerlax CARGADOR CUBO CASA A300M GERLAX B  : Costo=1144 R=1906 -> Venta=2600 [ok]
[1415/10892] Gerlax CARGADOR CASA A2ML GERLAX BLANCO   : Costo=1269 R=2855 -> Venta=2800 [ok]
[1416/10892] Gerlax CARGADOR CASA A2MT GERLAX BLANCO   : Costo=1250 R=2812 -> Venta=2800 [ok]
[1417/10892] Gerlax CARGADOR CASA A2MV GERLAX BLANCO   : Costo=1229 R=2764 -> Venta=2700 [ok]
[1418/10892] Gerlax CARGADOR CUBO CASA A2MS GERLAX BL  : Costo=647 R=1078 -> Venta=2100 [ok]
[1419/10892] Gerlax CARGADOR CASA A8ML GERLAX BLANCO   : Costo=1984 R=3306 -> Venta=3500 [ok]
[1420/10892] Gerlax CARGADOR CASA A8MT GERLAX BLANCO   : Costo=1820 R=3034 -> Venta=3300 [ok]
[1421/10892] Gerlax CARGADOR CUBO CASA A8M GERLAX BLA  : Costo=1580 R=2633 -> Venta=3100 [ok]
[1422/10892] Gerlax CARGADOR CUBO CASA A9MS GERLAX BL  : Costo=532 R=1064 -> Venta=2000 [ok]
[1423/10892] Gerlax CARGADOR CASA A9ML GERLAX BLANCO   : Costo=1209 R=2719 -> Venta=2700 [ok]
[1424/10892] Gerlax CARGADOR CASA A9MT GERLAX BLANCO   : Costo=1227 R=2045 -> Venta=2700 [ok]
[1425/10892] Gerlax CARGADOR CASA A9MV GERLAX BLANCO   : Costo=1056 R=2376 -> Venta=2600 [ok]
[1426/10892] Gerlax CARGADOR CUBO CASA A13MS GERLAX B  : Costo=510 R=1020 -> Venta=2000 [ok]
[1427/10892] Gerlax CARGADOR CASA A13MV GERLAX BLANCO  : Costo=680 R=1132 -> Venta=2200 [ok]
[1428/10892] Gerlax CARGADOR CASA A13MT GERLAX BLANCO  : Costo=810 R=1821 -> Venta=2300 [ok]
[1429/10892] Gerlax CARGADOR CUBO CASA GA-19MF GERLAX  : Costo=1697 R=3959 -> Venta=3200 [ok]
[1430/10892] YOOKIE CABLE USB LIGHTNING CB23 YOOKIE R  : Costo=883 R=2414 -> Venta=2400 [ok]
[1431/10892] YOOKIE CABLE USB TIPO C CB22 YOOKIE BLAN  : Costo=1470 R=3267 -> Venta=3000 [ok]
[1432/10892] YOOKIE CARGADOR CUBO CASA KI202 YOOKIE B  : Costo=986 R=1972 -> Venta=2500 [ok]
[1433/10892] Youshengku CARGADOR CUBO CARRO Y-45 YOUS  : Costo=1776 R=2475 -> Venta=3300 [ok]
[1434/10892] Youshengku CARGADOR CUBO CARRO Y-34 YOUS  : Costo=2036 R=2837 -> Venta=3500 [ok]
[1435/10892] Youshengku CARGADOR CUBO CARRO Y-33 YOUS  : Costo=2036 R=2837 -> Venta=3500 [ok]
[1436/10892] Youshengku CABLE USB TIPO C  K-68 YOUSHE  : Costo=1510 R=3430 -> Venta=3000 [ok]
[1437/10892] Youshengku CABLE USB MICRO B K-68 YOUSHE  : Costo=1384 R=3146 -> Venta=2900 [ok]
[1438/10892] Youshengku CABLE USB TIPO C  K-53 YOUSHE  : Costo=1685 R=3829 -> Venta=3200 [ok]
[1439/10892] Youshengku CABLE USB TIPO C  K-44 YOUSHE  : Costo=1474 R=2947 -> Venta=3000 [ok]
[1440/10892] Gerlax CABLE USB MICRO B GD-56V GERLAX 1  : Costo=825 R=1443 -> Venta=2300 [ok]
[1441/10892] Gerlax CABLE USB MICRO B L24V GERLAX 1M   : Costo=606 R=1060 -> Venta=2100 [ok]
[1442/10892] Gerlax CABLE AUXILIAR 3.5MM A TIPO C GX-  : Costo=789 R=1533 -> Venta=2300 [ok]
[1443/10892] Gerlax CABLE USB TIPO C GD-56T GERLAX 1M  : Costo=905 R=1583 -> Venta=2400 [ok]
[1444/10892] Gerlax CABLE USB TIPO C L36T GERLAX 1M G  : Costo=582 R=1018 -> Venta=2100 [ok]
[1445/10892] Gerlax CABLE USB LIGTHNING GX-05L GERLAX  : Costo=1198 R=2096 -> Venta=2700 [ok]
[1446/10892] Gerlax CABLE USB LIGTHNING GD-56L GERLAX  : Costo=943 R=1650 -> Venta=2400 [ok]
[1447/10892] Gerlax CABLE USB LIGTHNING GD-51L GERLAX  : Costo=1372 R=2401 -> Venta=2900 [ok]
[1448/10892] Gerlax CABLE USB LIGTHNING GD-58 GERLAX   : Costo=1029 R=1801 -> Venta=2500 [ok]
[1449/10892] Gerlax CABLE USB TIPO C GD-58 GERLAX 1M   : Costo=821 R=1436 -> Venta=2300 [ok]
[1450/10892] Gerlax CABLE USB MICRO B GD-58V GERLAX 1  : Costo=863 R=1510 -> Venta=2400 [ok]
[1451/10892] Gerlax CARGADOR CUBO CASA GA-40MS GERLAX  : Costo=6003 R=8804 -> Venta=9000 [ok]
[1452/10892] Fineblue AUDIFONO MANOS LIBRES F580 FINE  : Costo=6477 R=12954 -> Venta=9500 [ok]
[1453/10892] Gerlax CABLE USB TIPO C D15T GERLAX 1M B  : Costo=727 R=1338 -> Venta=2200 [ok]
[1454/10892] Gerlax CABLE AUXILIAR 3.5MM GX-06D2 GERL  : Costo=664 R=1327 -> Venta=2200 [ok]
[1455/10892] Joyroom HOLDER JR-ZS408 JOYROOM NEGRO     : Costo=12609 R=22043 -> Venta=15800 [ok]
[1456/10892] Joyroom HOLDER JR-ZS373 JOYROOM PLATEADO  : Costo=10479 R=18320 -> Venta=13500 [ok]
[1457/10892] Joyroom HOLDER JR-ZS413 JOYROOM NEGRO     : Costo=9333 R=16316 -> Venta=12300 [ok]
[1458/10892] Amaya BATERIA EMERGENECIA APB-WF51 AMAYA  : Costo=19428 R=34692 -> Venta=24300 [ok]
[1459/10892] Planet CARGADOR CASA P-01 PLANET BLANCO   : Costo=5356 R=11477 -> Venta=8400 [ok]
[1460/10892] Youshengku AUDIFONO MANOS LIBRES YSK-148  : Costo=3113 R=5377 -> Venta=4600 [ok]
[1461/10892] Youshengku CABLE USB LIGTHNING K-14 YOUS  : Costo=1407 R=2088 -> Venta=2900 [ok]
[1462/10892] Youshengku CABLE USB LIGTHNING K-49 YOUS  : Costo=1040 R=1544 -> Venta=2500 [ok]
[1463/10892] Youshengku CARGADOR CASA Y-56  YOUSHENGK  : Costo=621 R=1108 -> Venta=2100 [ok]
[1464/10892] Youshengku CARGADOR CASA Y-54 YOUSHENGKU  : Costo=1888 R=3372 -> Venta=3400 [ok]
[1465/10892] Youshengku CARGADOR CASA Y-31 YOUSHENGKU  : Costo=1538 R=2745 -> Venta=3000 [ok]
[1466/10892] Youshengku CARGADOR CUBO CARRO Y-32 YOUS  : Costo=2241 R=3124 -> Venta=3700 [ok]
[1467/10892] Youshengku CARGADOR CASA Y-50  YOUSHENGK  : Costo=900 R=1606 -> Venta=2400 [ok]
[1468/10892] Youshengku CARGADOR CASA Y-37 YOUSHENGKU  : Costo=1745 R=3115 -> Venta=3200 [ok]
[1469/10892] Youshengku CARGADOR CASA Y-60 YOUSHENGKU  : Costo=634 R=940 -> Venta=2100 [ok]
[1470/10892] Youshengku CARGADOR CASA Y-60 YOUSHENGKU  : Costo=594 R=881 -> Venta=2100 [ok]
[1471/10892] Youshengku CARGADOR CASA Y-56 YOUSHENGKU  : Costo=581 R=1037 -> Venta=2100 [ok]
[1472/10892] Youshengku CARGADOR CASA Y-59 YOUSHENGKU  : Costo=944 R=1888 -> Venta=2400 [ok]
[1473/10892] Youshengku CARGADOR CASA Y-35 YOUSHENGKU  : Costo=1729 R=3087 -> Venta=3200 [ok]
[1474/10892] Youshengku CARGADOR CASA Y-28 YOUSHENGKU  : Costo=1190 R=2125 -> Venta=2700 [ok]
[1475/10892] Youshengku CARGADOR CASA Y-55 YOUSHENGKU  : Costo=476 R=1867 -> Venta=2000 [ok]
[1476/10892] Youshengku CABLE USB TIPO C K-50 YOUSHEN  : Costo=1309 R=2975 -> Venta=2800 [ok]
[1477/10892] Youshengku CABLE USB MICRO B K-14  YOUSH  : Costo=2086 R=4740 -> Venta=3600 [ok]
[1478/10892] Youshengku CABLE USB MICRO B K-54 YOUSHE  : Costo=680 R=1544 -> Venta=2200 [ok]
[1479/10892] Youshengku CABLE USB TIPO C K-48 YOUSHEN  : Costo=1911 R=4341 -> Venta=3400 [ok]
[1480/10892] Youshengku CABLE USB TIPO C K-45 YOUSHEN  : Costo=1535 R=3487 -> Venta=3000 [ok]
[1481/10892] Youshengku CABLE USB TIPO C K-54 YOUSHEN  : Costo=730 R=1658 -> Venta=2200 [ok]
[1482/10892] Youshengku CABLE USB TIPO C K-47 YOUSHEN  : Costo=603 R=1370 -> Venta=2100 [ok]
[1483/10892] Youshengku CABLE USB TIPO C K-62 YOUSHEN  : Costo=474 R=1076 -> Venta=2000 [ok]
[1484/10892] Youshengku CABLE USB MICRO B K-62 YOUSHE  : Costo=424 R=962 -> Venta=1900 [ok]
[1485/10892] Youshengku AUDIFONO MANOS LIBRES YSK-158  : Costo=829 R=1431 -> Venta=2300 [ok]
[1486/10892] Youshengku AUDIFONO MANOS LIBRES YSK-157  : Costo=779 R=1344 -> Venta=2300 [ok]
[1487/10892] Youshengku AUDIFONO MANOS LIBRES YSK-111  : Costo=2286 R=3949 -> Venta=3800 [ok]
[1488/10892] Youshengku AUDIFONO MANOS LIBRES YSK-169  : Costo=1844 R=2537 -> Venta=3300 [ok]
[1489/10892] YOOKIE CABLE USB LIGHTNING DB05 YOOKIE B  : Costo=1047 R=2991 -> Venta=2500 [ok]
[1490/10892] YOOKIE CABLE USB TIPO C DB03 YOOKIE BLAN  : Costo=1073 R=3066 -> Venta=2600 [ok]
[1491/10892] YOOKIE CABLE USB TIPO C DB12 YOOKIE BLAN  : Costo=1466 R=2526 -> Venta=3000 [ok]
[1492/10892] YOOKIE CABLE USB LIGHTNING CB86 YOOKIE N  : Costo=1422 R=2560 -> Venta=2900 [ok]
[1493/10892] YOOKIE CABLE USB LIGHTNING CB89 YOOKIE B  : Costo=1241 R=2233 -> Venta=2700 [ok]
[1494/10892] YOOKIE CABLE USB TIPO C CB89 YOOKIE BLAN  : Costo=695 R=1985 -> Venta=2200 [ok]
[1495/10892] YOOKIE CABLE USB TIPO C CB86 YOOKIE NEGR  : Costo=1483 R=2669 -> Venta=3000 [ok]
[1496/10892] YOOKIE CABLE USB MICRO B CB86 YOOKIE NEG  : Costo=1123 R=2021 -> Venta=2600 [ok]
[1497/10892] YOOKIE CABLE USB MICRO B CB89 YOOKIE BLA  : Costo=967 R=1741 -> Venta=2500 [ok]
[1498/10892] YOOKIE CABLE USB TIPO C EC02 YOOKIE BLAN  : Costo=828 R=1489 -> Venta=2300 [ok]
[1499/10892] YOOKIE CABLE USB MICRO B EC02 YOOKIE BLA  : Costo=745 R=1342 -> Venta=2200 [ok]
[1500/10892] YOOKIE AUDIFONOS MANOS LIBRES YOOKIE XP1  : Costo=2441 R=3756 -> Venta=3900 [ok]
[1501/10892] YOOKIE AUDIFONO MANOS LIBRES EK02 YOOKIE  : Costo=642 R=1003 -> Venta=2100 [ok]
[1502/10892] YOOKIE CABLE USB MICRO B CB23 YOOKIE BLA  : Costo=883 R=2414 -> Venta=2400 [ok]
[1503/10892] YOOKIE CABLE USB TIPO C CB21 YOOKIE BLAN  : Costo=2746 R=7508 -> Venta=4200 [ok]
[1504/10892] YOOKIE CABLE USB TIPO C CB9 YOOKIE BLANC  : Costo=812 R=1623 -> Venta=2300 [ok]
[1505/10892] YOOKIE CABLE USB TIPO C CB26 YOOKIE NEGR  : Costo=1392 R=3805 -> Venta=2900 [ok]
[1506/10892] YOOKIE CABLE USB LIGTHNING CB26 YOOKIE N  : Costo=1367 R=3736 -> Venta=2900 [ok]
[1507/10892] YOOKIE CABLE USB MICRO B CB26 YOOKIE NEG  : Costo=1214 R=3317 -> Venta=2700 [ok]
[1508/10892] YOOKIE CABLE USB MICRO B CB22 YOOKIE BLA  : Costo=1084 R=2409 -> Venta=2600 [ok]
[1509/10892] IPEGA VENTILADOR  PARA CELULAR AL-12 NGR  : Costo=6909 R=11515 -> Venta=9900 [ok]
[1510/10892] CARGADOR INALAMBRICO Y58 GRIS             : Costo=7477 R=10531 -> Venta=10500 [ok]
[1511/10892] CARGADOR INALAMBRICO V22 GRIS             : Costo=14860 R=20929 -> Venta=18600 [ok]
[1512/10892] CARGADOR INALAMBRICO C16 GRIS             : Costo=11846 R=16685 -> Venta=14800 [ok]
[1513/10892] CARGADOR INALAMBRICO X6 GRIS              : Costo=12817 R=18052 -> Venta=16000 [ok]
[1514/10892] CARGADOR INALAMBRICO W91 GRIS             : Costo=12709 R=17899 -> Venta=15900 [ok]
[1515/10892] CARGADOR INALAMBRICO W27 GRIS             : Costo=17724 R=24964 -> Venta=22200 [ok]
[1516/10892] Gerlax CABLE USB LIGHTNING GD-52L2 GERLA  : Costo=1475 R=3442 -> Venta=3000 [ok]
[1517/10892] Gerlax CABLE USB TIPO C GD-52T2 GERLAX 2  : Costo=960 R=2239 -> Venta=2500 [ok]
[1518/10892] Gerlax CABLE USB MICRO B GD-51V GERLAX 1  : Costo=1253 R=2922 -> Venta=2800 [ok]
[1519/10892] Gerlax CABLE USB TIPO C L40T GERLAX 1M B  : Costo=1672 R=3343 -> Venta=3200 [ok]
[1520/10892] Gerlax CABLE USB TIPO C L41T GERLAX 1M N  : Costo=1303 R=2606 -> Venta=2800 [ok]
[1521/10892] Gerlax CABLE USB LIGTHNING L40L GERLAX 1  : Costo=1929 R=3857 -> Venta=3400 [ok]
[1522/10892] Gerlax CABLE USB TIPO C A LIGTHNING L39L  : Costo=1843 R=3686 -> Venta=3300 [ok]
[1523/10892] Gerlax CABLE USB TIPO C LL39T GERLAX 1M   : Costo=1329 R=2658 -> Venta=2800 [ok]
[1524/10892] Gerlax CABLE USB TIPO C-C L35T GERLAX 1M  : Costo=1011 R=2022 -> Venta=2500 [ok]
[1525/10892] Gerlax CABLE USB LIGTNING L33L GERLAX 1M  : Costo=1038 R=2075 -> Venta=2500 [ok]
[1526/10892] Gerlax CABLE USB TIPO C L33T GERLAX 1M N  : Costo=986 R=1972 -> Venta=2500 [ok]
[1527/10892] Gerlax CABLE USB LIGTHNING L30L GERLAX 1  : Costo=1155 R=2021 -> Venta=2700 [ok]
[1528/10892] Gerlax CABLE USB TIPO C GD-51TB GERLAX 1  : Costo=1003 R=2006 -> Venta=2500 [ok]
[1529/10892] Gerlax CABLE USB MICRO B GD-52V2 GERLAX   : Costo=1338 R=2676 -> Venta=2800 [ok]
[1530/10892] Gerlax CABLE USB MICRO B L36V GERLAX 1M   : Costo=656 R=1312 -> Venta=2200 [ok]
[1531/10892] Gerlax CABLE USB MICRO B L33V GERLAX 1M   : Costo=1201 R=2101 -> Venta=2700 [ok]
[1532/10892] Gerlax CABLE USB MICRO B L30V GERLAX 1M   : Costo=972 R=1701 -> Venta=2500 [ok]
[1533/10892] Gerlax CABLE USB MICRO B L28V GERLAX 1M   : Costo=839 R=1468 -> Venta=2300 [ok]
[1534/10892] Gerlax CABLE USB TIPO C L28T GERLAX 1M G  : Costo=953 R=1668 -> Venta=2500 [ok]
[1535/10892] Gerlax CABLE USB LIGHTNING L28L GERLAX 1  : Costo=1022 R=1788 -> Venta=2500 [ok]
[1536/10892] Gerlax CABLE USB LIGHTNING L12 GERLAX 1M  : Costo=762 R=1332 -> Venta=2300 [ok]
[1537/10892] Gerlax CABLE USB MICRO B L12 GERLAX 1M B  : Costo=656 R=1148 -> Venta=2200 [ok]
[1538/10892] Gerlax CARGADOR CASA GA-41M GERLAX BLANC  : Costo=2387 R=5569 -> Venta=3900 [ok]
[1539/10892] Gerlax CARGADOR CUBO CASA GA-35MS GERLAX  : Costo=1983 R=3966 -> Venta=3500 [ok]
[1540/10892] Gerlax AUDIFONO MANOS LIBRES E7 GERLAX    : Costo=672 R=1344 -> Venta=2200 [ok]
[1541/10892] Gerlax AUDIFONO MANOS LIBRES E3 GERLAX B  : Costo=748 R=1308 -> Venta=2200 [ok]
[1542/10892] Gerlax AUDIFONO MANOS LIBRES E4 GERLAX    : Costo=725 R=1087 -> Venta=2200 [ok]
[1543/10892] Gerlax AUDIFONO MANOS LIBRES GE-11 GERLA  : Costo=2074 R=4148 -> Venta=3600 [ok]
[1544/10892] Gerlax AUDIFONO MANOS LIBRES GE-24T GERL  : Costo=2716 R=5431 -> Venta=4200 [ok]
[1545/10892] Gerlax TRANSMISOR FM CARGADOR MULTIPLATA  : Costo=4765 R=9530 -> Venta=6300 [ok]
[1546/10892] Gerlax TRANSMISOR FM CARGADOR GC-M4 GERL  : Costo=3052 R=6104 -> Venta=4600 [ok]
[1547/10892] Gerlax TRANSMISOR FM CARGADOR GC-M1 GERL  : Costo=3052 R=6104 -> Venta=4600 [ok]
[1548/10892] Joyroom CARGADOR CUBO JR-CCL01 JOYROOM N  : Costo=10072 R=17608 -> Venta=13100 [ok]
[1549/10892] Joyroom CARGADOR CUBO CASA JJR-TCF20 JOY  : Costo=3146 R=5500 -> Venta=4600 [ok]
[1550/10892] Joyroom CARGADOR CUBO UNIVERAL JR-TCW016  : Costo=11442 R=20003 -> Venta=14400 [ok]
[1551/10892] Joyroom CABLE USB TIPO C  S-A9 JOYROOM 2  : Costo=910 R=1590 -> Venta=2400 [ok]
[1552/10892] Joyroom CABLE USB TIPO C S-A9 JOYROOM 1M  : Costo=617 R=1078 -> Venta=2100 [ok]
[1553/10892] Joyroom CARGADOR CUBO CASA JR-TCF21 JOYR  : Costo=4123 R=7208 -> Venta=5600 [ok]
[1554/10892] AUDIFONO MANOS LIBRES BLUETOOTH PARA CAS  : Costo=11765 R=25736 -> Venta=14800 [ok]
[1555/10892] AUDIFONO MANOS LIBRES BLUETOOTH PARA CAS  : Costo=16662 R=36448 -> Venta=20800 [ok]
[1556/10892] AUDIFONO MANOS LIBRES INTERCOMUNICADOR P  : Costo=8123 R=11604 -> Venta=11100 [ok]
[1557/10892] AUDIFONO MANOS LIBRES INTERCOMUNICADOR P  : Costo=34616 R=49451 -> Venta=41500 [ok]
[1558/10892] AUDIFONO MANOS LIBRES INTERCOMUNICADOR P  : Costo=30685 R=65753 -> Venta=36800 [ok]
[1559/10892] AUDIFONO MANOS LIBRES PARA CASCO Q08 NEG  : Costo=12483 R=29127 -> Venta=15600 [ok]
[1560/10892] AUDIFONO MANOS LIBRES INTERCOMUNICADOR P  : Costo=13329 R=19042 -> Venta=16700 [ok]
[1561/10892] Youshengku CARGADOR CASA Y-41 YOUSHENGKU  : Costo=822 R=1644 -> Venta=2300 [ok]
[1562/10892] YOOKIE AUDIFONOS MANOS LIBRES YK71 YOOKI  : Costo=1333 R=1904 -> Venta=2800 [ok]
[1563/10892] YOOKIE AUDIFONOS MANOS LIBRES DB11 YOOKI  : Costo=2491 R=3832 -> Venta=4000 [ok]
[1564/10892] YOOKIE VENTILADOR FZM-03 YOOKIE BLANCO    : Costo=9695 R=13850 -> Venta=12700 [ok]
[1565/10892] YOOKIE CABLE USB TIPO C EC01 YOOKIE NEGR  : Costo=464 R=1267 -> Venta=2000 [ok]
[1566/10892] Amaya BATERIA DE EMERGENCIA APW-13 BLANC  : Costo=10146 R=14268 -> Venta=13100 [ok]
[1567/10892] Amaya CABLE USB TIPO C-C ACD-C30 AZUL 1M  : Costo=1611 R=2391 -> Venta=3100 [ok]
[1568/10892] Amaya BATERIA DE EMERGENCIA APB-WFD28 BL  : Costo=21839 R=30711 -> Venta=26800 [ok]
[1569/10892] YOOKIE CABLE USB MICRO B CB17 YOOKIE BLA  : Costo=402 R=977 -> Venta=1900 [ok]
[1570/10892] YOOKIE CABLE USB TIPO C CB17 YOOKIE BLAN  : Costo=562 R=1365 -> Venta=2100 [ok]
[1571/10892] YOOKIE CABLE USB TIPO C CB22 YOOKIE BLAN  : Costo=1310 R=3580 -> Venta=2800 [ok]
[1572/10892] YOOKIE CABLE USB TIPO C CB28 YOOKIE BLAN  : Costo=898 R=2181 -> Venta=2400 [ok]
[1573/10892] YOOKIE CABLE USB TIPO C CB1 YOOKIE 3M BL  : Costo=1204 R=2923 -> Venta=2700 [ok]
[1574/10892] YOOKIE CABLE USB MICRO B CB1 YOOKIE 3M B  : Costo=1087 R=2972 -> Venta=2600 [ok]
[1575/10892] YOOKIE CABLE USB MICRO B CB28 YOOKIE BLA  : Costo=862 R=2355 -> Venta=2400 [ok]
[1576/10892] YOOKIE CABLE USB MICRO B EC01 YOOKIE NEG  : Costo=418 R=1141 -> Venta=1900 [ok]
[1577/10892] YOOKIE CARGADOR CUBO CASA KI202 YOOKIE B  : Costo=788 R=1913 -> Venta=2300 [ok]
[1578/10892] YOOKIE CARGADOR CUBO CASA EI2 YOOKIE BLA  : Costo=1776 R=2637 -> Venta=3300 [ok]
[1579/10892] YOOKIE CARGADOR CUBO CASA EI2 YOOKIE NEG  : Costo=1541 R=3741 -> Venta=3000 [ok]
[1580/10892] YOOKIE CARGADOR CUBO CASA E18 YOOKIE BLA  : Costo=1832 R=2719 -> Venta=3300 [ok]
[1581/10892] YOOKIE CABLE USB TIPO C CB33 YOOKIE BLAN  : Costo=1809 R=2644 -> Venta=3300 [ok]
[1582/10892] YOOKIE VENTILADOR  A07 YOOKIE BEIGE       : Costo=33713 R=48162 -> Venta=40500 [ok]
[1583/10892] YOOKIE VENTILADOR  A02 YOOKIE BLANCO      : Costo=5502 R=7860 -> Venta=8500 [ok]
[1584/10892] YOOKIE VENTILADOR  A11 YOOKIE NEGRO       : Costo=3981 R=5687 -> Venta=5500 [ok]
[1585/10892] YOOKIE CARGADOR INALAMBRICO KI95 YOOKIE   : Costo=4232 R=6185 -> Venta=5700 [ok]
[1586/10892] YOOKIE CARGADOR INALAMBRICO KI76 YOOKIE   : Costo=3259 R=4763 -> Venta=4800 [ok]
[1587/10892] YOOKIE CARGADOR INALAMBRICO KI207 YOOKIE  : Costo=10036 R=14668 -> Venta=13000 [ok]
[1588/10892] YOOKIE CARGADOR INALAMBRICO YE27 YOOKIE   : Costo=10792 R=15773 -> Venta=13800 [ok]
[1589/10892] Greatthink BATERIA DE EMERGENCIA GTP-98   : Costo=32417 R=45383 -> Venta=38900 [ok]
[1590/10892] Greatthink BATERIA DE EMERGENCIA GTP-520  : Costo=5769 R=8077 -> Venta=8800 [ok]
[1591/10892] Greatthink BATERIA DE EMERGENCIA GTP-519  : Costo=5769 R=8077 -> Venta=8800 [ok]
[1592/10892] Greatthink BATERIA DE EMERGENCIA GTP-H3   : Costo=8905 R=12466 -> Venta=11900 [ok]
[1593/10892] Greatthink BATERIA DE EMERGENCIA GTP-43   : Costo=8905 R=12466 -> Venta=11900 [ok]
[1594/10892] Greatthink BATERIA DE EMERGENCIA GTP-42   : Costo=8511 R=11915 -> Venta=11500 [ok]
[1595/10892] Greatthink BATERIA DE EMERGENCIA G8600 P  : Costo=28324 R=39653 -> Venta=34000 [ok]
[1596/10892] Greatthink BATERIA DE EMERGENCIA G8700 P  : Costo=32264 R=45169 -> Venta=38700 [ok]
[1597/10892] Remax BATERIA DE EMERGENCIA RPP-28 5.000  : Costo=8221 R=11509 -> Venta=11200 [ok]
[1598/10892] Remax CARGADOR CUBO CASA RP-U37 SERIE JA  : Costo=3081 R=4573 -> Venta=4600 [ok]
[1599/10892] Taigexin VENTILADOR MORADO                : Costo=6062 R=8660 -> Venta=9100 [ok]
[1600/10892] Taigexin VENTILADOR 2026 ROSADO           : Costo=5624 R=8035 -> Venta=8600 [ok]
[1601/10892] VENTILADOR FZM-03 BLANCO AZUL             : Costo=5078 R=7253 -> Venta=8100 [ok]
[1602/10892] VENTILADOR W1632-2 VERDE                  : Costo=2125 R=3036 -> Venta=3600 [ok]
[1603/10892] LAMPARA DM1001 ROSADA                     : Costo=2800 R=4000 -> Venta=4300 [ok]
[1604/10892] VENTILADOR DD8085T VERDE                  : Costo=5390 R=7700 -> Venta=8400 [ok]
[1605/10892] VENTILADOR MLS6102-1B VERDE               : Costo=5965 R=8521 -> Venta=9000 [ok]
[1606/10892] VENTILADOR LT-3183 ROSADO                 : Costo=14718 R=21026 -> Venta=18400 [ok]
[1607/10892] VENTILADOR YS2263B MORADO                 : Costo=6720 R=9600 -> Venta=9700 [ok]
[1608/10892] VENTILADOR G8833T ROSADO                  : Costo=3096 R=4422 -> Venta=4600 [ok]
[1609/10892] VENTILADOR K46 AMARILLO                   : Costo=2815 R=4022 -> Venta=4300 [ok]
[1610/10892] LAMPARA  MU339 ROSADA                     : Costo=1879 R=2684 -> Venta=3400 [ok]
[1611/10892] LAMPARA MU337 ROSADA MORADA               : Costo=1877 R=2681 -> Venta=3400 [ok]
[1612/10892] LAMPARA FY004L CELESTE                    : Costo=2384 R=3406 -> Venta=3900 [ok]
[1613/10892] VENTILADOR DD5592 ROSADO                  : Costo=3150 R=4499 -> Venta=4600 [ok]
[1614/10892] VENTILADOR DD8019T AMARILLO               : Costo=3980 R=5686 -> Venta=5500 [ok]
[1615/10892] VENTILADOR FC-6616 BLANCO                 : Costo=3724 R=5319 -> Venta=5200 [ok]
[1616/10892] VENTILADOR YS2298B BEIGE                  : Costo=13302 R=19003 -> Venta=16600 [ok]
[1617/10892] VENTILADOR HUMIDIFICADOR FC6624 ROSADO    : Costo=4630 R=6614 -> Venta=6100 [ok]
[1618/10892] VENTILADOR HQ66-15 ROSADO                 : Costo=12430 R=17757 -> Venta=15500 [ok]
[1619/10892] VENTILADOR HQ66-21 AZUL AZUL              : Costo=2997 R=4281 -> Venta=4500 [ok]
[1620/10892] VENTILADOR MU350A BLANCO                  : Costo=2198 R=3140 -> Venta=3700 [ok]
[1621/10892] VENTILADOR MU339A ROSADO                  : Costo=2151 R=3072 -> Venta=3700 [ok]
[1622/10892] VENTILADOR SQ1978T BEIGE                  : Costo=2751 R=3929 -> Venta=4300 [ok]
[1623/10892] VENTILADOR DD8061-1 AMARILLO              : Costo=1565 R=2235 -> Venta=3100 [ok]
[1624/10892] VENTILADOR SQ2185B AMARILLO               : Costo=2526 R=3608 -> Venta=4000 [ok]
[1625/10892] VENTILADOR YS2230B BLANCO                 : Costo=4473 R=6390 -> Venta=6000 [ok]
[1626/10892] VENTILADOR YS2281 BEIGE                   : Costo=4629 R=6613 -> Venta=6100 [ok]
[1627/10892] VENTILADOR FQ1522 MORADO                  : Costo=1432 R=2046 -> Venta=2900 [ok]
[1628/10892] VENTILADOR FC-6617 ROSADO                 : Costo=2441 R=3487 -> Venta=3900 [ok]
[1629/10892] VENTILADOR FY070 MORADO                   : Costo=1579 R=2256 -> Venta=3100 [ok]
[1630/10892] VENTILADOR 933-159B ROSADO                : Costo=1835 R=2621 -> Venta=3300 [ok]
[1631/10892] Planet BATERIA CUADRADA RECARGABLE PLANE  : Costo=1702 R=3403 -> Venta=3200 [ok]
[1632/10892] Planet BATERIA AA RECARGABLE PLANET       : Costo=5859 R=11718 -> Venta=8900 [ok]
[1633/10892] Planet BATERIA AAA RECARGABLE PLANET      : Costo=5859 R=11718 -> Venta=8900 [ok]
[1634/10892] VENTILADOR F60 BEIGE                      : Costo=8093 R=12451 -> Venta=11100 [ok]
[1635/10892] VENTILADOR WT-F60 BLANCO                  : Costo=11240 R=17291 -> Venta=14200 [ok]
[1636/10892] Youshengku CABLE USB LIGHTNING K-65 YOUS  : Costo=789 R=1381 -> Venta=2300 [ok]
[1637/10892] Youshengku CABLE USB MICRO B K-61 YOUSHE  : Costo=579 R=1302 -> Venta=2100 [ok]
[1638/10892] Youshengku CABLE USB MICRO B K-65 YOUSHE  : Costo=658 R=1151 -> Venta=2200 [ok]
[1639/10892] Youshengku CABLE USB TIPO C K-65 YOUSHEN  : Costo=737 R=1289 -> Venta=2200 [ok]
[1640/10892] Youshengku CABLE USB LIGHTNING K-63 YOUS  : Costo=1526 R=3051 -> Venta=3000 [ok]
[1641/10892] Youshengku CABLE USB TIPO C K-64 YOUSHEN  : Costo=1105 R=2210 -> Venta=2600 [ok]
[1642/10892] Youshengku CABLE USB LIGHTNING K-66 YOUS  : Costo=1184 R=2367 -> Venta=2700 [ok]
[1643/10892] Youshengku CABLE USB TIPO C K-67 YOUSHEN  : Costo=1578 R=3156 -> Venta=3100 [ok]
[1644/10892] Youshengku CABLE USB TIPO C K-61 YOUSHEN  : Costo=711 R=1243 -> Venta=2200 [ok]
[1645/10892] Youshengku CARGADOR CASA Y-27 YOUSHENGKU  : Costo=1237 R=2473 -> Venta=2700 [ok]
[1646/10892] Youshengku CARGADOR CASA Y-42 YOUSHENGKU  : Costo=947 R=2367 -> Venta=2400 [ok]
[1647/10892] Youshengku CARGADOR CASA Y-42 YOUSHENGKU  : Costo=842 R=2104 -> Venta=2300 [ok]
[1648/10892] Youshengku CARGADOR CASA Y-27 YOUSHENGKU  : Costo=1394 R=2788 -> Venta=2900 [ok]
[1649/10892] Youshengku CARGADOR CASA Y-27 YOUSHENGKU  : Costo=1184 R=2367 -> Venta=2700 [ok]
[1650/10892] Youshengku CARGADOR CASA Y-42 YOUSHENGKU  : Costo=895 R=2236 -> Venta=2400 [ok]
[1651/10892] Weifeng CLIP SOPORTE WT-09M               : Costo=427 R=601 -> Venta=1900 [ok]
[1652/10892] Weifeng TRIPODE WF-717                    : Costo=80789 R=119923 -> Venta=96900 [ok]
[1653/10892] Weifeng TRIPODE NT-777                    : Costo=62390 R=92611 -> Venta=74900 [ok]
[1654/10892] Weifeng TRIPODE WT-6734                   : Costo=37591 R=55799 -> Venta=45100 [ok]
[1655/10892] Weifeng TRIPODE WT-6662A                  : Costo=27083 R=40202 -> Venta=32500 [ok]
[1656/10892] Weifeng TRIPODE WT-1003                   : Costo=5707 R=8472 -> Venta=8700 [ok]
[1657/10892] Weifeng TRIPODE WT-3560                   : Costo=17138 R=25439 -> Venta=21400 [ok]
[1658/10892] Weifeng TRIPODE WT-3540                   : Costo=12824 R=19036 -> Venta=16000 [ok]
[1659/10892] Weifeng TRIPODE WT-3520                   : Costo=10696 R=15877 -> Venta=13700 [ok]
[1660/10892] Weifeng TRIPODE NT-530                    : Costo=8324 R=12356 -> Venta=11300 [ok]
[1661/10892] Weifeng TRIPODE NT-510                    : Costo=7030 R=10435 -> Venta=10000 [ok]
[1662/10892] Gerlax CARGADOR CUBO CASA GA-19MFS GERLA  : Costo=1311 R=1923 -> Venta=2800 [ok]
[1663/10892] Gerlax CARGADOR CASA GA-44M GERLAX TIPO   : Costo=5107 R=7581 -> Venta=8100 [ok]
[1664/10892] Amaya CARGADOR INALAMBRICO T15 NEGRO      : Costo=14943 R=22180 -> Venta=18700 [ok]
[1665/10892] Amaya CARGADOR INALAMBRICO T21 NEGRO      : Costo=12085 R=17939 -> Venta=15100 [ok]
[1666/10892] Amaya BATERIA DE EMERGENCIA APW-10 NEGRO  : Costo=10146 R=14268 -> Venta=13100 [ok]
[1667/10892] Amaya CABLE USB TIPO C  ACD-C30 AMARILLO  : Costo=1308 R=3576 -> Venta=2800 [ok]
[1668/10892] Amaya CABLE USB TIPO C -C ACD-C30 NEGRO   : Costo=1627 R=2416 -> Venta=3100 [ok]
[1669/10892] Amaya BATERIA DE EMERGENCIA APB-WFD28 GR  : Costo=21867 R=30751 -> Venta=26900 [ok]
[1670/10892] Remax CABLE USB TIPO C-C RC-C111 SERIE R  : Costo=932 R=2548 -> Venta=2400 [ok]
[1671/10892] Remax AUDIFONOS BLUETOOTH G6 SERIE INTER  : Costo=10111 R=14778 -> Venta=13100 [ok]
[1672/10892] Remax AUDIFONOS BLUETOOTH P2 SERIE WHISP  : Costo=16695 R=24399 -> Venta=20900 [ok]
[1673/10892] Remax AUDIFONOS BLUETOOTH W17 SERIE YUNH  : Costo=11756 R=17181 -> Venta=14800 [ok]
[1674/10892] Remax AUDIFONOS BLUETOOTH W15 SERIE CRYS  : Costo=6063 R=8861 -> Venta=9100 [ok]
[1675/10892] Remax AUDIFONOS BLUETOOTH W10N SERIE CRY  : Costo=11097 R=16218 -> Venta=14100 [ok]
[1676/10892] Remax AUDIFONOS BLUETOOTH P1 SERIE CLOUD  : Costo=14415 R=21068 -> Venta=18000 [ok]
[1677/10892] Remax AUDIFONOS BLUETOOTH W21N SERIE VAN  : Costo=11750 R=17172 -> Venta=14800 [ok]
[1678/10892] Remax AUDIFONOS BLUETOOTH W16 SERIE LANM  : Costo=7407 R=10825 -> Venta=10400 [ok]
[1679/10892] Remax AUDIFONOS BLUETOOTH W18 SERIE BINC  : Costo=8578 R=12537 -> Venta=11600 [ok]
[1680/10892] Remax AUDIFONOS BLUETOOTH M3 SERIE KEYZO  : Costo=9317 R=13616 -> Venta=12300 [ok]
[1681/10892] Remax AUDIFONOS BLUETOOTH G5 SERIE THUND  : Costo=9619 R=14058 -> Venta=12600 [ok]
[1682/10892] Remax CABLE USB MICRO B RC-C083 SERIE RU  : Costo=766 R=2095 -> Venta=2300 [ok]
[1683/10892] Remax CABLE USB LIGHTNING RC-C085 SERIE   : Costo=843 R=2304 -> Venta=2300 [ok]
[1684/10892] Remax CABLE USB TIPO C-C RC-C086 SERIE R  : Costo=843 R=2304 -> Venta=2300 [ok]
[1685/10892] Remax CABLE USB TIPO C-C RC-C088 SERIE R  : Costo=996 R=2721 -> Venta=2500 [ok]
[1686/10892] Remax CABLE USB TIPO C RC-C138 SERIE BIN  : Costo=1127 R=3082 -> Venta=2600 [ok]
[1687/10892] Remax CABLE USB MULTIPLATAFORMA RC-C120   : Costo=1730 R=2568 -> Venta=3200 [ok]
[1688/10892] Remax CABLE USB MICRO B RC-C113 SERIE RU  : Costo=557 R=1522 -> Venta=2100 [ok]
[1689/10892] Remax CABLE USB TIPO C RC-C113 SERIE RUI  : Costo=558 R=1526 -> Venta=2100 [ok]
[1690/10892] Remax CABLE USB TIPO C RC-C136 SERIE ALY  : Costo=763 R=2085 -> Venta=2300 [ok]
[1691/10892] Remax CABLE USB LIGHTNING RC-C093 SERIE   : Costo=1056 R=2888 -> Venta=2600 [ok]
[1692/10892] Remax CABLE USB LIGHTNING RC-C096 SERIE   : Costo=891 R=2436 -> Venta=2400 [ok]
[1693/10892] Remax CABLE USB MICRO B RC-C096 SERIE MO  : Costo=808 R=2210 -> Venta=2300 [ok]
[1694/10892] Remax CABLE USB TIPO C RC-C096 SERIE MOK  : Costo=858 R=2345 -> Venta=2400 [ok]
[1695/10892] Remax CABLE USB TIPO C RC-C122 SERIES MO  : Costo=1093 R=2989 -> Venta=2600 [ok]
[1696/10892] Remax CABLE USB LIGHTNING RC-C121 SERIES  : Costo=1047 R=2862 -> Venta=2500 [ok]
[1697/10892] Remax CABLE USB MICRO B RC-C121 SERIES M  : Costo=1007 R=2752 -> Venta=2500 [ok]
[1698/10892] Remax CABLE USB LIGHTNING RC-C135 SERIES  : Costo=748 R=2046 -> Venta=2200 [ok]
[1699/10892] Remax CABLE USB MICRO B RC-C135 SERIES A  : Costo=730 R=1994 -> Venta=2200 [ok]
[1700/10892] Remax CABLE USB MICRO B RC-C137 SERIES R  : Costo=962 R=2630 -> Venta=2500 [ok]
[1701/10892] Remax CABLE USB LIGHTNING RC-C137 SERIES  : Costo=940 R=2570 -> Venta=2400 [ok]
[1702/10892] Remax CABLE USB TIPO C-C RC-092T SERIE K  : Costo=5037 R=7477 -> Venta=8000 [ok]
[1703/10892] Remax CABLE USB TIPO C-L RC-093T SERIE K  : Costo=5579 R=8282 -> Venta=8600 [ok]
[1704/10892] Remax CARGADOR CUBO CASA RP-U117  SERIE   : Costo=11664 R=17314 -> Venta=14700 [ok]
[1705/10892] Remax CARGADOR CUBO CASA RP-U60 SERIE FI  : Costo=9244 R=13722 -> Venta=12200 [ok]
[1706/10892] Remax CARGADOR CUBO CASA UNIVERSAL RP-U1  : Costo=10932 R=16228 -> Venta=13900 [ok]
[1707/10892] Remax CARGADOR CUBO CASA RP-U17 SERIE VO  : Costo=13355 R=19824 -> Venta=16700 [ok]
[1708/10892] Remax CARGADOR CUBO CASA RP-U135 SERIE F  : Costo=3128 R=4643 -> Venta=4600 [ok]
[1709/10892] Remax CARGADOR CUBO CASA RP-U52 SERIE FI  : Costo=5938 R=8814 -> Venta=8900 [ok]
[1710/10892] Remax CARGADOR CUBO CASA RP-U87 SERIE GA  : Costo=5944 R=8823 -> Venta=8900 [ok]
[1711/10892] Remax CARGADOR CUBO CASA RP-U72 SERIE JA  : Costo=3350 R=4973 -> Venta=4800 [ok]
[1712/10892] Remax CARGADOR CUBO CASA RP-U37 SERIE JA  : Costo=4301 R=6385 -> Venta=5800 [ok]
[1713/10892] Remax CARGADOR CUBO CARRO RCC356 SERIE R  : Costo=6743 R=10009 -> Venta=9700 [ok]
[1714/10892] Remax BATERIA DE EMERGENCIA RPP-53 10.00  : Costo=7277 R=10801 -> Venta=10300 [ok]
[1715/10892] Remax BATERIA DE EMERGENCIA RPP-5 1000MA  : Costo=6241 R=9264 -> Venta=9200 [ok]
[1716/10892] Remax BATERIA DE EMERGENCIA RPP-616 10.0  : Costo=6546 R=9717 -> Venta=9500 [ok]
[1717/10892] Remax BATERIA DE EMERGENCIA RPP-679 10.0  : Costo=6729 R=9988 -> Venta=9700 [ok]
[1718/10892] Remax BATERIA DE EMERGENCIA RPP-23 1000M  : Costo=3616 R=5367 -> Venta=5100 [ok]
[1719/10892] Remax BATERIA DE EMERGENCIA RPP-683 1000  : Costo=5407 R=8025 -> Venta=8400 [ok]
[1720/10892] Remax BATERIA DE EMERGENCIA RPP-575 2500  : Costo=4035 R=5989 -> Venta=5500 [ok]
[1721/10892] Remax BATERIA DE EMERGENCIA RPP-21 20000  : Costo=13057 R=19381 -> Venta=16300 [ok]
[1722/10892] Remax BATERIA DE EMERGENCIA RPP-663 20.0  : Costo=13086 R=19425 -> Venta=16400 [ok]
[1723/10892] Remax BATERIA DE EMERGENCIA RPP-581 2000  : Costo=13097 R=19441 -> Venta=16400 [ok]
[1724/10892] Remax BATERIA DE EMERGENCIA RPP-680 20.0  : Costo=9235 R=13708 -> Venta=12200 [ok]
[1725/10892] Remax BATERIA DE EMERGENCIA RPP-316 20.0  : Costo=8802 R=13065 -> Venta=11800 [ok]
[1726/10892] Remax BATERIA DE EMERGENCIA RPP-595 10.0  : Costo=8425 R=12506 -> Venta=11400 [ok]
[1727/10892] Remax BATERIA DE EMERGENCIA RPP-506 3000  : Costo=11563 R=17164 -> Venta=14600 [ok]
[1728/10892] Remax BATERIA DE EMERGENCIA RPP-632 5.00  : Costo=4951 R=7349 -> Venta=6500 [ok]
[1729/10892] Gerlax CABLE USB LIGHTNING C-L L35L GERL  : Costo=1225 R=2450 -> Venta=2700 [ok]
[1730/10892] Gerlax CABLE USB LIGHTNING GD-11L GERLAX  : Costo=567 R=1133 -> Venta=2100 [ok]
[1731/10892] Gerlax CABLE USB MICRO B GD-11V GERLAX B  : Costo=561 R=1121 -> Venta=2100 [ok]
[1732/10892] Gerlax CABLE USB TIPO C GD-11T GERLAX BL  : Costo=598 R=1328 -> Venta=2100 [ok]
[1733/10892] Gerlax HOLDER GT-5 GERLAX NEGRO           : Costo=1859 R=2582 -> Venta=3400 [ok]
[1734/10892] Gerlax HOLDER GT-2 GERLAX NEGRO           : Costo=1906 R=2192 -> Venta=3400 [ok]
[1735/10892] Gerlax HOLDER GT-23 GERLAX NEGRO          : Costo=1433 R=1672 -> Venta=2900 [ok]
[1736/10892] Gerlax TRANSMISOR FM CARGADOR GC-M5 GERL  : Costo=2524 R=3746 -> Venta=4000 [ok]
[1737/10892] Gerlax CARGADOR CASA GA-08M GERLAX BLANC  : Costo=1269 R=1861 -> Venta=2800 [ok]
[1738/10892] Gerlax CARGADOR CASA GA-08M GERLAX BLANC  : Costo=1168 R=1713 -> Venta=2700 [ok]
[1739/10892] Gerlax CARGADOR CASA GA-19MF GERLAX BLAN  : Costo=1394 R=2044 -> Venta=2900 [ok]
[1740/10892] Gerlax CARGADOR CUBO CASA GA-44MS GERLAX  : Costo=2387 R=3501 -> Venta=3900 [ok]
[1741/10892] JMARY TRIPODE KP-2203 JMARY AZUL          : Costo=9077 R=15128 -> Venta=12100 [ok]
[1742/10892] Youshengku CABLE USB LIGHTNING K-36 YOUS  : Costo=787 R=2150 -> Venta=2300 [ok]
[1743/10892] Youshengku CABLE USB MICRO B K-36 YOUSHE  : Costo=824 R=1921 -> Venta=2300 [ok]
[1744/10892] CARGADOR INALAMBRICO A93 PLATEADO         : Costo=15269 R=22316 -> Venta=19100 [ok]
[1745/10892] YOOKIE CABLE AUXILIAR 3.5MM YA1 YOOKIE N  : Costo=996 R=1660 -> Venta=2500 [ok]
[1746/10892] YOOKIE AUDIFONOS MANOS LIBRES YOOKIE YK1  : Costo=1011 R=1684 -> Venta=2500 [ok]
[1747/10892] UGREEN CABLE USB TIPO C-C PARA CASCO REA  : Costo=7470 R=10505 -> Venta=10500 [ok]
[1748/10892] LDNIO BATERIA DE EMERGENCIA PARA RELOJ A  : Costo=5966 R=8719 -> Venta=9000 [ok]
[1749/10892] LDNIO BATERIA DE EMERGENCIA PR1009 10.00  : Costo=7737 R=11307 -> Venta=10700 [ok]
[1750/10892] LDNIO BATERIA DE EMERGENCIA PL1013 10.00  : Costo=9261 R=13535 -> Venta=12300 [ok]
[1751/10892] LDNIO BATERIA DE EMERGENCIA PQ10 10.000M  : Costo=9599 R=14030 -> Venta=12600 [ok]
[1752/10892] LDNIO BATERIA DE EMERGENCIA P10 10.000MA  : Costo=8075 R=11802 -> Venta=11100 [ok]
[1753/10892] LDNIO CABLE USB MICRO B LS902 LDNIO BLAN  : Costo=654 R=1015 -> Venta=2200 [ok]
[1754/10892] LDNIO CABLE USB TIPO C LS902 LDNIO NEGRO  : Costo=734 R=1138 -> Venta=2200 [ok]
[1755/10892] LDNIO CABLE USB TIPO C LS891 LDNIO BLANC  : Costo=496 R=770 -> Venta=2000 [ok]
[1756/10892] LDNIO CABLE USB MICRO B LS891 LDNIO BLAN  : Costo=417 R=647 -> Venta=1900 [ok]
[1757/10892] LDNIO CABLE USB MICRO B LS861 LDNIO BLAN  : Costo=873 R=2387 -> Venta=2400 [ok]
[1758/10892] LDNIO CABLE USB TIPO C LS861 LDNIO BLANC  : Costo=950 R=2596 -> Venta=2400 [ok]
[1759/10892] LDNIO CABLE USB LIGHTNING LS861 LDNIO BL  : Costo=950 R=1409 -> Venta=2400 [ok]
[1760/10892] LDNIO CABLE USB LIGHTNING LS542 LDNIO BL  : Costo=862 R=1338 -> Venta=2400 [ok]
[1761/10892] LDNIO CABLE USB LIGHTNING LS541 LDNIO BL  : Costo=680 R=1055 -> Venta=2200 [ok]
[1762/10892] LDNIO CABLE USB TIPO C LS542 LDNIO BLANC  : Costo=953 R=1479 -> Venta=2500 [ok]
[1763/10892] LDNIO CABLE USB TIPO C LS541 LDNIO BLANC  : Costo=758 R=1177 -> Venta=2300 [ok]
[1764/10892] LDNIO CABLE USB MICRO B LS543 LDNIO BLAN  : Costo=991 R=2709 -> Venta=2500 [ok]
[1765/10892] LDNIO CABLE USB MICRO B LS542 LDNIO BLAN  : Costo=874 R=1356 -> Venta=2400 [ok]
[1766/10892] LDNIO CABLE USB MICRO B LS541 LDNIO BLAN  : Costo=679 R=1054 -> Venta=2200 [ok]
[1767/10892] LDNIO CABLE USB MICRO B LS441 LDNIO NEGR  : Costo=656 R=1794 -> Venta=2200 [ok]
[1768/10892] LDNIO CABLE USB TIPO C LS441 LDNIO NEGRO  : Costo=808 R=1200 -> Venta=2300 [ok]
[1769/10892] LDNIO CABLE USB LIGHTNING LS441 LDNIO NE  : Costo=733 R=2003 -> Venta=2200 [ok]
[1770/10892] LDNIO CABLE USB LIGHTNING LC122I LDNIO C  : Costo=1105 R=1714 -> Venta=2600 [ok]
[1771/10892] LDNIO CABLE LIGHTNING LC121I LDNIO C-I B  : Costo=1191 R=1768 -> Venta=2700 [ok]
[1772/10892] LDNIO CABLE USB TIPO C-C LC122C LDNIO BL  : Costo=1106 R=1715 -> Venta=2600 [ok]
[1773/10892] LDNIO CABLE USB TIPO C-C LC121C LDNIO BL  : Costo=917 R=1423 -> Venta=2400 [ok]
[1774/10892] LDNIO CABLE USB TIPO C-C LC602C LDNIO NA  : Costo=2093 R=3106 -> Venta=3600 [ok]
[1775/10892] LDNIO CABLE USB TIPO C-C LC601C LDNIO NA  : Costo=1776 R=2637 -> Venta=3300 [ok]
[1776/10892] LDNIO CABLE USB TIPO C-C LC902C LDNIO BL  : Costo=965 R=2638 -> Venta=2500 [ok]
[1777/10892] LDNIO CABLE USB TIPO C-C LC901C LDNIO BL  : Costo=874 R=1356 -> Venta=2400 [ok]
[1778/10892] LDNIO CARGADOR INALAMBRICO CON LAMPARA Y  : Costo=9373 R=13913 -> Venta=12400 [ok]
[1779/10892] LDNIO CARGADOR CASA CON LAMPARA A4405 LD  : Costo=4715 R=6998 -> Venta=6200 [ok]
[1780/10892] LDNIO CARGADOR CASA CON LAMPARA A4405 LD  : Costo=4715 R=6998 -> Venta=6200 [ok]
[1781/10892] LDNIO CARGADOR CASA CON LAMPARA A4405 LD  : Costo=4631 R=6874 -> Venta=6100 [ok]
[1782/10892] LDNIO CARGADOR CASA A2219 LDNIO TIPO C B  : Costo=2372 R=3520 -> Venta=3900 [ok]
[1783/10892] LDNIO CARGADOR CASA A2219  LDNIO LIGHTNI  : Costo=2372 R=3520 -> Venta=3900 [ok]
[1784/10892] LDNIO CARGADOR CASA A2201 LDNIO MICRO B   : Costo=2558 R=3969 -> Venta=4100 [ok]
[1785/10892] LDNIO CARGADOR CASA A2201 LDNIO LIGHTNIN  : Costo=2637 R=4092 -> Venta=4100 [ok]
[1786/10892] LDNIO CARGADOR CASA A2201 LDNIO TIPO C B  : Costo=2622 R=4069 -> Venta=4100 [ok]
[1787/10892] LDNIO CARGADOR CASA Q229 LDNIO TIPO C-L   : Costo=4772 R=7084 -> Venta=6300 [ok]
[1788/10892] LDNIO CARGADOR CASA Q229 LDNIO LIGTHNING  : Costo=4689 R=6960 -> Venta=6200 [ok]
[1789/10892] LDNIO CARGADOR CASA Q229 LDNIO TIPO C-C   : Costo=4439 R=6589 -> Venta=5900 [ok]
[1790/10892] LDNIO CARGADOR CASA Q229 LDNIO MICRO B B  : Costo=4356 R=6465 -> Venta=5900 [ok]
[1791/10892] Taigexin VENTILADOR RGB AZUL              : Costo=6716 R=9595 -> Venta=9700 [ok]
[1792/10892] UGREEN PLACA DE METAL PARA CELULAR Y HOL  : Costo=886 R=1266 -> Venta=2400 [ok]
[1793/10892] UGREEN ADAPTADOR OTG MICRO USB A USB TIP  : Costo=579 R=859 -> Venta=2100 [ok]
[1794/10892] JMARY TRIPODE MT-21 JMARY                 : Costo=4458 R=6618 -> Venta=6000 [ok]
[1795/10892] JMARY TRIPODE MT-49 JMARY                 : Costo=8047 R=11944 -> Venta=11000 [ok]
[1796/10892] JMARY TRIPODE KP-2203 JMARY NEGRO         : Costo=7967 R=11643 -> Venta=11000 [ok]
[1797/10892] JMARY TRIPODE KP-2207 JMARY               : Costo=7704 R=12840 -> Venta=10700 [ok]
[1798/10892] Youshengku CABLE USB TIPO C-C K-55 YOUSH  : Costo=1010 R=1179 -> Venta=2500 [ok]
[1799/10892] Youshengku CABLE USB MICRO B K-34 YOUSHE  : Costo=526 R=1182 -> Venta=2000 [ok]
[1800/10892] Youshengku CABLE USB TIPO C K-34 YOUSHEN  : Costo=893 R=1562 -> Venta=2400 [ok]
[1801/10892] CARGADOR INALAMBRICO T268A NEGRO          : Costo=13234 R=19341 -> Venta=16500 [ok]
[1802/10892] CARGADOR INALAMBRICO C09 BLANCO           : Costo=17305 R=25292 -> Venta=21600 [ok]
[1803/10892] CARGADOR INALAMBRICO A06 BLANCO           : Costo=15269 R=22316 -> Venta=19100 [ok]
[1804/10892] CARGADOR INALAMBRICO H32 NEGRO            : Costo=13234 R=19341 -> Venta=16500 [ok]
[1805/10892] CARGADOR INALAMBRICO Y SOPORTE PARA AUDI  : Costo=14082 R=20581 -> Venta=17600 [ok]
[1806/10892] CARGADOR INALAMBRICO Y9 BLANCO            : Costo=11876 R=17357 -> Venta=14900 [ok]
[1807/10892] CARGADOR INALAMBRICO Y LAMPARA ESCRITORI  : Costo=16966 R=24796 -> Venta=21200 [ok]
[1808/10892] CARGADOR INALAMBRICO T20 G63 AMARILLO     : Costo=16627 R=24300 -> Venta=20800 [ok]
[1809/10892] CARGADOR INALAMBRICO T20 G63 GRIS         : Costo=16314 R=22977 -> Venta=20400 [ok]
[1810/10892] CARGADOR INALAMBRICO Q50A BLANCO          : Costo=9331 R=13638 -> Venta=12300 [ok]
[1811/10892] CARGADOR INALAMBRICO AY-32 BLANCO         : Costo=9331 R=13638 -> Venta=12300 [ok]
[1812/10892] Remax BATERIA DE EMERGENCIA RPP-298 10.0  : Costo=23075 R=33725 -> Venta=28100 [ok]
[1813/10892] Remax BATERIA DE EMERGENCIA RPP-539 10.0  : Costo=16354 R=23901 -> Venta=20400 [ok]
[1814/10892] Remax AUDIFONOS BLUETOOTH COZYPODS W7N R  : Costo=15248 R=22285 -> Venta=19100 [ok]
[1815/10892] Remax AUDIFONOS BLUETOOTH COZYPODS W7N R  : Costo=15248 R=22285 -> Venta=19100 [ok]
[1816/10892] Remax CARGADOR CASA RP-U7 REMAX CELESTE   : Costo=4179 R=6107 -> Venta=5700 [ok]
[1817/10892] Remax HOLDER MULTIPLATAFORMA RM-C54 REMA  : Costo=5322 R=7778 -> Venta=8300 [ok]
[1818/10892] Remax CABLE TIPO C LIGHTNING RC-175i REM  : Costo=1161 R=1697 -> Venta=2700 [ok]
[1819/10892] Remax ADAPTADOR LIGHTNING A 3.5 RL-LA09   : Costo=3324 R=4674 -> Venta=4800 [ok]
[1820/10892] Remax ADAPTADOR LIGHTNING RL-LA09 REMAX   : Costo=3376 R=4934 -> Venta=4900 [ok]
[1821/10892] Remax CABLE TIPO C LIGHTNING RC-C022 REM  : Costo=1974 R=2885 -> Venta=3500 [ok]
[1822/10892] Remax CABLE TIPO C LIGHTNING RC-C022 REM  : Costo=1974 R=2885 -> Venta=3500 [ok]
[1823/10892] Remax CABLE MICRO USB RC-016M REMAX DORA  : Costo=1590 R=2360 -> Venta=3100 [ok]
[1824/10892] Remax CARGADOR CUBO CASA RP-U119 SERIE K  : Costo=1353 R=1978 -> Venta=2900 [ok]
[1825/10892] Remax CABLE TIPO C A TIPO C RC-C022 REMA  : Costo=1394 R=2038 -> Venta=2900 [ok]
[1826/10892] Remax CABLE TIPO C A TIPO C RC-C022 REMA  : Costo=1394 R=2038 -> Venta=2900 [ok]
[1827/10892] Remax CABLE USB TIPO C RT-C1 REMAX NEGRO  : Costo=2202 R=3218 -> Venta=3700 [ok]
[1828/10892] Remax BATERIA DE EMERGENCIA RPP-620 XING  : Costo=9610 R=14265 -> Venta=12600 [ok]
[1829/10892] Remax BATERIA DE EMERGENCIA RPP-625 RUIL  : Costo=3764 R=5646 -> Venta=5300 [ok]
[1830/10892] Remax BATERIA DE EMERGENCIA RPP-626 XING  : Costo=5963 R=8852 -> Venta=9000 [ok]
[1831/10892] YOOKIE AUDIFONOS MANOS LIBRES YOOKIE XP1  : Costo=2703 R=4158 -> Venta=4200 [ok]
[1832/10892] Joyroom CARGADOR CUBO CARRO C-A09 JOYROO  : Costo=3259 R=4838 -> Venta=4800 [ok]
[1833/10892] Joyroom HOLDER JR-ZS374 JOYROOM NEGRO     : Costo=6714 R=9813 -> Venta=9700 [ok]
[1834/10892] Joyroom HOLDER CARGADOR INALAMBRICO JR-Z  : Costo=10522 R=15378 -> Venta=13500 [ok]
[1835/10892] Joyroom CARGADOR CUBO JR-CL03 PRO JOYROO  : Costo=6030 R=8950 -> Venta=9000 [ok]
[1836/10892] Joyroom CARGADOR CUBO CARRO JR-CL29 JOYR  : Costo=8624 R=12800 -> Venta=11600 [ok]
[1837/10892] Joyroom CARGADOR CUBO CARRO JR-CCN06 JOY  : Costo=3507 R=5511 -> Venta=5000 [ok]
[1838/10892] Joyroom CARGADOR CUBO CARRO JR-CCD04 JOY  : Costo=6196 R=9197 -> Venta=9200 [ok]
[1839/10892] Joyroom CARGADOR CUBO CARRO JR-CCD03 JOY  : Costo=4114 R=6106 -> Venta=5600 [ok]
[1840/10892] Joyroom CARGADOR CUBO CARRO JR-CCN07 JOY  : Costo=14406 R=21384 -> Venta=18000 [ok]
[1841/10892] Joyroom CABLE USB TIPO C S-AC027A14 JOYR  : Costo=983 R=2645 -> Venta=2500 [ok]
[1842/10892] Joyroom CABLE USB MICRO B S-UM018A9 JOYR  : Costo=582 R=1017 -> Venta=2100 [ok]
[1843/10892] Gerlax CARGADOR CASA GA-40M GERLAX TIPO   : Costo=5828 R=8518 -> Venta=8800 [ok]
[1844/10892] Gerlax CABLE USB TIPO C L26T GERLAX TURQ  : Costo=559 R=1489 -> Venta=2100 [ok]
[1845/10892] Gerlax CABLE USB TIPO C L32T GERLAX NEGR  : Costo=714 R=1922 -> Venta=2200 [ok]
[1846/10892] Gerlax CABLE USB TIPO C GD-38 GERLAX BLA  : Costo=749 R=1498 -> Venta=2200 [ok]
[1847/10892] Gerlax TRANSMISOR FM GC-M2 GERLAX NEGRO   : Costo=3052 R=4476 -> Venta=4600 [ok]
[1848/10892] Gerlax CARGADOR CUBO CASA GA-39MS GERLAX  : Costo=1028 R=2203 -> Venta=2500 [ok]
[1849/10892] Gerlax CARGADOR CUBO CASA GERLAX GA-08MS  : Costo=797 R=1860 -> Venta=2300 [ok]
[1850/10892] Gerlax CARGADOR CASA GA-39M GERLAX MICRO  : Costo=1727 R=2563 -> Venta=3200 [ok]
[1851/10892] Gerlax CARGADOR CASA GA-01MF GERLAX LIGH  : Costo=1555 R=3401 -> Venta=3100 [ok]
[1852/10892] LDNIO BATERIA DE EMERGENCIA PQ13 10.000M  : Costo=10834 R=15167 -> Venta=13800 [ok]
[1853/10892] Youshengku BATERIA DE EMERGENCIA YD-12 Y  : Costo=6959 R=9742 -> Venta=10000 [ok]
[1854/10892] Youshengku BATERIA DE EMERGENCIA YD-20 Y  : Costo=7940 R=11116 -> Venta=10900 [ok]
[1855/10892] Youshengku BATERIA DE EMERGENCIA YD-19 Y  : Costo=8529 R=11940 -> Venta=11500 [ok]
[1856/10892] Youshengku CABLE USB TIPO C K-30 YOUSHEN  : Costo=1321 R=2202 -> Venta=2800 [ok]
[1857/10892] Remax CARGADOR CASA RP-U138 REMAX GRIS    : Costo=15197 R=22558 -> Venta=19000 [ok]
[1858/10892] Remax BATERIA DE EMERGENCIA RPP-658 20.0  : Costo=7052 R=10578 -> Venta=10100 [ok]
[1859/10892] Remax BATERIA DE EMERGENCIA RPP-653 20.0  : Costo=26121 R=38774 -> Venta=31300 [ok]
[1860/10892] YOOKIE CABLE MULTIPLATAFORMA CB62 YOOKIE  : Costo=5031 R=7044 -> Venta=8000 [ok]
[1861/10892] YOOKIE AUDIFONOS MANOS LIBRES YK32 YOOKI  : Costo=1330 R=2556 -> Venta=2800 [ok]
[1862/10892] JMARY TRIPODE MT-38 JMARY                 : Costo=6253 R=10422 -> Venta=9300 [ok]
[1863/10892] JMARY TRIPODE KP-2206 JMARY               : Costo=8214 R=13689 -> Venta=11200 [ok]
[1864/10892] JMARY TRIPODE MT-75 JMARY                 : Costo=4745 R=7907 -> Venta=6200 [ok]
[1865/10892] JMARY TRIPODE KP-2599 JMARY               : Costo=17127 R=25032 -> Venta=21400 [ok]
[1866/10892] JMARY MICROFONO SX8 JMARY NEGRO           : Costo=5518 R=8065 -> Venta=8500 [ok]
[1867/10892] Youshengku CARGADOR CUBO CARRO Y-13 YOUS  : Costo=2041 R=2857 -> Venta=3500 [ok]
[1868/10892] Youshengku AUDIFONO MANOS LIBRES YSK-159  : Costo=740 R=1036 -> Venta=2200 [ok]
[1869/10892] Youshengku AUDIFONO MANOS LIBRES YSK-149  : Costo=1773 R=2954 -> Venta=3300 [ok]
[1870/10892] Youshengku AUDIFONO MANOS LIBRES YSK-156  : Costo=692 R=1211 -> Venta=2200 [ok]
[1871/10892] Youshengku AUDIFONO MANOS LIBRES YSK-147  : Costo=1576 R=2627 -> Venta=3100 [ok]
[1872/10892] Youshengku BATERIA DE EMERGENCIA YD-10 Y  : Costo=6763 R=9468 -> Venta=9800 [ok]
[1873/10892] Youshengku CABLE USB TIPO C-C K-26 YOUSH  : Costo=2306 R=3842 -> Venta=3800 [ok]
[1874/10892] Youshengku CABLE USB TIPO C-C K-24 YOUSH  : Costo=1455 R=2425 -> Venta=3000 [ok]
[1875/10892] Youshengku CABLE USB MICRO B K-33 YOUSHE  : Costo=687 R=1602 -> Venta=2200 [ok]
[1876/10892] Youshengku CABLE USB TIPO C K-33 YOUSHEN  : Costo=903 R=2106 -> Venta=2400 [ok]
[1877/10892] Youshengku CABLE USB MICRO B K-30 YOUSHE  : Costo=1223 R=2038 -> Venta=2700 [ok]
[1878/10892] Youshengku CABLE USB TIPO C K-43 YOUSHEN  : Costo=864 R=2014 -> Venta=2400 [ok]
[1879/10892] Youshengku CABLE USB MICRO B K-43 YOUSHE  : Costo=628 R=1464 -> Venta=2100 [ok]
[1880/10892] Youshengku CABLE USB TIPO C K-41 YOUSHEN  : Costo=928 R=2165 -> Venta=2400 [ok]
[1881/10892] Youshengku CABLE USB MICRO B K-41 YOUSHE  : Costo=608 R=1419 -> Venta=2100 [ok]
[1882/10892] Greatthink BATERIA DE EMERGENCIA GTP-216  : Costo=5771 R=8435 -> Venta=8800 [ok]
[1883/10892] Remax CARGADOR RP-U136 REMAX NEGRO        : Costo=4099 R=6084 -> Venta=5600 [ok]
[1884/10892] Remax CARGADOR RP-U115 SERIE LITTLE REMA  : Costo=4578 R=6796 -> Venta=6100 [ok]
[1885/10892] Remax CABLE USB TIPO C RC-C091 C-C SERIE  : Costo=1162 R=3177 -> Venta=2700 [ok]
[1886/10892] Remax CABLE USB MICRO B RC-C093A SERIE L  : Costo=976 R=2667 -> Venta=2500 [ok]
[1887/10892] Remax BATERIA DE EMERGENCIA RPP-622 CYNL  : Costo=6017 R=8931 -> Venta=9000 [ok]
[1888/10892] Remax BATERIA DE EMERGENCIA RPP-619 10.0  : Costo=7558 R=11219 -> Venta=10600 [ok]
[1889/10892] Remax CARGADOR CUBO CARRO RCC339 REMAX N  : Costo=6342 R=9413 -> Venta=9300 [ok]
[1890/10892] Remax MICROFONO K08 REMAX NEGRO           : Costo=8548 R=12689 -> Venta=11500 [ok]
[1891/10892] Remax CARGADOR RP-U95 SERIE KIDDY REMAX   : Costo=1119 R=3058 -> Venta=2600 [ok]
[1892/10892] Remax CARGADOR RP-U95 SERIE KIDDY REMAX   : Costo=1152 R=3148 -> Venta=2700 [ok]
[1893/10892] Remax CARGADOR RP-U95 SERIE KIDDY REMAX   : Costo=1036 R=2832 -> Venta=2500 [ok]
[1894/10892] Remax CARGADOR CUBO CARRO RCC238 REMAX T  : Costo=4339 R=6441 -> Venta=5800 [ok]
[1895/10892] Remax CARGADOR CASA RP-U120 REMAX BLANCO  : Costo=2276 R=3378 -> Venta=3800 [ok]
[1896/10892] Remax CARGADOR CASA RP-U95 SERIE LEYA RE  : Costo=743 R=2030 -> Venta=2200 [ok]
[1897/10892] Remax CARGADOR CUBO CARRO TRANSMISOR FM   : Costo=7286 R=10816 -> Venta=10300 [ok]
[1898/10892] Remax CARGADOR CUBO CARRO RCC332 REMAX N  : Costo=4521 R=6711 -> Venta=6000 [ok]
[1899/10892] Remax CARGADOR CASA INALAMBRICO RP-W88 R  : Costo=6230 R=9248 -> Venta=9200 [ok]
[1900/10892] Remax CARGADOR CUBO CARRO RCC110 REMAX N  : Costo=4532 R=6727 -> Venta=6000 [ok]
[1901/10892] Remax CARGADOR CUBO CARRO RCC360 SERIE X  : Costo=4364 R=6477 -> Venta=5900 [ok]
[1902/10892] Remax CARGADOR CASA INALAMBRICO RP-W90 R  : Costo=13728 R=20378 -> Venta=17200 [ok]
[1903/10892] Remax CARGADOR CASA INALAMBRICO RP-W75 R  : Costo=9475 R=14065 -> Venta=12500 [ok]
[1904/10892] Remax VENTILADOR F6 REMAX AMARILLO        : Costo=5270 R=7823 -> Venta=8300 [ok]
[1905/10892] Remax VENTILADOR F11 REMAX AZUL           : Costo=4743 R=7040 -> Venta=6200 [ok]
[1906/10892] Remax VENTILADOR F28 REMAX ROSADO         : Costo=7543 R=11197 -> Venta=10500 [ok]
[1907/10892] Remax BATERIA DE EMERGENCIA RPP-508 20.0  : Costo=26455 R=39269 -> Venta=31700 [ok]
[1908/10892] Remax BATERIA DE EMERGENCIA RPP-310 4000  : Costo=26590 R=39470 -> Venta=31900 [ok]
[1909/10892] JMARY TRIPODE KP-2274 JMARY               : Costo=17803 R=29671 -> Venta=22300 [ok]
[1910/10892] JMARY TRIPODE KP-2209 JMARY               : Costo=9105 R=15174 -> Venta=12100 [ok]
[1911/10892] JMARY MICROFONO K35 PRO 3.5MM JMARY NEGR  : Costo=4587 R=6704 -> Venta=6100 [ok]
[1912/10892] JMARY MICROFONO K35 PRO 3.5MM JMARY NEGR  : Costo=3036 R=4437 -> Venta=4500 [ok]
[1913/10892] IPEGA AUDIFONOS MANOS LIBRES PG-R023A IP  : Costo=5425 R=7928 -> Venta=8400 [ok]
[1914/10892] Gerlax BATERIA DE EMERGENCIA P3T 20.000M  : Costo=13743 R=19326 -> Venta=17200 [ok]
[1915/10892] Gerlax BATERIA DE EMERGENCIA P4O 10.000M  : Costo=6878 R=9672 -> Venta=9900 [ok]
[1916/10892] Gerlax BATERIA DE EMERGENCIA P1O 10.000M  : Costo=6126 R=8615 -> Venta=9100 [ok]
[1917/10892] Gerlax CABLE USB MULTIPLATAFORMA L48 GER  : Costo=1979 R=2938 -> Venta=3500 [ok]
[1918/10892] Gerlax CABLE USB LIGHTNING GD-50LB GERLA  : Costo=965 R=2639 -> Venta=2500 [ok]
[1919/10892] Gerlax CABLE USB LIGHTNING GD-55L GERLAX  : Costo=4137 R=6141 -> Venta=5600 [ok]
[1920/10892] Gerlax CABLE USB TIPO C GD-55T GERLAX 5M  : Costo=3523 R=5033 -> Venta=5000 [ok]
[1921/10892] Gerlax CABLE USB TIPO C L20T GERLAX NEGR  : Costo=2529 R=5057 -> Venta=4000 [ok]
[1922/10892] Gerlax CABLE USB TIPO C L11T GERLAX BLAN  : Costo=925 R=2529 -> Venta=2400 [ok]
[1923/10892] Gerlax AUDIFONO MANOS LIBRES E16 GERLAX   : Costo=583 R=989 -> Venta=2100 [ok]
[1924/10892] Gerlax AUDIFONO MANOS LIBRES GE-07 GERLA  : Costo=977 R=2278 -> Venta=2500 [ok]
[1925/10892] Gerlax AUDIFONO MANOS LIBRES E6 GERLAX N  : Costo=923 R=1537 -> Venta=2400 [ok]
[1926/10892] Gerlax HOLDER GT-18 GERLAX NEGRO          : Costo=2268 R=3478 -> Venta=3800 [ok]
[1927/10892] Gerlax HOLDER GT-8 GERLAX NEGRO           : Costo=1812 R=2378 -> Venta=3300 [ok]
[1928/10892] Gerlax HOLDER GT-6 GERLAX NEGRO           : Costo=2097 R=3076 -> Venta=3600 [ok]
[1929/10892] Gerlax HOLDER GT-1 GERLAX NEGRO           : Costo=2046 R=2614 -> Venta=3500 [ok]
[1930/10892] Gerlax CARGADOR CASA GA-01M GERLAX LIGHT  : Costo=1524 R=2540 -> Venta=3000 [ok]
[1931/10892] Gerlax CARGADOR CASA GA-01M GERLAX MICRO  : Costo=1322 R=3084 -> Venta=2800 [ok]
[1932/10892] Gerlax CARGADOR CASA GA-01MF GERLAX MICR  : Costo=1434 R=3136 -> Venta=2900 [ok]
[1933/10892] Gerlax CARGADOR CASA GA-39M GERLAX LIGHT  : Costo=1539 R=2564 -> Venta=3000 [ok]
[1934/10892] Gerlax CARGADOR CUBO CASA GA-31MPS GERLA  : Costo=1440 R=2112 -> Venta=2900 [ok]
[1935/10892] Gerlax CARGADOR CUBO CASA GA-25MPS GERLA  : Costo=1613 R=2880 -> Venta=3100 [ok]
[1936/10892] Joyroom CARGADOR CUBO CASA JR-TCF10 JOYR  : Costo=6695 R=9785 -> Venta=9700 [ok]
[1937/10892] Joyroom CARGADOR CUBO CARRO C-A35 JOYROO  : Costo=5069 R=7524 -> Venta=8100 [ok]
[1938/10892] Joyroom HOLDER CARGADOR INALAMBRICO JR-W  : Costo=17087 R=25363 -> Venta=21400 [ok]
[1939/10892] Joyroom TRANSMISOR BLUETOOTH FM JR-CL18   : Costo=11329 R=16558 -> Venta=14300 [ok]
[1940/10892] Joyroom TRANSMISOR BLUETOOTH FM JR-CL16   : Costo=9210 R=16446 -> Venta=12200 [ok]
[1941/10892] Joyroom CABLE USB MULTIPLATAFORMA SA21-1  : Costo=8059 R=11779 -> Venta=11100 [ok]
[1942/10892] Joyroom CABLE USB MULTIPLATAFORMA SA21-1  : Costo=8059 R=11779 -> Venta=11100 [ok]
[1943/10892] Joyroom CABLE USB MULTIPLATAFORMA SA21-2  : Costo=8576 R=12533 -> Venta=11600 [ok]
[1944/10892] Joyroom CABLE USB TIPO C A LIGHTNING SA2  : Costo=2296 R=3408 -> Venta=3800 [ok]
[1945/10892] Joyroom CABLE USB TIPO C SA29-AC3 JOYROO  : Costo=1102 R=1610 -> Venta=2600 [ok]
[1946/10892] Joyroom CABLE USB TIPO C A TIPO C S-CC10  : Costo=4560 R=6664 -> Venta=6100 [ok]
[1947/10892] Joyroom CABLE USB LIGTHNING SA29-AL3 JOY  : Costo=1841 R=2690 -> Venta=3300 [ok]
[1948/10892] Greatthink BATERIA DE EMERGENCIA GTP-570  : Costo=7613 R=11127 -> Venta=10600 [ok]
[1949/10892] GJBY AUDIFONOS MANOS LIBRES CA-040 GJBY   : Costo=8647 R=12106 -> Venta=11600 [ok]
[1950/10892] GJBY AUDIFONOS MANOS LIBRES FX01 GJBY NE  : Costo=4038 R=5653 -> Venta=5500 [ok]
[1951/10892] GJBY AUDIFONOS MANOS LIBRES SYG35 GJBY V  : Costo=7524 R=10533 -> Venta=10500 [ok]
[1952/10892] GJBY AUDIFONOS MANOS LIBRES SYG35 GJBY N  : Costo=7524 R=10533 -> Venta=10500 [ok]
[1953/10892] GJBY AUDIFONOS MANOS LIBRES GJ-18 GJBY N  : Costo=4932 R=6904 -> Venta=6400 [ok]
[1954/10892] GJBY AUDIFONOS MANOS LIBRES GJ-33 GJBY N  : Costo=4902 R=6863 -> Venta=6400 [ok]
[1955/10892] GJBY AUDIFONOS MANOS LIBRES GJ-23 GJBY N  : Costo=4574 R=6403 -> Venta=6100 [ok]
[1956/10892] GJBY AUDIFONOS MANOS LIBRES GJ-25 GJBY N  : Costo=5321 R=7449 -> Venta=8300 [ok]
[1957/10892] GJBY AUDIFONOS MANOS LIBRES GJ-31 GJBY N  : Costo=4364 R=6109 -> Venta=5900 [ok]
[1958/10892] GJBY AUDIFONOS MANOS LIBRES CS-513 GJBY   : Costo=1413 R=1978 -> Venta=2900 [ok]
[1959/10892] AUDIFONO MANOS LIBRES BLUETOOTH PARA CAS  : Costo=14845 R=32474 -> Venta=18600 [ok]
[1960/10892] AUDIFONO MANOS LIBRES BLUETOOTH PARA CAS  : Costo=12851 R=28112 -> Venta=16100 [ok]
[1961/10892] AUDIFONO MANOS LIBRES BLUETOOTH PARA CAS  : Costo=10986 R=24031 -> Venta=14000 [ok]
[1962/10892] AUDIFONO MANOS LIBRES BLUETOOTH PARA CAS  : Costo=8255 R=11793 -> Venta=11300 [ok]
[1963/10892] CARGADOR INALAMBRICO R12 PLATEADO         : Costo=16287 R=23804 -> Venta=20400 [ok]
[1964/10892] CARGADOR INALAMBRICO R11 PLATEADO         : Costo=17475 R=25540 -> Venta=21800 [ok]
[1965/10892] CARGADOR INALAMBRICO C25 NEGRO            : Costo=7873 R=11507 -> Venta=10900 [ok]
[1966/10892] CARGADOR INALAMBRICO W79 NEGRO            : Costo=13639 R=19933 -> Venta=17000 [ok]
[1967/10892] CARGADOR INALAMBRICO x8 NEGRO             : Costo=13680 R=19993 -> Venta=17100 [ok]
[1968/10892] CARGADOR INALAMBRICO HY-05 NEGRO          : Costo=11028 R=16118 -> Venta=14000 [ok]
[1969/10892] CARGADOR INALAMBRICO HY-10 BLANCO         : Costo=8024 R=11727 -> Venta=11000 [ok]
[1970/10892] CARGADOR INALAMBRICO Y91 NEGRO ROSADO     : Costo=11968 R=17491 -> Venta=15000 [ok]
[1971/10892] CARGADOR INALAMBRICO YN-21 NARANJA        : Costo=13639 R=19933 -> Venta=17000 [ok]
[1972/10892] YOOKIE AUDIFONO MANOS LIBRES YK61 YOOKIE  : Costo=1286 R=2143 -> Venta=2800 [ok]
[1973/10892] CANDC TRIPODE CANDC DC-393                : Costo=4613 R=6487 -> Venta=6100 [ok]
[1974/10892] CANDC TRIPODE CANDC DC-111                : Costo=5899 R=8295 -> Venta=8900 [ok]
[1975/10892] LDNIO CARGADOR CASA A322 LDNIO LIGHTNING  : Costo=3473 R=5155 -> Venta=5000 [ok]
[1976/10892] LDNIO CARGADOR CASA A3511Q LDNIO TIPO C   : Costo=11860 R=17605 -> Venta=14900 [ok]
[1977/10892] LDNIO CARGADOR CASA A3511Q LDNIO TIPO C   : Costo=12345 R=18325 -> Venta=15400 [ok]
[1978/10892] LDNIO CARGADOR CASA A2318C LDNIO MICRO B  : Costo=4384 R=6507 -> Venta=5900 [ok]
[1979/10892] LDNIO CARGADOR CASA A2318C LDNIO LIGHTNI  : Costo=4467 R=6631 -> Venta=6000 [ok]
[1980/10892] LDNIO CARGADOR CASA A2318C LDNIO LIGHTNI  : Costo=4884 R=7249 -> Venta=6400 [ok]
[1981/10892] LDNIO CARGADOR CASA A2318C LDNIO TIPO C   : Costo=4467 R=6631 -> Venta=6000 [ok]
[1982/10892] LDNIO CARGADOR CASA A2318C LDNIO TIPO C   : Costo=4717 R=7002 -> Venta=6200 [ok]
[1983/10892] LDNIO CARGADOR CASA A2526C LDNIO TIPO C   : Costo=6451 R=9576 -> Venta=9500 [ok]
[1984/10892] LDNIO CARGADOR CASA A2526C LDNIO TIPO C   : Costo=6201 R=9204 -> Venta=9200 [ok]
[1985/10892] LDNIO CARGADOR CASA A2526C LDNIO MICRO B  : Costo=6118 R=9081 -> Venta=9100 [ok]
[1986/10892] LDNIO CARGADOR CASA A2526C LDNIO LIGHTNI  : Costo=6201 R=9204 -> Venta=9200 [ok]
[1987/10892] LDNIO CARGADOR CASA A2526C LDNIO LIGHTNI  : Costo=6618 R=9823 -> Venta=9600 [ok]
[1988/10892] LDNIO CARGADOR CASA A2317C LDNIO LIGHTNI  : Costo=5334 R=7917 -> Venta=8300 [ok]
[1989/10892] LDNIO CARGADOR CASA A2317C LDNIO TIPO C   : Costo=5167 R=7670 -> Venta=8200 [ok]
[1990/10892] LDNIO CARGADOR CASA A2317C LDNIO TIPO C   : Costo=4917 R=7299 -> Venta=6400 [ok]
[1991/10892] LDNIO CARGADOR CASA A2317C LDNIO LIGHTNI  : Costo=4917 R=7299 -> Venta=6400 [ok]
[1992/10892] LDNIO CARGADOR CASA A2317C LDNIO MICRO B  : Costo=5611 R=8328 -> Venta=8600 [ok]
[1993/10892] LDNIO CARGADOR CASA A2203 LDNIO MICRO B   : Costo=2871 R=4455 -> Venta=4400 [ok]
[1994/10892] LDNIO CARGADOR CASA A2203 LDNIO LIGHTNIN  : Costo=3433 R=5096 -> Venta=4900 [ok]
[1995/10892] LDNIO CARGADOR CASA A2203 LDNIO TIPO C B  : Costo=2833 R=4205 -> Venta=4300 [ok]
[1996/10892] LDNIO CARGADOR CASA A2512Q LDNIO TIPO C   : Costo=4695 R=6969 -> Venta=6200 [ok]
[1997/10892] LDNIO CARGADOR CASA A2512Q LDNIO MICRO B  : Costo=4598 R=6825 -> Venta=6100 [ok]
[1998/10892] LDNIO CARGADOR CASA A2512Q LDNIO LIGHTNI  : Costo=4695 R=6969 -> Venta=6200 [ok]
[1999/10892] LDNIO CARGADOR CASA A2421C LDNIO TIPO C   : Costo=6426 R=9538 -> Venta=9400 [ok]
[2000/10892] LDNIO CARGADOR CASA A2424C LDNIO TIPO C   : Costo=5620 R=8342 -> Venta=8600 [ok]
[2001/10892] LDNIO CARGADOR CASA A2424C LDNIO MICRO B  : Costo=5523 R=8198 -> Venta=8500 [ok]
[2002/10892] LDNIO CARGADOR CASA A2424C LDNIO LIGHTHI  : Costo=5620 R=8342 -> Venta=8600 [ok]
[2003/10892] LDNIO CABLE USB TIPO C LS672 LDNIO SURTI  : Costo=905 R=1403 -> Venta=2400 [ok]
[2004/10892] LDNIO CABLE USB MICRO B LS672 LDNIO SURT  : Costo=905 R=1403 -> Venta=2400 [ok]
[2005/10892] LDNIO CABLE USB TIPO C LS671 LDNIO SURTI  : Costo=747 R=1159 -> Venta=2200 [ok]
[2006/10892] LDNIO CABLE USB MICRO B LS671 LDNIO SURT  : Costo=652 R=1011 -> Venta=2200 [ok]
[2007/10892] LDNIO CABLE USB TIPO C LS612 LDNIO SURTI  : Costo=866 R=2367 -> Venta=2400 [ok]
[2008/10892] LDNIO CABLE USB MICRO B LS612 LDNIO SURT  : Costo=783 R=2139 -> Venta=2300 [ok]
[2009/10892] LDNIO CABLE USB TIPO C LS611 LDNIO SURTI  : Costo=699 R=1911 -> Venta=2200 [ok]
[2010/10892] LDNIO CABLE USB MICRO B LS611 LDNIO SURT  : Costo=616 R=1683 -> Venta=2100 [ok]
[2011/10892] LDNIO CABLE USB LIGHTNING LS672 LDNIO SU  : Costo=826 R=1281 -> Venta=2300 [ok]
[2012/10892] LDNIO CABLE USB LIGHTNING LS671 LDNIO SU  : Costo=747 R=1159 -> Venta=2200 [ok]
[2013/10892] Remax ESTACION DE PODER PORTABLE RPP-325  : Costo=77573 R=115148 -> Venta=93100 [ok]
[2014/10892] Remax CABLE USB MULTIPLATAFORMA RC-C029   : Costo=4256 R=6317 -> Venta=5800 [ok]
[2015/10892] Remax CARGADOR CUBO CASA RP-U102 SERIE R  : Costo=4053 R=6016 -> Venta=5600 [ok]
[2016/10892] Remax CARGADOR CUBO CARRO RCC338 SERIE W  : Costo=2988 R=4436 -> Venta=4500 [ok]
[2017/10892] Remax CARGADOR CUBO CARRO RCC330 SERIE E  : Costo=7893 R=11717 -> Venta=10900 [ok]
[2018/10892] Remax BATERIA DE EMERGENCIA RPP-288 20.0  : Costo=14514 R=20411 -> Venta=18100 [ok]
[2019/10892] Remax BATERIA DE EMERGENCIA RPP-513 20.0  : Costo=17593 R=24740 -> Venta=22000 [ok]
[2020/10892] Remax BATERIA DE EMERGENCIA RPP-184 40.0  : Costo=25509 R=35873 -> Venta=30600 [ok]
[2021/10892] Remax BATERIA DE EMERGENCIA RPP-520 10.0  : Costo=7684 R=11406 -> Venta=10700 [ok]
[2022/10892] Remax BATERIA DE EMERGENCIA RPP-570 10.0  : Costo=10162 R=15084 -> Venta=13200 [ok]
[2023/10892] Remax BATERIA DE EMERGENCIA RPP-533 10.0  : Costo=13712 R=20353 -> Venta=17100 [ok]
[2024/10892] Remax BATERIA DE EMERGENCIA RPP-299 5.00  : Costo=5483 R=8139 -> Venta=8500 [ok]
[2025/10892] Remax BATERIA DE EMERGENCIA RPP-209 10.0  : Costo=11754 R=17448 -> Venta=14800 [ok]
[2026/10892] Remax BATERIA DE EMERGENCIA RPP-579 10.0  : Costo=11208 R=16637 -> Venta=14200 [ok]
[2027/10892] UGREEN CABLE USB TIPO C US287 UGREEN 601  : Costo=1238 R=3385 -> Venta=2700 [ok]
[2028/10892] UGREEN CABLE USB TIPO C US184 20882 UGRE  : Costo=1929 R=2756 -> Venta=3400 [ok]
[2029/10892] UGREEN ADAPTADOR OTG USB TIPO C A USB TI  : Costo=1465 R=2093 -> Venta=3000 [ok]
[2030/10892] UGREEN ADAPTADOR OTG MINI USB (V3) A USB  : Costo=620 R=920 -> Venta=2100 [ok]
[2031/10892] Joyroom HOLDER JR-ZS369 JOYROOM JOYROOM   : Costo=7251 R=10197 -> Venta=10300 [ok]
[2032/10892] YOOKIE AUDIFONO MANOS LIBRES EK01 YOOKIE  : Costo=717 R=1120 -> Venta=2200 [ok]
[2033/10892] YOOKIE AUDIFONO MANOS LIBRES YK63 YOOKIE  : Costo=1286 R=2143 -> Venta=2800 [ok]
[2034/10892] YOOKIE AUDIFONO MANOS LIBRES EK03 YOOKIE  : Costo=789 R=1233 -> Venta=2300 [ok]
[2035/10892] YOOKIE AUDIFONOS MANOS LIBRES YOOKIE XP2  : Costo=2781 R=4278 -> Venta=4300 [ok]
[2036/10892] Remax MICROFONO K07 REMAX TARNISH         : Costo=15255 R=22645 -> Venta=19100 [ok]
[2037/10892] Remax CARGADOR CUBO CASA RP-U93 SERIE IC  : Costo=5643 R=8816 -> Venta=8600 [ok]
[2038/10892] Remax CARGADOR CUBO CASA RP-U97 SERIE FI  : Costo=2210 R=3452 -> Venta=3700 [ok]
[2039/10892] Remax CABLE USB TIPO C SERIE EXPLORER RC  : Costo=2317 R=3258 -> Venta=3800 [ok]
[2040/10892] Remax CABLE USB TIPO C A LIGHTNING SERIE  : Costo=1291 R=1916 -> Venta=2800 [ok]
[2041/10892] YOOKIE CABLE 3.5MM MACHO A 2 HEMBRA YA3   : Costo=793 R=1111 -> Venta=2300 [ok]
[2042/10892] YOOKIE AUDIFONOS MANOS LIBRES YOOKIE YK5  : Costo=1020 R=1433 -> Venta=2500 [ok]
[2043/10892] YOOKIE AUDIFONOS MANOS LIBRES SD09 YOOKI  : Costo=4573 R=7737 -> Venta=6100 [ok]
[2044/10892] YOOKIE AUDIFONOS MANOS LIBRES SD09 YOOKI  : Costo=4573 R=7737 -> Venta=6100 [ok]
[2045/10892] YOOKIE AUDIFONOS MANOS LIBRES YOOKIE XP1  : Costo=2703 R=4158 -> Venta=4200 [ok]
[2046/10892] YOOKIE AUDIFONOS MANOS LIBRES YOOKIE XP2  : Costo=2683 R=4127 -> Venta=4200 [ok]
[2047/10892] YOOKIE SET AUDIFONO MANOS LIBRES YK770 Y  : Costo=25500 R=33150 -> Venta=30600 [ok]
[2048/10892] YOOKIE AUDIFONOS MANOS LIBRES YOOKIE YK3  : Costo=1635 R=2336 -> Venta=3100 [ok]
[2049/10892] Remax BATERIA DE EMERGENCIA RPP-300 10.0  : Costo=15163 R=21323 -> Venta=19000 [ok]
[2050/10892] Remax BATERIA DE EMERGENCIA RPP-502 10.0  : Costo=9456 R=13298 -> Venta=12500 [ok]
[2051/10892] Remax BATERIA DE EMERGENCIA RPP-322 1600  : Costo=13427 R=18881 -> Venta=16800 [ok]
[2052/10892] Remax BATERIA DE EMERGENCIA RPP-287 10.0  : Costo=11063 R=15557 -> Venta=14100 [ok]
[2053/10892] Remax BATERIA DE EMERGENCIA RPP-295 SERI  : Costo=5715 R=8037 -> Venta=8700 [ok]
[2054/10892] Remax BATERIA DE EMERGENCIA RPP-296 20.0  : Costo=14994 R=21085 -> Venta=18700 [ok]
[2055/10892] Remax CABLE USB MULTIPLATAFORMA RC-C011   : Costo=4789 R=7108 -> Venta=6300 [ok]
[2056/10892] Remax CARGADOR CUBO CASA RP-U25 SERIE FL  : Costo=5855 R=9148 -> Venta=8900 [ok]
[2057/10892] Remax CARGADOR CUBO CASA RP-U26 SERIE BA  : Costo=5223 R=8161 -> Venta=8200 [ok]
[2058/10892] Remax CARGADOR CUBO CARRO RCC323 SERIE A  : Costo=3393 R=5037 -> Venta=4900 [ok]
[2059/10892] Remax CARGADOR CUBO CARRO RCC325 SERIE L  : Costo=3723 R=5527 -> Venta=5200 [ok]
[2060/10892] Remax CARGADOR CUBO CARRO RCC226 SERIE S  : Costo=1842 R=2734 -> Venta=3300 [ok]
[2061/10892] UGREEN PLACA DE METAL PARA CELULAR Y HOL  : Costo=726 R=1036 -> Venta=2200 [ok]
[2062/10892] yunteng TRIPODE DC-333                    : Costo=6643 R=9340 -> Venta=9600 [ok]
[2063/10892] yunteng TRIPODE DC-222                    : Costo=8962 R=12601 -> Venta=12000 [ok]
[2064/10892] YOOKIE AUDIFONOS MANOS LIBRES YOOKIE YK1  : Costo=1570 R=2453 -> Venta=3100 [ok]
[2065/10892] YOOKIE AUDIFONO MANOS LIBRES YOOKIE YK10  : Costo=872 R=1362 -> Venta=2400 [ok]
[2066/10892] YOOKIE AUDIFONO MANOS LIBRES YOOKIE YK10  : Costo=872 R=1362 -> Venta=2400 [ok]
[2067/10892] YOOKIE AUDIFONOS MANOS LIBRES YOOKIE YK3  : Costo=1618 R=2528 -> Venta=3100 [ok]
[2068/10892] YOOKIE AUDIFONO MANOS LIBRES YOOKIE NEGR  : Costo=2416 R=4027 -> Venta=3900 [ok]
[2069/10892] YOOKIE AUDIFONO MANOS LIBRES YOOKIE BLAN  : Costo=2416 R=4027 -> Venta=3900 [ok]
[2070/10892] YOOKIE AUDIFONO MANOS LIBRES YOOKIE NEGR  : Costo=2416 R=4027 -> Venta=3900 [ok]
[2071/10892] MARVO MESA MULTIFUNCIONAL DZ-01 MARVO     : Costo=10055 R=14768 -> Venta=13100 [ok]
[2072/10892] Remax CARGADOR CUBO CARRO RCC231 SERIE C  : Costo=3481 R=5438 -> Venta=5000 [ok]
[2073/10892] LDNIO CARGADOR CASA A2219 LDNIO MICRO BL  : Costo=2288 R=3396 -> Venta=3800 [ok]
[2074/10892] Remax BATERIA DE EMERGENCIA RPP-280 10.0  : Costo=17008 R=23811 -> Venta=21300 [ok]
[2075/10892] Remax BATERIA DE EMERGENCIA RPP-51 20.00  : Costo=22159 R=32385 -> Venta=27200 [ok]
[2076/10892] Remax BATERIA DE EMERGENCIA RPP-51 20.00  : Costo=22159 R=32385 -> Venta=27200 [ok]
[2077/10892] Remax CARGADOR CUBO CASA RP-U27 REMAX MO  : Costo=5106 R=7580 -> Venta=8100 [ok]
[2078/10892] Remax CABLE USB LIGHTNING RC-C002I GRIS   : Costo=1891 R=2807 -> Venta=3400 [ok]
[2079/10892] Remax BATERIA DE EMERGENCIA RPP-111 10.0  : Costo=12779 R=17890 -> Venta=16000 [ok]
[2080/10892] Remax BATERIA DE EMERGENCIA RPP-9 10.000  : Costo=10469 R=15540 -> Venta=13500 [ok]
[2081/10892] Remax CABLE USB LIGHTNING RC-C008 BLANCO  : Costo=1468 R=2179 -> Venta=3000 [ok]
[2082/10892] Remax CABLE USB MICRO B RC-C008M REMAX B  : Costo=1247 R=3409 -> Venta=2700 [ok]
[2083/10892] Remax BATERIA DE EMERGENCIA RPP-286 10.0  : Costo=13997 R=19684 -> Venta=17500 [ok]
[2084/10892] YOOKIE AUDIFONO MANOS LIBRES YOOKIE AZUL  : Costo=2416 R=4027 -> Venta=3900 [ok]
[2085/10892] LDNIO CARGADOR CASA A3312 LDNIO LIGHTNIN  : Costo=2705 R=4015 -> Venta=4200 [ok]
[2086/10892] LDNIO CARGADOR CASA A3312 LDNIO TIPO C B  : Costo=2705 R=4015 -> Venta=4200 [ok]
[2087/10892] LDNIO CARGADOR CASA A3312 LDNIO MICRO B   : Costo=2622 R=3891 -> Venta=4100 [ok]
[2088/10892] Remax CABLE USB TIPO C A TIPO C RC-092T   : Costo=7781 R=11550 -> Venta=10800 [ok]
[2089/10892] Remax CABLE USB MULTIPLATAFORMA TIPO C L  : Costo=8819 R=13091 -> Venta=11800 [ok]
[2090/10892] Remax CABLE RC-124 SERIE JANY 6 EN 1 PLA  : Costo=6235 R=9254 -> Venta=9200 [ok]
[2091/10892] Remax CABLE USB LIGHTNING RC-006I REMAX   : Costo=1051 R=2874 -> Venta=2600 [ok]
[2092/10892] Remax CABLE USB LIGHTNING RC-006I REMAX   : Costo=1051 R=2874 -> Venta=2600 [ok]
[2093/10892] Remax CABLE USB MICRO B RC-006M PLATEADO  : Costo=1094 R=1624 -> Venta=2600 [ok]
[2094/10892] Remax CABLE USB LIGHTNING TIPO C RC-020T  : Costo=2877 R=4270 -> Venta=4400 [ok]
[2095/10892] YOOKIE SET AUDIFONO MANOS LIBRES YK1060   : Costo=22000 R=28600 -> Venta=27000 [ok]
[2096/10892] YOOKIE AUDIFONOS MANOS LIBRES YOOKIE YK1  : Costo=1132 R=1952 -> Venta=2600 [ok]
[2097/10892] YOOKIE AUDIFONOS MANOS LIBRES SD-01 YOOK  : Costo=1502 R=2347 -> Venta=3000 [ok]
[2098/10892] YOOKIE AUDIFONOS MANOS LIBRES YOOKIE SD-  : Costo=1488 R=2565 -> Venta=3000 [ok]
[2099/10892] YOOKIE AUDIFONOS MANOS LIBRES YOOKIE SD-  : Costo=1488 R=2565 -> Venta=3000 [ok]
[2100/10892] Remax CABLE USB TIPO C RC-183A BLANCO     : Costo=1612 R=2479 -> Venta=3100 [ok]
[2101/10892] Remax CABLE RC-140I REMAX NEGRO           : Costo=3250 R=4824 -> Venta=4800 [ok]
[2102/10892] Remax CABLE USB TIPO C RC-191C-C SERIE M  : Costo=1109 R=3032 -> Venta=2600 [ok]
[2103/10892] Remax CABLE USB TIPO C RC-140A REMAX NEG  : Costo=2636 R=3706 -> Venta=4100 [ok]
[2104/10892] Remax CABLE RC-186TH 3EN1 SERIE SPEED RE  : Costo=914 R=1356 -> Venta=2400 [ok]
[2105/10892] Remax CABLE USB LIGHTNING RC-154I SERIE   : Costo=1789 R=2655 -> Venta=3300 [ok]
[2106/10892] Remax CABLE USB MICRO B RC-154M SERIE LE  : Costo=1565 R=2323 -> Venta=3100 [ok]
[2107/10892] Remax CARGADOR INALAMBRICO RP-W18 REMAX   : Costo=7273 R=10182 -> Venta=10300 [ok]
[2108/10892] Remax CARGADOR INALAMBRICO RP-W32 SERIE   : Costo=10411 R=14576 -> Venta=13400 [ok]
[2109/10892] Remax CABLE USB TIPO C MACHO A DUAL TIPO  : Costo=6695 R=9373 -> Venta=9700 [ok]
[2110/10892] ONTEN CABLE ADAPTADOR LIGHTHING MICRO B   : Costo=14940 R=22176 -> Venta=18700 [ok]
[2111/10892] Remax CARGADOR CUBO CASA RP-U53 PD SERIE  : Costo=20033 R=31301 -> Venta=25000 [ok]
[2112/10892] Remax CARGADOR CUBO CASA RP-U68 PD SERIE  : Costo=2797 R=4371 -> Venta=4300 [ok]
[2113/10892] RELIFE PRENSA PARA BATERIA 3EN1 RL-936WA  : Costo=2516 R=3891 -> Venta=4000 [ok]
[2114/10892] Remax CARGADOR CUBO CASA RP-U70 REMAX BL  : Costo=2420 R=3781 -> Venta=3900 [ok]
[2115/10892] Remax BATERIA DE EMERGENCIA RPP-17 15.00  : Costo=18748 R=26365 -> Venta=23400 [ok]
[2116/10892] Remax BATERIA DE EMERGENCIA RPP-113 40.0  : Costo=29142 R=40982 -> Venta=35000 [ok]
[2117/10892] Remax BATERIA DE EMERGENCIA RPP-173 SERI  : Costo=41934 R=58970 -> Venta=50300 [ok]
[2118/10892] Remax SET CABLE Y ADAPTADORES MULTIPLATA  : Costo=4040 R=5997 -> Venta=5500 [ok]
[2119/10892] Remax BATERIA DE EMERGENCIA RPP-5 SERIE   : Costo=14272 R=20069 -> Venta=17800 [ok]
[2120/10892] Remax BATERIA DE EMERGENCIA RPP-185 SERI  : Costo=31490 R=44283 -> Venta=37800 [ok]
[2121/10892] Remax BATERIA DE EMERGENCIA RPP-259 20.0  : Costo=14294 R=20101 -> Venta=17900 [ok]
[2122/10892] Remax BATERIA DE EMERGENCIA RPP-258 10.0  : Costo=9017 R=12679 -> Venta=12000 [ok]
[2123/10892] Remax BATERIA DE EMERGENCIA RPP-161 20.0  : Costo=23505 R=33055 -> Venta=28500 [ok]
[2124/10892] Remax BATERIA DE EMERGENCIA RPP-175 SERI  : Costo=22386 R=31481 -> Venta=27400 [ok]
[2125/10892] Remax BATERIA DE EMERGENCIA RPP-212 10.0  : Costo=14146 R=20674 -> Venta=17700 [ok]
[2126/10892] Remax CABLE USB TIPO C RC-175A SERIE CHA  : Costo=1628 R=2417 -> Venta=3100 [ok]
[2127/10892] Remax CABLE USB TIPO C A LIGHTNING RC-17  : Costo=1070 R=1588 -> Venta=2600 [ok]
[2128/10892] Remax CABLE USB LIGHTNING MICRO B TIPO C  : Costo=1910 R=2835 -> Venta=3400 [ok]
[2129/10892] Remax CABLE USB MICRO B RC-179M BLANCO    : Costo=1298 R=1926 -> Venta=2800 [ok]
[2130/10892] Remax CABLE USB TIPO C RC-179A BLANCO     : Costo=1410 R=2092 -> Venta=2900 [ok]
[2131/10892] Remax CABLE USB LIGHTNING RC-179I REMAX   : Costo=1410 R=2092 -> Venta=2900 [ok]
[2132/10892] Remax CARGADOR CUBO CARRO RCC107 SERIE S  : Costo=3393 R=5302 -> Venta=4900 [ok]
[2133/10892] Remax CARGADOR CUBO CASA RP-U67 REMAX BL  : Costo=19028 R=29731 -> Venta=23800 [ok]
[2134/10892] Remax CARGADOR CASA INALAMBRICO RP-W33 R  : Costo=9580 R=13411 -> Venta=12600 [ok]
[2135/10892] Remax CARGADOR CASA INALAMBRICO RP-W31 R  : Costo=10411 R=14576 -> Venta=13400 [ok]
[2136/10892] Remax CARGADOR CASA INALAMBRICO RP-W30 R  : Costo=3711 R=3711 -> Venta=5200 [ok]
[2137/10892] Remax MICROFONO K06 PRO REMAX NEGRO       : Costo=1802 R=2675 -> Venta=3300 [ok]
[2138/10892] Remax CARGADOR CUBO CASA RP-U59 SERIE FU  : Costo=19522 R=30502 -> Venta=24400 [ok]
[2139/10892] Remax CABLE USB LIGHTNING RC-094I SERIE   : Costo=1446 R=2224 -> Venta=2900 [ok]
[2140/10892] Remax CABLE USB LIGHTNING RC-094I SERIE   : Costo=1446 R=2224 -> Venta=2900 [ok]
[2141/10892] Remax CABLE USB MICRO B RC-094M SERIE KE  : Costo=1257 R=3384 -> Venta=2800 [ok]
[2142/10892] Remax CABLE USB TIPO C RC-094A SERIE KER  : Costo=1425 R=2192 -> Venta=2900 [ok]
[2143/10892] Remax CABLE USB MICRO B RC-094M SERIE KE  : Costo=1257 R=3384 -> Venta=2800 [ok]
[2144/10892] Remax CABLE 2 USB LIGTHING HEMBRA A 1 LI  : Costo=1968 R=2755 -> Venta=3500 [ok]
[2145/10892] Remax BATERIA DE EMERGENCIA RPP-162 50.0  : Costo=34852 R=49011 -> Venta=41800 [ok]
[2146/10892] Remax BATERIA DE EMERGENCIA RPP-166 20.0  : Costo=18825 R=26355 -> Venta=23500 [ok]
[2147/10892] Remax BATERIA DE EMERGENCIA RPP-166 20.0  : Costo=18825 R=26355 -> Venta=23500 [ok]
[2148/10892] Remax BATERIA DE EMERGENCIA RPP-96 10.00  : Costo=9912 R=13766 -> Venta=12900 [ok]
[2149/10892] Remax CABLE USB MICRO B RC-124M SERIE JA  : Costo=1162 R=3177 -> Venta=2700 [ok]
[2150/10892] Remax CABLE USB TIPO C RC-161A SERIE KAY  : Costo=1639 R=2433 -> Venta=3100 [ok]
[2151/10892] YOOKIE CABLE 3.5MM 2 MACHO 1 HEMBRA YA2   : Costo=793 R=1111 -> Venta=2300 [ok]
[2152/10892] YOOKIE AUDIFONO MANOS LIBRES YTL-02I YOO  : Costo=3231 R=5570 -> Venta=4700 [ok]
[2153/10892] YOOKIE AUDIFONO MANOS LIBRES SURTIDO COL  : Costo=1043 R=1798 -> Venta=2500 [ok]
[2154/10892] YOOKIE AUDIFONOS MANOS LIBRES YOOKIE YK0  : Costo=1011 R=1684 -> Venta=2500 [ok]
[2155/10892] YOOKIE AUDIFONOS MANOS LIBRES YOOKIE YK0  : Costo=1011 R=1684 -> Venta=2500 [ok]
[2156/10892] YOOKIE AUDIFONOS MANOS LIBRES YOOKIE YK0  : Costo=1011 R=1684 -> Venta=2500 [ok]
[2157/10892] YOOKIE AUDIFONOS MANOS LIBRES YOOKIE YK0  : Costo=1011 R=1684 -> Venta=2500 [ok]
[2158/10892] YOOKIE AUDIFONO MANOS LIBRES YOOKIE YK33  : Costo=954 R=1590 -> Venta=2500 [ok]
[2159/10892] YOOKIE AUDIFONO MANOS LIBRES YTL-02A YOO  : Costo=3255 R=5611 -> Venta=4800 [ok]
[2160/10892] YOOKIE MICROFONO YK1190 YOOKIE NEGRO      : Costo=1089 R=1617 -> Venta=2600 [ok]
[2161/10892] HP CABLE USB TIPO C DHC-TC100 2M HP BLAN  : Costo=3159 R=4689 -> Venta=4700 [ok]
[2162/10892] LDNIO CARGADOR CARRO C313Q LDNIO MICRO B  : Costo=2778 R=4123 -> Venta=4300 [ok]
[2163/10892] LDNIO CARGADOR CARRO C313Q LDNIO LIGHTHI  : Costo=2891 R=4291 -> Venta=4400 [ok]
[2164/10892] LDNIO CABLE MULTIPLATAFORMA 3EN1 LC130 L  : Costo=1924 R=2856 -> Venta=3400 [ok]
[2165/10892] LDNIO CABLE USB TIPO C-C LC101 LDNIO VER  : Costo=1580 R=2451 -> Venta=3100 [ok]
[2166/10892] LDNIO CABLE USB TIPO C PD LC102 LDNIO NE  : Costo=1896 R=2942 -> Venta=3400 [ok]
[2167/10892] LDNIO CABLE LIGHTNING LC111 LDNIO C-I NE  : Costo=1738 R=2696 -> Venta=3200 [ok]
[2168/10892] LDNIO CABLE USB LIGHTNING LC112 LDNIO C-  : Costo=2058 R=3193 -> Venta=3600 [ok]
[2169/10892] LDNIO CABLE USB MICRO B LS521 LDNIO NEGR  : Costo=1083 R=1681 -> Venta=2600 [ok]
[2170/10892] LDNIO CABLE USB LIGHTNING LS521 LDNIO NE  : Costo=1184 R=1837 -> Venta=2700 [ok]
[2171/10892] LDNIO CABLE USB TIPO C LS521 LDNIO NEGRO  : Costo=1162 R=1804 -> Venta=2700 [ok]
[2172/10892] LDNIO CABLE USB TIPO C LS522 LDNIO NEGRO  : Costo=1342 R=2082 -> Venta=2800 [ok]
[2173/10892] LDNIO CABLE USB MICRO B LS522 LDNIO NEGR  : Costo=1263 R=1960 -> Venta=2800 [ok]
[2174/10892] LDNIO CABLE USB LIGHTNING LS522 LDNIO NE  : Costo=1342 R=2082 -> Venta=2800 [ok]
[2175/10892] LDNIO CABLE USB MICRO B LS531 LDNIO NEGR  : Costo=993 R=1540 -> Venta=2500 [ok]
[2176/10892] LDNIO CABLE USB TIPO C LS531 LDNIO NEGRO  : Costo=1072 R=1663 -> Venta=2600 [ok]
[2177/10892] LDNIO CABLE USB LIGHTNING LS531 LDNIO NE  : Costo=1051 R=2874 -> Venta=2600 [ok]
[2178/10892] LDNIO CABLE USB TIPO C LS532 LDNIO NEGRO  : Costo=1230 R=1908 -> Venta=2700 [ok]
[2179/10892] LDNIO CABLE USB LIGHTNING LS532 LDNIO NE  : Costo=1247 R=1935 -> Venta=2700 [ok]
[2180/10892] LDNIO CABLE USB MICRO B LS532 LDNIO NEGR  : Costo=1151 R=1786 -> Venta=2700 [ok]
[2181/10892] Remax CABLE USB LIGHTNING RC-161I SERIE   : Costo=1639 R=2433 -> Venta=3100 [ok]
[2182/10892] Remax CABLE USB MICRO B RC-163M SERIE PR  : Costo=1000 R=2732 -> Venta=2500 [ok]
[2183/10892] Remax CABLE USB TIPO C RC-138A SERIE SUJ  : Costo=953 R=2382 -> Venta=2500 [ok]
[2184/10892] Remax CABLE USB LIGHTNING RC-161I SERIE   : Costo=1639 R=2433 -> Venta=3100 [ok]
[2185/10892] Remax CABLE USB TIPO C RC-0163A SERIE PR  : Costo=1223 R=1816 -> Venta=2700 [ok]
[2186/10892] Remax CABLE USB LIGHTNING RC-138I SERIE   : Costo=1023 R=2556 -> Venta=2500 [ok]
[2187/10892] Remax CABLE USB MICRO B RC-138M SERIE SU  : Costo=897 R=1680 -> Venta=2400 [ok]
[2188/10892] Remax CARGADOR CASA RP-U54 SERIE JANE RE  : Costo=5494 R=8155 -> Venta=8500 [ok]
[2189/10892] Remax CABLE USB MICRO B RC-161M SERIE KA  : Costo=1409 R=2091 -> Venta=2900 [ok]
[2190/10892] Remax CABLE USB LIGHTNING RC-160I SERIE   : Costo=950 R=2556 -> Venta=2400 [ok]
[2191/10892] Remax CABLE USB MICRO B RC-160M SERIE LE  : Costo=833 R=2241 -> Venta=2300 [ok]
[2192/10892] Remax CABLE USB MICRO B RC-160M SERIE LE  : Costo=833 R=2241 -> Venta=2300 [ok]
[2193/10892] DURACELL CARGADOR CARRO MICRO B DURACELL  : Costo=2170 R=3221 -> Venta=3700 [ok]
[2194/10892] EARLDOM CABLE 3.5MM MACHO A 2 3.5MM HEMB  : Costo=1026 R=1523 -> Venta=2500 [ok]
[2195/10892] Remax CABLE USB TIPO C BRAIDED RC-124A R  : Costo=899 R=2456 -> Venta=2400 [ok]
[2196/10892] Remax CABLE USB MULTIPLATAFORMA 4EN1 SER  : Costo=2989 R=4436 -> Venta=4500 [ok]
[2197/10892] Remax CABLE USB TIPO C RC-094A VERDE      : Costo=1851 R=2747 -> Venta=3400 [ok]
[2198/10892] Remax CABLE USB LIGHTNING RC-094I REMAX   : Costo=1851 R=2747 -> Venta=3400 [ok]
[2199/10892] Remax CABLE USB LIGHTNING RC-094I REMAX   : Costo=1851 R=2747 -> Venta=3400 [ok]
[2200/10892] Remax CABLE USB MICRO B RC-094M REMAX VE  : Costo=1627 R=2415 -> Venta=3100 [ok]
[2201/10892] Remax CABLE USB MICRO B RC-094M REMAX BL  : Costo=1627 R=2415 -> Venta=3100 [ok]
[2202/10892] Remax CARGADOR CASA SERIE JANE RP-U35 RE  : Costo=2072 R=3076 -> Venta=3600 [ok]
[2203/10892] Remax CARGADOR CASA SERIE JANE RP-U35 RE  : Costo=1574 R=2336 -> Venta=3100 [ok]
[2204/10892] Remax CARGADOR CASA SERIE JANE RP-U35 RE  : Costo=1656 R=2459 -> Venta=3200 [ok]
[2205/10892] Remax CABLE USB LIGHTNING JELL RC-075I R  : Costo=2618 R=3885 -> Venta=4100 [ok]
[2206/10892] Remax CABLE USB TIPO C JELL RC-075A REMA  : Costo=2618 R=3885 -> Venta=4100 [ok]
[2207/10892] Remax CABLE USB MULTIPLATAFORMA 4EN1 SER  : Costo=2989 R=4436 -> Venta=4500 [ok]
[2208/10892] Remax CABLE USB LIGHTNING RC-102I SERIES  : Costo=3100 R=4601 -> Venta=4600 [ok]
[2209/10892] Remax CABLE USB TIPO C RC-102A SERIES ZI  : Costo=3100 R=4601 -> Venta=4600 [ok]
[2210/10892] Remax CABLE USB MICRO B RC-102M SERIES Z  : Costo=3100 R=4601 -> Venta=4600 [ok]
[2211/10892] Remax CARGADOR CUBO CARRO RCC105 REMAX N  : Costo=8106 R=11326 -> Venta=11100 [ok]
[2212/10892] Remax CABLE 2 USB LIGTHING A 3.5 HEMBRA   : Costo=5941 R=8819 -> Venta=8900 [ok]
[2213/10892] Remax CABLE USB LIGHTNING RC-100I SERIES  : Costo=1705 R=2531 -> Venta=3200 [ok]
[2214/10892] Remax CABLE USB LIGHTNING RC-100I SERIES  : Costo=1705 R=2531 -> Venta=3200 [ok]
[2215/10892] Remax CABLE USB MICRO B RC-100M SERIES J  : Costo=1705 R=2531 -> Venta=3200 [ok]
[2216/10892] n/a CABLE USB 3.0 LIGHTNING 20CM          : Costo=672 R=1837 -> Venta=2200 [ok]
[2217/10892] FAVEO TOALLA PA&Ntilde;O DEPORTIVO SXA00  : Costo=1499 R=2224 -> Venta=3000 [ok]
[2218/10892] LDNIO CARGADOR CARRO C29 LDNIO TIPO C BL  : Costo=2542 R=3944 -> Venta=4000 [ok]
[2219/10892] LDNIO CARGADOR CARRO C29 LDNIO LIGHTHING  : Costo=2542 R=3944 -> Venta=4000 [ok]
[2220/10892] LDNIO CARGADOR CARRO C29 LDNIO MICRO B B  : Costo=2463 R=3822 -> Venta=4000 [ok]
[2221/10892] LDNIO CARGADOR CARRO C309 LDNIO MICRO B   : Costo=3410 R=5061 -> Venta=4900 [ok]
[2222/10892] LDNIO CARGADOR CARRO C17 LDNIO MICRO B B  : Costo=1672 R=2594 -> Venta=3200 [ok]
[2223/10892] LDNIO CARGADOR CARRO C17 LDNIO LIGHTHING  : Costo=1751 R=2717 -> Venta=3300 [ok]
[2224/10892] LDNIO CARGADOR CARRO C17 LDNIO TIPO C BL  : Costo=1751 R=2717 -> Venta=3300 [ok]
[2225/10892] LDNIO CARGADOR CASA A2204 LDNIO TIPO C B  : Costo=3150 R=4675 -> Venta=4600 [ok]
[2226/10892] LDNIO CARGADOR CASA A2204 LDNIO LIGHTHIN  : Costo=3156 R=4684 -> Venta=4700 [ok]
[2227/10892] LDNIO CARGADOR CASA A2204 LDNIO MICRO B   : Costo=3104 R=4607 -> Venta=4600 [ok]
[2228/10892] LDNIO CARGADOR CASA AC50 LDNIO LIGHTHING  : Costo=2769 R=4111 -> Venta=4300 [ok]
[2229/10892] LDNIO CARGADOR CASA A1204Q LDNIO TIPO C   : Costo=3750 R=5566 -> Venta=5200 [ok]
[2230/10892] LDNIO CARGADOR CASA A1204Q LDNIO LIGHTHI  : Costo=4443 R=6595 -> Venta=5900 [ok]
[2231/10892] LDNIO CARGADOR CASA A1204Q LDNIO MICRO B  : Costo=5008 R=7434 -> Venta=8000 [ok]
[2232/10892] LDNIO CARGADOR CASA A2206 LDNIO LIGHTHIN  : Costo=3947 R=5859 -> Venta=5400 [ok]
[2233/10892] LDNIO CARGADOR CASA A2206 LDNIO MICRO B   : Costo=3823 R=5675 -> Venta=5300 [ok]
[2234/10892] LDNIO CARGADOR CASA A201 LDNIO LIGHTHING  : Costo=3286 R=4877 -> Venta=4800 [ok]
[2235/10892] LDNIO CARGADOR CASA A201 LDNIO MICRO B B  : Costo=2721 R=4039 -> Venta=4200 [ok]
[2236/10892] WIWU CABLE USB TIPO C A USB LIGHTNING WP  : Costo=8214 R=12193 -> Venta=11200 [ok]
[2237/10892] EARLDOM CABLE 3.5MM MACHO A 2 3.5MM HEMB  : Costo=1139 R=1691 -> Venta=2600 [ok]
[2238/10892] Remax CABLE USB LIGHTNING RC-120I CHAINO  : Costo=879 R=2402 -> Venta=2400 [ok]
[2239/10892] Remax CABLE USB TIPO C RC-120A CHAINO MI  : Costo=1127 R=1673 -> Venta=2600 [ok]
[2240/10892] EARLDOM CABLE USB LIGHTNING EC-S010I 30C  : Costo=569 R=1554 -> Venta=2100 [ok]
[2241/10892] yunteng TRIPODE DC-338                    : Costo=2542 R=3574 -> Venta=4000 [ok]
[2242/10892] YOOKIE AUDIFONO MANOS LIBRES YK1110 YOOK  : Costo=1364 R=2024 -> Venta=2900 [ok]
[2243/10892] YOOKIE AUDIFONO MANOS LIBRES YK770 YOOKI  : Costo=1230 R=1825 -> Venta=2700 [ok]
[2244/10892] Remax CARGADOR CASA RP-U22 REMAX LIGTHIN  : Costo=2532 R=3758 -> Venta=4000 [ok]
[2245/10892] Remax CABLE USB TIPO C RC-156A CIGAN 3A   : Costo=3255 R=4831 -> Venta=4800 [ok]
[2246/10892] Remax CABLE USB LIGHTNING RC-156I CIGAN   : Costo=3462 R=5138 -> Venta=5000 [ok]
[2247/10892] Remax CABLE USB MICRO B RC-156M CIGAN 3A  : Costo=3048 R=4525 -> Venta=4500 [ok]
[2248/10892] Remax CABLE USB TIPO C RC-151CC SUPER PD  : Costo=2325 R=3451 -> Venta=3800 [ok]
[2249/10892] Remax CABLE USB LIGTHING A 3.5 HEMBRA EN  : Costo=5941 R=8819 -> Venta=8900 [ok]
[2250/10892] Remax CABLE USB TIPO C RC-048A GOLD PLAT  : Costo=1845 R=2738 -> Venta=3300 [ok]
[2251/10892] Remax CABLE USB LIGHTNING RC-048I GOLD P  : Costo=1499 R=2224 -> Venta=3000 [ok]
[2252/10892] Remax CABLE USB LIGHTNING RC-129I FAST P  : Costo=1243 R=3399 -> Venta=2700 [ok]
[2253/10892] Remax CABLE USB LIGHTNING RC-129I FAST P  : Costo=1274 R=3484 -> Venta=2800 [ok]
[2254/10892] Remax CABLE USB LIGHTNING RC-129I FAST P  : Costo=1243 R=3399 -> Venta=2700 [ok]
[2255/10892] Remax CABLE USB MICRO B RC-129M FAST PRO  : Costo=1020 R=2787 -> Venta=2500 [ok]
[2256/10892] Remax CABLE USB MICRO B RC-129M FAST PRO  : Costo=1020 R=2787 -> Venta=2500 [ok]
[2257/10892] Remax CABLE USB MICRO B RC-129M FAST PRO  : Costo=1020 R=2787 -> Venta=2500 [ok]
[2258/10892] Remax CABLE USB MICRO B RC-158M R-MAGNET  : Costo=4185 R=6212 -> Venta=5700 [ok]
[2259/10892] Remax CABLE USB LIGHTNING RC-158I MAGNET  : Costo=4185 R=6212 -> Venta=5700 [ok]
[2260/10892] yunteng TRIPODE FLEXIBLE VCT-3280         : Costo=7252 R=10044 -> Venta=10300 [ok]
[2261/10892] YOOKIE AUDIFONO MANOS LIBRES YK810 YOOKI  : Costo=784 R=1306 -> Venta=2300 [ok]
[2262/10892] YOOKIE AUDIFONO MANOS LIBRES YK810 YOOKI  : Costo=784 R=1306 -> Venta=2300 [ok]
[2263/10892] Remax CARGADOR CUBO CASA RP-U32 REMAX NE  : Costo=3048 R=4525 -> Venta=4500 [ok]
[2264/10892] ZEALOT AUDIFONO BLUETOOTH ZEALOT H7 NEGR  : Costo=11520 R=17100 -> Venta=14500 [ok]
[2265/10892] Remax CABLE USB LIGHTNING RC-130I LUMINO  : Costo=3668 R=5445 -> Venta=5200 [ok]
[2266/10892] Remax CABLE USB MICRO B RC-119M RANGER T  : Costo=1912 R=2838 -> Venta=3400 [ok]
[2267/10892] Remax CABLE USB TIPO C RC-119A RANGER RE  : Costo=1912 R=2838 -> Venta=3400 [ok]
[2268/10892] Remax CABLE USB MICRO B RC-108M CAMAROON  : Costo=2532 R=3758 -> Venta=4000 [ok]
[2269/10892] Remax CARGADOR CUBO CASA RP-U110 RY-U03   : Costo=1344 R=3674 -> Venta=2800 [ok]
[2270/10892] Remax CARGADOR CUBO CASA RP-U114 REMAX B  : Costo=3255 R=4831 -> Venta=4800 [ok]
[2271/10892] Remax CARGADOR CUBO CASA RP-U114 REMAX N  : Costo=3255 R=4831 -> Venta=4800 [ok]
[2272/10892] Remax CABLE USB LIGHTNING RC-133I LUMINO  : Costo=3255 R=4831 -> Venta=4800 [ok]
[2273/10892] Remax CABLE USB LIGHTNING RC-133I LUMINO  : Costo=3255 R=4831 -> Venta=4800 [ok]
[2274/10892] Remax CABLE USB TIPO C RC-135 CARGA RAPI  : Costo=1463 R=2172 -> Venta=3000 [ok]
[2275/10892] Remax CABLE USB MICRO B RC-119M RANGER R  : Costo=1912 R=2838 -> Venta=3400 [ok]
[2276/10892] Remax CABLE USB LIGHTNING RC-119I RANGER  : Costo=1912 R=2838 -> Venta=3400 [ok]
[2277/10892] Remax CABLE USB TIPO C RC-113A WATCH REM  : Costo=2222 R=3298 -> Venta=3700 [ok]
[2278/10892] Remax CABLE USB MICRO B RC-113M WATCH RE  : Costo=2222 R=3298 -> Venta=3700 [ok]
[2279/10892] Remax CABLE USB LIGHTNING RC-113I WATCH   : Costo=2222 R=3298 -> Venta=3700 [ok]
[2280/10892] Remax CABLE USB LIGHTNING RC-113I WATCH   : Costo=2222 R=3298 -> Venta=3700 [ok]
[2281/10892] Remax CABLE USB LIGHTNING RC-113I WATCH   : Costo=2222 R=3298 -> Venta=3700 [ok]
[2282/10892] Remax CABLE USB TIPO C RC-108A CAMAROON   : Costo=2532 R=3758 -> Venta=4000 [ok]
[2283/10892] Remax CABLE USB TIPO C RC-108A CAMAROON   : Costo=2532 R=3758 -> Venta=4000 [ok]
[2284/10892] Remax CABLE USB MICRO B RC-108M CAMAROON  : Costo=2532 R=3758 -> Venta=4000 [ok]
[2285/10892] Remax CABLE USB LIGHTNING RC-108I CAMARO  : Costo=2532 R=3758 -> Venta=4000 [ok]
[2286/10892] Remax CABLE USB LIGHTNING MICRO B TIPO C  : Costo=1192 R=3258 -> Venta=2700 [ok]
[2287/10892] Remax CABLE USB LIGHTNING RC-108I CAMARO  : Costo=2532 R=3758 -> Venta=4000 [ok]
[2288/10892] YOOKIE AUDIFONO MANOS LIBRES YK800 YOOKI  : Costo=1346 R=1884 -> Venta=2800 [ok]
[2289/10892] AMELY CABLE DE RED UTP CAT6E CON CONECTO  : Costo=788 R=1362 -> Venta=2300 [ok]
[2290/10892] yunteng TRIPODE FLEXIBLE BOLSA ROJO       : Costo=2554 R=3581 -> Venta=4100 [ok]
[2291/10892] yunteng TRIPODE MONOPOD 992 NEGRO         : Costo=8702 R=12448 -> Venta=11700 [ok]
[2292/10892] Remax CABLE USB LIGHTNING MICRO B RC-025  : Costo=3358 R=4985 -> Venta=4900 [ok]
[2293/10892] Remax CABLE USB LIGHTNING MICRO B RC-025  : Costo=3358 R=4985 -> Venta=4900 [ok]
[2294/10892] Remax CABLE USB LIGHTNING MICRO B RC-025  : Costo=3358 R=4985 -> Venta=4900 [ok]
[2295/10892] Remax CABLE USB LIGHTNING MICRO B RC-025  : Costo=3358 R=4985 -> Venta=4900 [ok]
[2296/10892] Remax CABLE USB LIGHTNING RL-LA01 2 USB   : Costo=3772 R=5598 -> Venta=5300 [ok]
[2297/10892] Remax CARGADOR CUBO CASA RP-U15 TANFOX R  : Costo=3358 R=4985 -> Venta=4900 [ok]
[2298/10892] Remax CARGADOR CASA RP-U14 REMAX LIGHTNI  : Costo=3048 R=4525 -> Venta=4500 [ok]
[2299/10892] Remax CARGADOR CARRO USB LIGHTNING MICRO  : Costo=6716 R=9969 -> Venta=9700 [ok]
[2300/10892] Remax CARGADOR CARRO USB LIGHTNING MICRO  : Costo=5115 R=7592 -> Venta=8100 [ok]
[2301/10892] Remax CARGADOR CARRO USB LIGHTNING MICRO  : Costo=5115 R=7592 -> Venta=8100 [ok]
[2302/10892] Remax CARGADOR CUBO CARRO CR-2XP REMAX N  : Costo=5528 R=8205 -> Venta=8500 [ok]
[2303/10892] Remax CARGADOR CUBO CARRO RCC205 REMAX R  : Costo=5425 R=8052 -> Venta=8400 [ok]
[2304/10892] Remax CARGADOR CARRO USB LIGHTNING MICRO  : Costo=4908 R=7285 -> Venta=6400 [ok]
[2305/10892] Remax CARGADOR CARRO USB LIGHTNING MICRO  : Costo=4908 R=7285 -> Venta=6400 [ok]
[2306/10892] Remax BATERIA DE EMERGENCIA RPP-85 10.00  : Costo=13380 R=19861 -> Venta=16700 [ok]
[2307/10892] Remax BATERIA DE EMERGENCIA RPP-34 10.00  : Costo=15446 R=22928 -> Venta=19300 [ok]
[2308/10892] Remax BATERIA DE EMERGENCIA RPP-18 10.00  : Costo=13380 R=19861 -> Venta=16700 [ok]
[2309/10892] Remax BATERIA DE EMERGENCIA RPP-53 LINON  : Costo=12760 R=15042 -> Venta=16000 [ok]
[2310/10892] Remax CABLE AUXILIAR 3.5MM RL-L200 2MT R  : Costo=974 R=2663 -> Venta=2500 [ok]
[2311/10892] Remax CABLE AUXILIAR 3.5 RL-L100 1MT REM  : Costo=959 R=1424 -> Venta=2500 [ok]
[2312/10892] Remax CABLE USB LIGHTNING RC-054I EMPERO  : Costo=2945 R=4371 -> Venta=4400 [ok]
[2313/10892] Remax CABLE USB LIGHTNING RC-054I EMPERO  : Costo=2945 R=4371 -> Venta=4400 [ok]
[2314/10892] Remax CABLE USB LIGHTNING RC-054I EMPERO  : Costo=2945 R=4371 -> Venta=4400 [ok]
[2315/10892] Remax CABLE USB MICRO B RC-054M EMPEROR   : Costo=2945 R=4371 -> Venta=4400 [ok]
[2316/10892] Remax CABLE USB MICRO B RC-054M EMPEROR   : Costo=2945 R=4371 -> Venta=4400 [ok]
[2317/10892] Remax CABLE USB LIGHTNING RC-043I KINGHT  : Costo=3048 R=4525 -> Venta=4500 [ok]
[2318/10892] Remax CABLE USB LIGHTNING RC-043I KINGHT  : Costo=3048 R=4525 -> Venta=4500 [ok]
[2319/10892] Remax CABLE USB LIGHTNING RC-043I KINGHT  : Costo=3048 R=4525 -> Venta=4500 [ok]
[2320/10892] Remax CABLE USB MICRO B RC-043M KINGHT R  : Costo=2893 R=4295 -> Venta=4400 [ok]
[2321/10892] Remax CABLE USB MICRO B RC-043M KINGHT R  : Costo=2893 R=4295 -> Venta=4400 [ok]
[2322/10892] Remax CABLE USB MICRO B RC-081M WEAVE SE  : Costo=2945 R=4371 -> Venta=4400 [ok]
[2323/10892] Remax CABLE USB MICRO B RC-081M WEAVE SE  : Costo=2945 R=4371 -> Venta=4400 [ok]
[2324/10892] Remax CABLE USB TIPO C RC-090A FULL SPEE  : Costo=1550 R=2337 -> Venta=3000 [ok]
[2325/10892] Remax CABLE USB LIGHTNING RC-090I FULL S  : Costo=1550 R=2337 -> Venta=3000 [ok]
[2326/10892] Remax CABLE USB MICRO B RC-090M FULL SPE  : Costo=1550 R=2337 -> Venta=3000 [ok]
[2327/10892] Remax CABLE USB LIGHTNING RC-062I TENGY   : Costo=1602 R=2378 -> Venta=3100 [ok]
[2328/10892] Remax CABLE USB MICRO B RC-062M TENGY SE  : Costo=1344 R=1994 -> Venta=2800 [ok]
[2329/10892] Remax CABLE USB LIGHTNING RC-116I ARMOR   : Costo=1497 R=2222 -> Venta=3000 [ok]
[2330/10892] Remax CABLE USB LIGHTNING RC-116I ARMOR   : Costo=1497 R=2222 -> Venta=3000 [ok]
[2331/10892] Remax CABLE USB TIPO C DOMINATOR RC-064A  : Costo=3358 R=4985 -> Venta=4900 [ok]
[2332/10892] Remax CABLE USB MICRO B RC-064M DOMINATO  : Costo=3358 R=4985 -> Venta=4900 [ok]
[2333/10892] Remax CABLE USB LIGHTNING RC-064I DOMINA  : Costo=3358 R=4985 -> Venta=4900 [ok]
[2334/10892] Remax CABLE USB LIGHTNING RC-064I DOMINA  : Costo=3358 R=4985 -> Venta=4900 [ok]
[2335/10892] Remax CABLE USB LIGHTNING RC-064I DOMINA  : Costo=3358 R=4985 -> Venta=4900 [ok]
[2336/10892] Remax CABLE USB TIPO C RC-095A GRAVITY S  : Costo=3927 R=5828 -> Venta=5400 [ok]
[2337/10892] Remax CABLE USB TIPO C RC-095A GRAVITY S  : Costo=3927 R=5828 -> Venta=5400 [ok]
[2338/10892] Remax CABLE USB MICRO B RC-095M GRAVITY   : Costo=3927 R=5828 -> Venta=5400 [ok]
[2339/10892] Remax CABLE USB MICRO B RC-095M GRAVITY   : Costo=3927 R=5828 -> Venta=5400 [ok]
[2340/10892] Remax CABLE USB LIGHTNING RC-095I GRAVIT  : Costo=3927 R=5828 -> Venta=5400 [ok]
[2341/10892] Remax CABLE USB LIGHTNING RC-095I GRAVIT  : Costo=3927 R=5828 -> Venta=5400 [ok]
[2342/10892] Remax CABLE USB MICRO B RC-106M FORTUNE   : Costo=2428 R=3605 -> Venta=3900 [ok]
[2343/10892] Remax CABLE USB LIGHTNING MICRO B RC-025  : Costo=3358 R=4985 -> Venta=4900 [ok]
[2344/10892] Remax CABLE USB MICRO B RC-001M FULL SPE  : Costo=1809 R=2684 -> Venta=3300 [ok]
[2345/10892] Remax CABLE USB LIGHTNING RC-001I FULL S  : Costo=1912 R=2838 -> Venta=3400 [ok]
[2346/10892] Remax CABLE USB MICRO B RC-001M FULL SPE  : Costo=1809 R=2684 -> Venta=3300 [ok]
[2347/10892] Remax CABLE USB TIPO C RC-120A CHAINO RE  : Costo=1705 R=2531 -> Venta=3200 [ok]
[2348/10892] Remax CABLE USB MICRO B RC-120M CHAINO R  : Costo=1602 R=2378 -> Venta=3100 [ok]
[2349/10892] Remax CABLE USB LIGHTNING RC-120I CHAINO  : Costo=1705 R=2531 -> Venta=3200 [ok]
[2350/10892] Remax CABLE USB LIGHTNING RC-120I CHAINO  : Costo=1705 R=2531 -> Venta=3200 [ok]
[2351/10892] Remax CABLE USB TIPO C RC-046A REMAX DOR  : Costo=2325 R=3451 -> Venta=3800 [ok]
[2352/10892] Remax CABLE USB TIPO C A LIGHTNING RC-03  : Costo=2325 R=3451 -> Venta=3800 [ok]
[2353/10892] Remax CABLE USB TIPO C RC-050A LESU REMA  : Costo=1006 R=2751 -> Venta=2500 [ok]
[2354/10892] Remax CABLE USB MICRO B RC-050M LESU REM  : Costo=526 R=1437 -> Venta=2000 [ok]
[2355/10892] Remax CABLE USB TIPO C RC-101A LEMEN REM  : Costo=2067 R=3068 -> Venta=3600 [ok]
[2356/10892] Remax CABLE USB MICRO B RC-029M REMAX BL  : Costo=2015 R=2991 -> Venta=3500 [ok]
[2357/10892] Remax CABLE USB MICRO B RC-011M FULL SPE  : Costo=1912 R=2838 -> Venta=3400 [ok]
[2358/10892] Remax CABLE USB MICRO B RC-011M FULL SPE  : Costo=1912 R=2838 -> Venta=3400 [ok]
[2359/10892] Remax CABLE USB MICRO B RC-011M FULL SPE  : Costo=1912 R=2838 -> Venta=3400 [ok]
[2360/10892] Remax CABLE USB LIGHTNING RC-011I FULL S  : Costo=1912 R=2838 -> Venta=3400 [ok]
[2361/10892] Remax CABLE USB TIPO C RC-089A METAL REM  : Costo=2687 R=3988 -> Venta=4200 [ok]
[2362/10892] Remax CABLE USB LIGHTNING RC-089I METAL   : Costo=2687 R=3988 -> Venta=4200 [ok]
[2363/10892] Remax CABLE USB LIGHTNING RC-089I METAL   : Costo=2687 R=3988 -> Venta=4200 [ok]
[2364/10892] Remax CABLE USB LIGHTNING MICRO B RC-020  : Costo=2687 R=3988 -> Venta=4200 [ok]
[2365/10892] Remax CABLE USB LIGHTNING MICRO B RC-020  : Costo=2687 R=3988 -> Venta=4200 [ok]
[2366/10892] Remax CABLE USB LIGHTNING MICRO B RC-020  : Costo=2687 R=3988 -> Venta=4200 [ok]
[2367/10892] Remax CABLE USB LIGHTNING MICRO B RC-020  : Costo=2687 R=3988 -> Venta=4200 [ok]
[2368/10892] Remax CABLE USB LIGHTNING MICRO B RC-020  : Costo=2687 R=3988 -> Venta=4200 [ok]
[2369/10892] Remax CABLE USB LIGHTNING RC-075I RAYEN   : Costo=1550 R=2337 -> Venta=3000 [ok]
[2370/10892] Remax CABLE USB LIGHTNING RC-075I RAYEN   : Costo=1550 R=2337 -> Venta=3000 [ok]
[2371/10892] Remax CABLE USB MICRO B RC-029M REMAX NE  : Costo=2015 R=2991 -> Venta=3500 [ok]
[2372/10892] Remax CABLE USB LIGHTNING RC-029I BREATH  : Costo=2170 R=3221 -> Venta=3700 [ok]
[2373/10892] Remax CABLE USB LIGHTNING RC-029I BREATH  : Costo=2170 R=3221 -> Venta=3700 [ok]
[2374/10892] Remax CABLE USB MICRO B RC-082M REMAX BL  : Costo=1809 R=2684 -> Venta=3300 [ok]
[2375/10892] Remax CABLE USB LIGHTNING RC-082I WAIST   : Costo=1860 R=2761 -> Venta=3400 [ok]
[2376/10892] Remax CABLE USB LIGHTNING RC-082I WAIST   : Costo=1860 R=2761 -> Venta=3400 [ok]
[2377/10892] Remax CABLE USB LIGHTNING RC-082I WAIST   : Costo=1860 R=2761 -> Venta=3400 [ok]
[2378/10892] GENERICA CARGADOR LAPTOP SONY 19.5V 4.7A  : Costo=5728 R=8591 -> Venta=8700 [ok]
[2379/10892] Samsung CARGADOR CUBO CARRO CARGA RAPIDA  : Costo=3048 R=4525 -> Venta=4500 [ok]
[2380/10892] AMELY CABLE ADAPTADOR MICRO USB (V8) A O  : Costo=1809 R=2684 -> Venta=3300 [ok]
[2381/10892] SONYXER AUDIFONOS MANOS LIBRES BLUETOOTH  : Costo=17306 R=25689 -> Venta=21600 [ok]
[2382/10892] AMELY CABLE HDMI+VGA+AUDIO+USB 5137 CAJA  : Costo=10280 R=15260 -> Venta=13300 [ok]
[2383/10892] AMELY CABLE HDMI MHL 4K 5 PINES 1.8MTS A  : Costo=6716 R=9969 -> Venta=9700 [ok]
[2384/10892] AMELY CABLE MHL HDMI USB IPHONE 6G 6GS 7  : Costo=9712 R=14417 -> Venta=12700 [ok]
[2385/10892] AMELY CABLE DE DVI-I 24+5 A VGA           : Costo=3048 R=4525 -> Venta=4500 [ok]
[2386/10892] AMELY CABLE VGA A VGA 10 METROS           : Costo=4081 R=6058 -> Venta=5600 [ok]
[2387/10892] AMELY BIFULCADOR ADAPTADOR AD-001 EU A U  : Costo=323 R=461 -> Venta=1800 [ok]
[2388/10892] AMELY CABLE 3.5MM MACHO A 2 3.5MM HEMBRA  : Costo=569 R=832 -> Venta=2100 [ok]
[2389/10892] AMELY CABLE MACHO HEMBRA 3.5MM 1MTS NEGR  : Costo=672 R=997 -> Venta=2200 [ok]
[2390/10892] AMELY CABLE MACHO HEMBRA 3.5MM 2MTS NEGR  : Costo=982 R=1457 -> Venta=2500 [ok]
[2391/10892] SONY AUDIFONO PS3 CON MICROFONO CONTROL   : Costo=5027 R=7462 -> Venta=8000 [ok]
[2392/10892] n/a CABLE USB LIGHTNING MIX MORADO        : Costo=2015 R=2991 -> Venta=3500 [ok]
[2393/10892] n/a CABLE USB LIGHTNING CORDON IPHONE 5G  : Costo=2015 R=2991 -> Venta=3500 [ok]
[2394/10892] BATERIA ALKALINA CUADRADA 9V HICELL       : Costo=1680 R=2505 -> Venta=3200 [ok]
[2395/10892] BATERIA AA R6P                            : Costo=585 R=873 -> Venta=2100 [ok]
[2396/10892] n/a CABLE USB OTG BLISTER                 : Costo=3048 R=4525 -> Venta=4500 [ok]
[2397/10892] n/a BATERIA EMERGENCIA UNIVERSAL 5200MAH  : Costo=2583 R=3895 -> Venta=4100 [ok]
[2398/10892] Samsung CARGADOR CASA RELOJ SAMSUNG GALA  : Costo=4623 R=4623 -> Venta=6100 [ok]
[2399/10892] CARGADOR CASA DE BATERIAS AA AAA PINENC   : Costo=2015 R=2991 -> Venta=3500 [ok]
[2400/10892] BATERIA AAA R03P                          : Costo=585 R=873 -> Venta=2100 [ok]
[2401/10892] n/a CABLE USB LIGHTNING BLANCO BOLSA FOX  : Costo=4701 R=6978 -> Venta=6200 [ok]
[2402/10892] n/a ESTUCHE CONTROL PARA CONTROL XBOX 36  : Costo=1447 R=2148 -> Venta=2900 [ok]
[2403/10892] n/a AUDIFONO PSP 2000 3000 BLANCO T.O.    : Costo=1550 R=2337 -> Venta=3000 [ok]
[2404/10892] Samsung BATERIA SAMSUNG GALAXY EB-F1M7FL  : Costo=3646 R=8402 -> Venta=5100 [ok]
[2405/10892] MARVO HERRAMIENTA MULTIFUNCIONAL MT-001   : Costo=818 R=1251 -> Venta=2300 [ok]
[2406/10892] MARVO LLAVERO KC-001                      : Costo=1666 R=2547 -> Venta=3200 [ok]
[2407/10892] MARVO ESTANTE GAMER MS-02 MARVO           : Costo=21964 R=33586 -> Venta=27000 [ok]
[2408/10892] HEDA ESTANTE RACK 4 NIVELES 200KG 2M*1.8  : Costo=95645 R=159408 -> Venta=114800 [ok]
[2409/10892] Joyroom EXHIBIDOR ACRILICO JOYROOM AUDIF  : Costo=8514 R=14884 -> Venta=11500 [ok]
[2410/10892] Joyroom EXHIBIDOR ACRILICO JOYROOM CARGA  : Costo=22952 R=40125 -> Venta=28000 [ok]
[2411/10892] PLANET GROUP PRE-ROLLO TERMICO PARA DATA  : Costo=519 R=623 -> Venta=2000 [ok]
[2412/10892] PG LAMINA RANURADA MET&Aacute;LICA PLATI  : Costo=3503 R=5095 -> Venta=5000 [ok]
[2413/10892] EXHIBIDOR PARA MOUSE                      : Costo=491 R=654 -> Venta=2000 [ok]
[2414/10892] EXHIBIDOR ACRILICO PARA RELOJ             : Costo=1704 R=2839 -> Venta=3200 [ok]
[2415/10892] PG LAMINA RANURADA MET&Aacute;LICA PLATI  : Costo=3185 R=4777 -> Venta=4700 [ok]
[2416/10892] Epowsens CERRADURA PARA GANCHO HT042 BLA  : Costo=4772 R=7827 -> Venta=6300 [ok]
[2417/10892] Epowsens LLAVE PARA CERRADURA DE GANCHO   : Costo=4897 R=8032 -> Venta=6400 [ok]
[2418/10892] LDNIO ESTANTE LDNIO                       : Costo=34818 R=51139 -> Venta=41800 [ok]
[2419/10892] Joyroom ESTANTE JOYROOM JOYROOM           : Costo=80903 R=141438 -> Venta=97100 [ok]
[2420/10892] Joyroom EXHIBIDOR ACRILICO JOYROOM SMART  : Costo=21657 R=37862 -> Venta=26700 [ok]
[2421/10892] Joyroom EXHIBIDOR ACRILICO JOYROOM BATER  : Costo=8064 R=11970 -> Venta=11100 [ok]
[2422/10892] Joyroom EXHIBIDOR ACRILICO JOYROOM AUDIF  : Costo=42351 R=74040 -> Venta=50800 [ok]
[2423/10892] PG HANG TAG 3.5*4.5                       : Costo=1099 R=1649 -> Venta=2600 [ok]
[2424/10892] n/a ROTULO LUMINOSO MARCA 15*15CM LOGO M  : Costo=24828 R=34759 -> Venta=29800 [ok]
[2425/10892] n/a ROTULO LUMINOSO MARCA 25*21 LOGO APP  : Costo=30504 R=40137 -> Venta=36600 [ok]
[2426/10892] YOOKIE EXHIBIDOR ACRILICO PARA AUDIFONOS  : Costo=38002 R=56410 -> Venta=45600 [ok]
[2427/10892] Gerlax ESTANTE 3 DUAL GERLAX              : Costo=55491 R=77688 -> Venta=66600 [ok]
[2428/10892] Gerlax ESTANTE 3 GERLAX                   : Costo=40962 R=60077 -> Venta=49200 [ok]
[2429/10892] Gerlax ESTANTE GRANDE GERLAX              : Costo=123339 R=172674 -> Venta=141800 [ok]
[2430/10892] n/a LLAVE PARA CERRADURA DE GANCHO COMPL  : Costo=9193 R=13645 -> Venta=12200 [ok]
[2431/10892] SUNSHINE ESTANTE 5 CAPAS SUNSHINE 93*37*  : Costo=85818 R=126045 -> Venta=103000 [ok]
[2432/10892] YOOKIE EXHIBIDOR PARA AUDIFONOS YOOKIE Y  : Costo=1256 R=1865 -> Venta=2800 [ok]
[2433/10892] HABLADOR ACRILICO CON IMAN                : Costo=2170 R=3221 -> Venta=3700 [ok]
[2434/10892] Remax EXHIBIDOR ACRILICO PARA CINTA SEGU  : Costo=1550 R=2337 -> Venta=3000 [ok]
[2435/10892] HD LARGUERO EN &quot;T&quot; 6 CAPAS (60  : Costo=29371 R=43138 -> Venta=35200 [ok]
[2436/10892] PG GANCHO PARA LAMINA CON HABLADOR 6MM G  : Costo=711 R=1098 -> Venta=2200 [ok]
[2437/10892] PG GANCHO PARA LAMINA CON HABLADOR 6MM G  : Costo=633 R=977 -> Venta=2100 [ok]
[2438/10892] HD LOCKER                                 : Costo=150399 R=220897 -> Venta=173000 [ok]
[2439/10892] HD CHECKOUT COUNTER                       : Costo=1950319 R=2864517 -> Venta=2242900 [ok]
[2440/10892] HEDA DIVISION METALICA PARA RACK 60CM *3  : Costo=5120 R=7519 -> Venta=8100 [ok]
[2441/10892] HEDA EXHIBIDOR ACRILICO 48*14*33          : Costo=28314 R=42029 -> Venta=34000 [ok]
[2442/10892] HEDA HABLADOR METALICO AJUSTABLE 60CM *1  : Costo=3969 R=5829 -> Venta=5500 [ok]
[2443/10892] HEDA ESTANTE N7                           : Costo=88205 R=129551 -> Venta=105800 [ok]
[2444/10892] HEDA ESTANTE N6                           : Costo=96427 R=141626 -> Venta=115700 [ok]
[2445/10892] HEDA ESTANTE N5                           : Costo=257581 R=378320 -> Venta=296200 [ok]
[2446/10892] POSTE CON CINTA EXTENDIBLE (SEGURIDAD) P  : Costo=10554 R=15077 -> Venta=13600 [ok]
[2447/10892] PG GANCHO PARA LAMINA MALLA 6MM GRUESO 2  : Costo=281 R=341 -> Venta=1800 [ok]
[2448/10892] HEDA CAJA ORGANIZADORA 30.5*40.5          : Costo=7546 R=11082 -> Venta=10500 [ok]
[2449/10892] HEDA CAJA ORGANIZADORA 24.5*32.5          : Costo=3235 R=4751 -> Venta=4700 [ok]
[2450/10892] n/a ROTULO LUMINOSO MARCA 75CM*20CM COOL  : Costo=43842 R=60893 -> Venta=52600 [ok]
[2451/10892] HEDA CAJA ORGANIZADORA 15.8*24.5          : Costo=2362 R=3469 -> Venta=3900 [ok]
[2452/10892] HD BANDEJA RANURADA L1000MM*H350MM 6 CAP  : Costo=7757 R=12388 -> Venta=10800 [ok]
[2453/10892] HD BANDEJA RANURADA L1000*H300 6 CAPAS N  : Costo=6994 R=11169 -> Venta=10000 [ok]
[2454/10892] HD LAMINA ETIQUETA LISA 6 CAPAS L1000MM   : Costo=522 R=740 -> Venta=2000 [ok]
[2455/10892] HD BANDEJA LISA L1000MM*W600 6 CAPAS NEG  : Costo=12051 R=19245 -> Venta=15100 [ok]
[2456/10892] HD RODA PIE LARGO 1000MM 6 CAPAS ROJO     : Costo=3382 R=5401 -> Venta=4900 [ok]
[2457/10892] HD CUBIERTA SUPERIOR L900 5 CAPAS NEGRA   : Costo=2539 R=4054 -> Venta=4000 [ok]
[2458/10892] HD BANDEJA RANURADA L900*W300 5 CAPAS NE  : Costo=4704 R=7511 -> Venta=6200 [ok]
[2459/10892] HD BANDEJA RANURADA L900*H250 5 CAPAS NE  : Costo=4586 R=7324 -> Venta=6100 [ok]
[2460/10892] HD SOPORTE BANDEJA 600MM 6 CAPAS NEGRA    : Costo=2041 R=3260 -> Venta=3500 [ok]
[2461/10892] HD SOPORTE BANDEJA 450MM 5 CAPAS NEGRA N  : Costo=2863 R=4572 -> Venta=4400 [ok]
[2462/10892] HD LAMINA ETIQUETA LISA L900MM HABLADOR   : Costo=603 R=962 -> Venta=2100 [ok]
[2463/10892] HD BANDEJA LISA L900MM*W450 5 CAPAS NEGR  : Costo=9538 R=15231 -> Venta=12500 [ok]
[2464/10892] HD RODA PIE LARGO 900MM 5 CAPAS ROJO      : Costo=3481 R=5559 -> Venta=5000 [ok]
[2465/10892] HD LARGUERO EN &quot;L&quot; 6 CAPAS L22  : Costo=26873 R=39469 -> Venta=32200 [ok]
[2466/10892] HD LARGUERO EN &quot;T&quot; 5 CAPAS 900  : Costo=22929 R=33676 -> Venta=27900 [ok]
[2467/10892] HD LARGUERO EN &quot;L&quot; DE 5 CAPAS   : Costo=15245 R=24346 -> Venta=19100 [ok]
[2468/10892] PG BANDEJA METAL PARA LAMINA RANURADA 30  : Costo=9442 R=14015 -> Venta=12400 [ok]
[2469/10892] PG GANCHO PARA ESTANTE REMAX 20CM         : Costo=214 R=330 -> Venta=1700 [ok]
[2470/10892] PG GANCHO PARA LAMINA RANURADA 6MM GRUES  : Costo=327 R=467 -> Venta=1800 [ok]
[2471/10892] n/a SELLO DE SEGURIDAD GARANTIA 10 MIL U  : Costo=33062 R=49076 -> Venta=39700 [ok]
[2472/10892] HEDA LARGUEROS Y BANDEJAS ESTANTE TIPO R  : Costo=28877 R=42865 -> Venta=34700 [ok]
[2473/10892] HEDA COLUMNA LATERAL PARA ESTANTE TIPO R  : Costo=25488 R=37834 -> Venta=30600 [ok]
[2474/10892] PG LAMINA RANURADA MET&Aacute;LICA FG-00  : Costo=27053 R=36714 -> Venta=32500 [ok]
[2475/10892] Remax ESTANTE CARTON REMAX                : Costo=78883 R=115858 -> Venta=94700 [ok]
[2476/10892] Remax CINTA DE SEGURIDAD PARA ACRILICO    : Costo=1550 R=2337 -> Venta=3000 [ok]
[2477/10892] PG LAMINA METALICA REJAS 4.8 GRUESO 100*  : Costo=37109 R=51566 -> Venta=44500 [ok]
[2478/10892] PG ESTANTE LAMINA METALICA REJAS 4.8 GRU  : Costo=34516 R=47963 -> Venta=41400 [ok]
[2479/10892] PG CANASTA METAL 70*70*75 FG-0719         : Costo=94984 R=131990 -> Venta=114000 [ok]
[2480/10892] PG CANASTA PARA TABLAS LAMINAS 45*30*10   : Costo=10362 R=14398 -> Venta=13400 [ok]
[2481/10892] PG GANCHO PLANO PARA PLATINA 2.0MM ANCHO  : Costo=2636 R=4069 -> Venta=4100 [ok]
[2482/10892] PG GANCHO PLANO PARA PLATINA 2.0MM ANCHO  : Costo=2158 R=3331 -> Venta=3700 [ok]
[2483/10892] PG GANCHO PLANO PARA PLATINA 2.0MM ANCHO  : Costo=1750 R=2701 -> Venta=3200 [ok]
[2484/10892] PG GANCHO PLANO PARA LAMINA RANURADA 40C  : Costo=2647 R=4085 -> Venta=4100 [ok]
[2485/10892] PG GANCHOS PARA LAMINA RANURADA 30CM 300  : Costo=896 R=1383 -> Venta=2400 [ok]
[2486/10892] PG GANCHO PARA LAMINA RANURADA 25 CM 250  : Costo=579 R=894 -> Venta=2100 [ok]
[2487/10892] PG GANCHOS PARA LAMINA RANURADA 20CM 200  : Costo=483 R=587 -> Venta=2000 [ok]
[2488/10892] PG GANCHO PARA LAMINA RANURADA 15CM 150M  : Costo=459 R=656 -> Venta=2000 [ok]
[2489/10892] PG GANCHO PARA LAMINA RANURADA 10CM 100M  : Costo=367 R=494 -> Venta=1900 [ok]
[2490/10892] PG GANCHO PARA LAMINA RANURADA 6MM GRUES  : Costo=366 R=564 -> Venta=1900 [ok]
[2491/10892] PG GANCHO PARA LAMINA MALLA 6MM GRUESO 3  : Costo=379 R=490 -> Venta=1900 [ok]
[2492/10892] PG GANCHO PARA LAMINA MALLA 6MM GRUESO 2  : Costo=384 R=592 -> Venta=1900 [ok]
[2493/10892] PG GANCHO PARA LAMINA MALLA 6MM GRUESO 2  : Costo=364 R=538 -> Venta=1900 [ok]
[2494/10892] PG GANCHO PARA LAMINA RANURADA 6MM GRUES  : Costo=262 R=319 -> Venta=1800 [ok]
[2495/10892] PG GANCHO PARA LAMINA MALLA 6MM GRUESO 1  : Costo=362 R=559 -> Venta=1900 [ok]
[2496/10892] PG GANCHO PARA LAMINA RANURADA 6MM GRUES  : Costo=260 R=401 -> Venta=1800 [ok]
[2497/10892] PG GANCHO PARA LAMINA MALLA 6MM GRUESO 1  : Costo=327 R=504 -> Venta=1800 [ok]
[2498/10892] PG GANCHO PARA LAMINA RANURADA 6MM GRUES  : Costo=237 R=366 -> Venta=1700 [ok]
[2499/10892] PG GANCHO PARA LAMINA MALLA 6MM GRUESO 1  : Costo=218 R=294 -> Venta=1700 [ok]
[2500/10892] PG GANCHO PARA LAMINA MALLA 6MM GRUESO 1  : Costo=247 R=353 -> Venta=1700 [ok]
[2501/10892] PG GANCHO PARA LAMINA MALLA 6MM GRUESO 2  : Costo=298 R=402 -> Venta=1800 [ok]
[2502/10892] PG GANCHO PARA LAMINA MALLA 6MM GRUESO 3  : Costo=337 R=520 -> Venta=1800 [ok]
[2503/10892] PG GANCHO PARA LAMINA CON HABLADOR 6MM G  : Costo=838 R=1293 -> Venta=2300 [ok]
[2504/10892] PG GANCHO PARA LAMINA CON HABLADOR 6MM G  : Costo=776 R=1197 -> Venta=2300 [ok]
[2505/10892] PG GANCHO PARA LAMINA CON HABLADOR 6MM G  : Costo=711 R=1098 -> Venta=2200 [ok]
[2506/10892] PG GANCHO PARA LAMINA CON HABLADOR 6MM G  : Costo=406 R=626 -> Venta=1900 [ok]
[2507/10892] PG GANCHO PARA LAMINA 6MM GRUESO 300MM D  : Costo=799 R=1234 -> Venta=2300 [ok]
[2508/10892] PG GANCHO PARA LAMINA 6MM GRUESO 250MM D  : Costo=369 R=461 -> Venta=1900 [ok]
[2509/10892] PG GANCHO PARA LAMINA 6MM GRUESO 200MM D  : Costo=353 R=544 -> Venta=1900 [ok]
[2510/10892] PG GANCHO PARA LAMINA 6MM GRUESO 150MM D  : Costo=240 R=292 -> Venta=1700 [ok]
[2511/10892] PG GANCHO PARA LAMINA 6MM GRUESO 100MM D  : Costo=223 R=271 -> Venta=1700 [ok]
[2512/10892] PG GANCHO PARA LAMINA 6MM GRUESO 300MM D  : Costo=594 R=724 -> Venta=2100 [ok]
[2513/10892] PG GANCHO PARA LAMINA 6MM GRUESO 200MM D  : Costo=474 R=576 -> Venta=2000 [ok]
[2514/10892] PG HABLADOR PARA GANCHO FG-0462           : Costo=54 R=83 -> Venta=1600 [ok]
[2515/10892] PG GANCHO PARA LAMINA 6MM GRUESO 450MM D  : Costo=1165 R=1798 -> Venta=2700 [ok]
[2516/10892] PG GANCHOS DE 25 CM CON CERRADURA Y HABL  : Costo=1540 R=3416 -> Venta=3000 [ok]
[2517/10892] PG GANCHOS DE 15CM CON CERRADURA Y HABLA  : Costo=1333 R=2958 -> Venta=2800 [ok]
[2518/10892] HEDA CARRO DE COMPRAS DE 250L             : Costo=149102 R=218993 -> Venta=171500 [ok]
[2519/10892] n/a LLAVE PARA CERRADURA DE GANCHO DT030  : Costo=5413 R=7578 -> Venta=8400 [ok]
[2520/10892] Epowsens CERRADURA PARA GANCHO HT041 ROJ  : Costo=3410 R=4547 -> Venta=4900 [ok]
[2521/10892] n/a SELLO DE SEGURIDAD GARANTIA 10 MIL U  : Costo=40000 R=40000 -> Venta=48000 [ok]
[2522/10892] MARVO ESTANTE GAMER MS-01 MARVO           : Costo=20000 R=30582 -> Venta=25000 [ok]
[2523/10892] PG GANCHO PLANO PARA LAMINA RANURADA 30C  : Costo=2158 R=3331 -> Venta=3700 [ok]
[2524/10892] PG GANCHO PLANO PARA LAMINA RANURADA 20C  : Costo=1577 R=2434 -> Venta=3100 [ok]
[2525/10892] HEDA CASILLERO 75 GABETAS SIN PUERTAS     : Costo=126976 R=186494 -> Venta=146000 [ok]
[2526/10892] PG CANASTA PARA TABLAS LAMINAS RANURADA   : Costo=15675 R=21782 -> Venta=19600 [ok]
[2527/10892] PG ESTANTE MOSTRARIO GIRATORIO 32 GANCHO  : Costo=40729 R=63354 -> Venta=48900 [ok]
[2528/10892] PG GANCHO PARA LAMINA RANURADA 10CM 100M  : Costo=212 R=286 -> Venta=1700 [ok]
[2529/10892] PG GANCHO PARA LAMINA RANURADA 15CM 150M  : Costo=233 R=313 -> Venta=1700 [ok]
[2530/10892] PG GANCHO PARA LAMINA RANURADA 25 CM 250  : Costo=290 R=352 -> Venta=1800 [ok]
[2531/10892] HEDA CASILLERO ARCHIVERO CAJON DE REPUES  : Costo=46441 R=68937 -> Venta=55700 [ok]
[2532/10892] HEDA CASILLERO 75 GABETAS CON PUERTAS     : Costo=162278 R=238344 -> Venta=186600 [ok]
[2533/10892] PG GANCHO PARA LAMINA RANURADA 20CM 200M  : Costo=300 R=428 -> Venta=1800 [ok]
[2534/10892] PG GANCHO PARA LAMINA RANURADA 30CM 300M  : Costo=319 R=388 -> Venta=1800 [ok]
[2535/10892] Remax INFLADOR DE BOLA                    : Costo=2101 R=3698 -> Venta=3600 [ok]
[2536/10892] NECESER MAYITA NEGRA MODELO 251-2         : Costo=1048 R=1676 -> Venta=2500 [ok]
[2537/10892] NECESER MAYITA NEGRA MODELO 251-3         : Costo=1031 R=1494 -> Venta=2500 [ok]
[2538/10892] RELIFE HERRAMIENTA DE SEPARACI&Oacute;N   : Costo=1780 R=3175 -> Venta=3300 [ok]
[2539/10892] RELIFE PROBADOR DE CICLOS DE BATERIA  TB  : Costo=22908 R=35507 -> Venta=27900 [ok]
[2540/10892] RELIFE PROBADOR DE PUERTO DE CARGA TB-09  : Costo=8611 R=13346 -> Venta=11600 [ok]
[2541/10892] RELIFE LAMINA HIDROGEL GF-3R PRIVADA MAT  : Costo=30315 R=57494 -> Venta=36400 [ok]
[2542/10892] RELIFE LAMINA HIDROGEL GF-11 PRIVADA REL  : Costo=31745 R=60206 -> Venta=38100 [ok]
[2543/10892] RELIFE LAMINA HIDROGEL GF-4R RELIFE       : Costo=16013 R=30370 -> Venta=20000 [ok]
[2544/10892] SUNSHINE MICROSCOPIO CON LAMPARA LED  71  : Costo=253001 R=361430 -> Venta=291000 [ok]
[2545/10892] RELIFE DESTORNILLADOR RL-730A RELIFE GRI  : Costo=1477 R=2290 -> Venta=3000 [ok]
[2546/10892] RELIFE PROBADOR DE PUERTO DE CARGA TB-09  : Costo=2775 R=4302 -> Venta=4300 [ok]
[2547/10892] SUNSHINE CABLE ALIMENTACION DE REPARACIO  : Costo=1936 R=3042 -> Venta=3400 [ok]
[2548/10892] RELIFE REPUESTO CUCHILLA PARA ESPATULA T  : Costo=5305 R=7579 -> Venta=8300 [ok]
[2549/10892] RELIFE ESPATULA REMOVEDORA DE GOMA MULTI  : Costo=1919 R=2671 -> Venta=3400 [ok]
[2550/10892] RELIFE PUNTA JUEGO DE AGUJAS PARA DESOLD  : Costo=2316 R=3235 -> Venta=3800 [ok]
[2551/10892] ONTEN ESTACION DOCK MULTIFUNCIONAL USB T  : Costo=20753 R=31129 -> Venta=25800 [ok]
[2552/10892] ONTEN HUB USB TIPO C OTN-UC51 ONTEN VERD  : Costo=1351 R=2027 -> Venta=2900 [ok]
[2553/10892] ONTEN HUB USB TIPO C OTN-US51  ONTEN      : Costo=1351 R=2027 -> Venta=2900 [ok]
[2554/10892] ONTEN HUB USB TIPO C Y USB TIPOA OTN-UCA  : Costo=2500 R=3750 -> Venta=4000 [ok]
[2555/10892] ONTEN CONECTOR RJ45 CAT5 5E E661 ONTEN    : Costo=2733 R=3903 -> Venta=4200 [ok]
[2556/10892] ONTEN CONECTOR RJ45 CAT5 5E E551 ONTEN    : Costo=2318 R=3312 -> Venta=3800 [ok]
[2557/10892] ONTEN HERRAMIENTA PELACABLES UNIVERSAL E  : Costo=1352 R=2124 -> Venta=2900 [ok]
[2558/10892] ONTEN ESTACION DOCK MULTIFUNCIONAL USB T  : Costo=6145 R=9217 -> Venta=9100 [ok]
[2559/10892] ONTEN ESTACION DE ACOPLAMIENTO PARA MICR  : Costo=19425 R=29138 -> Venta=24300 [ok]
[2560/10892] ONTEN MINI ESTACION DOCK MULTIFUNCIONAL   : Costo=2717 R=4075 -> Venta=4200 [ok]
[2561/10892] ONTEN MINI ESTACION DOCK MULTIFUNCIONAL   : Costo=2717 R=4075 -> Venta=4200 [ok]
[2562/10892] ONTEN ESTACION DOCK MULTIFUNCIONAL USB T  : Costo=23568 R=35352 -> Venta=28600 [ok]
[2563/10892] ONTEN ESTACION DOCK MULTIFUNCIONAL USB T  : Costo=2467 R=3701 -> Venta=4000 [ok]
[2564/10892] RELIFE LIMPIADOR Y REPARADOR PARA CAMARA  : Costo=2443 R=3442 -> Venta=3900 [ok]
[2565/10892] RELIFE FLUX HW11 RELIFE                   : Costo=1846 R=2601 -> Venta=3300 [ok]
[2566/10892] RELIFE PASTA CONDUCTORA DE PALTA PARA CA  : Costo=2892 R=4074 -> Venta=4400 [ok]
[2567/10892] RELIFE LIMPIADOR PUNTA CAUTIN RELIFE RL-  : Costo=1004 R=1414 -> Venta=2500 [ok]
[2568/10892] RELIFE REMOVEDOR LIMPIADOR DE OCA RL-833  : Costo=413 R=608 -> Venta=1900 [ok]
[2569/10892] RELIFE PRIMER ADHESIVO DE CINTA DOBLE CA  : Costo=627 R=876 -> Venta=2100 [ok]
[2570/10892] RELIFE REMOVEDOR DE OCA LG2  RELIFE       : Costo=7581 R=14783 -> Venta=10600 [ok]
[2571/10892] RELIFE REMOVEDOR DE OCA LG1 RELIFE        : Costo=4682 R=9129 -> Venta=6200 [ok]
[2572/10892] SUNSHINE CAMARA TERMICA TB-10 PRO SUNSHI  : Costo=172571 R=266950 -> Venta=198500 [ok]
[2573/10892] RELIFE CAMARA PARA MICROSCOPIO MC1 4K RE  : Costo=45569 R=70306 -> Venta=54700 [ok]
[2574/10892] RELIFE PLANTILLA MAGNITICA PARA SOLDADUR  : Costo=2531 R=3523 -> Venta=4000 [ok]
[2575/10892] RELIFE BOTELLA DISPENSADORA TB3 RELIFE    : Costo=6658 R=8631 -> Venta=9700 [ok]
[2576/10892] SUNSHINE PLANCHA DE CALEFACION DIGITAL P  : Costo=24027 R=36041 -> Venta=29000 [ok]
[2577/10892] RELIFE MALLA PARA DESOLDAR RL-20C RELIFE  : Costo=601 R=859 -> Venta=2100 [ok]
[2578/10892] RELIFE CABLE PODER ALIMENTACION CON SOLO  : Costo=29442 R=49070 -> Venta=35300 [ok]
[2579/10892] SUNSHINE FUENTE DE PODER ALIMENTACION P5  : Costo=9943 R=19885 -> Venta=12900 [ok]
[2580/10892] SUNSHINE FUENTE DE PODER ALIMENTACION P4  : Costo=62001 R=124002 -> Venta=74400 [ok]
[2581/10892] SUNSHINE MAQUINA CORTADORA LAMINA PROTEC  : Costo=297254 R=609123 -> Venta=341800 [ok]
[2582/10892] SUNSHINE MAQUINA CORTADORA LAMINA PROTEC  : Costo=315676 R=646873 -> Venta=363000 [ok]
[2583/10892] RELIFE KIT DE AGUJAS PARA SEPARACION DE   : Costo=1422 R=2200 -> Venta=2900 [ok]
[2584/10892] RELIFE SET CUCHILLAS REPARAR TK5 RELIFE   : Costo=2472 R=3823 -> Venta=4000 [ok]
[2585/10892] RELIFE LAMINA HIDROGEL GF-7HA  RELIFE     : Costo=18593 R=35262 -> Venta=23200 [ok]
[2586/10892] RELIFE LAMINA HIDROGEL GF-7HS  RELIFE     : Costo=50772 R=96291 -> Venta=60900 [ok]
[2587/10892] RELIFE LAMINA HIDROGEL GF-9 HD RELIFE     : Costo=43621 R=82729 -> Venta=52300 [ok]
[2588/10892] RELIFE LAMINA HIDROGEL GF-9HS PRIVADA RE  : Costo=61498 R=116634 -> Venta=73800 [ok]
[2589/10892] MARCADORES CON OLOR FRUTAL 12 UNIDADES    : Costo=1376 R=2240 -> Venta=2900 [ok]
[2590/10892] BOLSO DEPORTIVO PINK NEGRO                : Costo=2101 R=4800 -> Venta=3600 [ok]
[2591/10892] BOLSO MALET&Iacute;N DEPORTIVO NEGRO      : Costo=3701 R=4800 -> Venta=5200 [ok]
[2592/10892] BOLSO MALET&Iacute;N DEPORTIVO Y DE ESPA  : Costo=4901 R=6300 -> Venta=6400 [ok]
[2593/10892] BOLSO MALET&Iacute;N DEPORTIVO VERDE CLA  : Costo=4001 R=5085 -> Venta=5500 [ok]
[2594/10892] BOLSO MALET&Iacute;N DEPORTIVO AZUL OSCU  : Costo=3601 R=4600 -> Venta=5100 [ok]
[2595/10892] BOLSO DEPORTIVO CRUZADO CELESTE GRIS BLA  : Costo=2101 R=3500 -> Venta=3600 [ok]
[2596/10892] BOLSO ESCOLAR CON DISE&Ntilde;O MODELO 3  : Costo=8201 R=10986 -> Venta=11200 [ok]
[2597/10892] TAJADOR DE COLORES                        : Costo=155 R=250 -> Venta=1700 [ok]
[2598/10892] PILOT Y MARCADOR 2 EN 1 ZP1199-48         : Costo=164 R=265 -> Venta=1700 [ok]
[2599/10892] BORRADOR DE TARRO ROJO                    : Costo=631 R=1025 -> Venta=2100 [ok]
[2600/10892] LAPICERO DE PUNTA FINA RA-8150 ROJO       : Costo=1741 R=2841 -> Venta=3200 [ok]
[2601/10892] LAPIZ DE MINAS 0.7MM CON MINAS            : Costo=488 R=800 -> Venta=2000 [ok]
[2602/10892] LAPICES DE COLORES PASTEL CON BORRADOR /  : Costo=428 R=700 -> Venta=1900 [ok]
[2603/10892] Gxin PILOT PIZARRA RECARGABLE G-218 NEGR  : Costo=1813 R=2952 -> Venta=3300 [ok]
[2604/10892] Gxin PILOT PERMANENTE  G-113 AZUL AZUL    : Costo=1285 R=2090 -> Venta=2800 [ok]
[2605/10892] Gxin PILOT PERMANENTE  G-113 ROJO ROJO    : Costo=1289 R=2096 -> Venta=2800 [ok]
[2606/10892] SUNSHINE LAMINA HIDROGEL SS-075AS PRIVAD  : Costo=41032 R=70108 -> Venta=49200 [ok]
[2607/10892] SUNSHINE LAMINA HIDROGEL SS-057ES PRIVAD  : Costo=93889 R=160421 -> Venta=112700 [ok]
[2608/10892] SUNSHINE LAMINA HIDROGEL SS-TP350 SUNSHI  : Costo=55299 R=94485 -> Venta=66400 [ok]
[2609/10892] SUNSHINE LAMINA HIDROGEL  SS-075RS PRIVA  : Costo=65674 R=112212 -> Venta=78800 [ok]
[2610/10892] SUNSHINE PROBADOR CARGADOR BATERIAS SS-9  : Costo=2996 R=4643 -> Venta=4500 [ok]
[2611/10892] RELIFE JUEGO BROCAS DE EXTRACCION PARA T  : Costo=1807 R=2463 -> Venta=3300 [ok]
[2612/10892] RELIFE PUNTA CAUTIN PARA SOLDADURA EN BO  : Costo=2792 R=3902 -> Venta=4300 [ok]
[2613/10892] RELIFE BOMBA DE GOMA PARA LIQUIDOS RL-04  : Costo=726 R=1125 -> Venta=2200 [ok]
[2614/10892] RELIFE SET DESTORNILLADOR RL-717 RELIFE   : Costo=10479 R=16373 -> Venta=13500 [ok]
[2615/10892] RELIFE SOLDADURA EN BOLITAS RL-403C RELI  : Costo=3145 R=5189 -> Venta=4600 [ok]
[2616/10892] RELIFE DESTORNILLADOR RL-717 RELIFE IP17  : Costo=2637 R=4120 -> Venta=4100 [ok]
[2617/10892] RELIFE PRENSA MULTIFUNCIONAL RL-601Q PRO  : Costo=10796 R=16733 -> Venta=13800 [ok]
[2618/10892] SUNSHINE MICROSCOPIO CON LAMPARA LED M9T  : Costo=155902 R=222717 -> Venta=179300 [ok]
[2619/10892] RELIFE CAMARA MULTIMETRO MC2 RELIFE       : Costo=82714 R=127616 -> Venta=99300 [ok]
[2620/10892] SUNSHINE MULTIMETRO TESTER  RANGO AUTOMA  : Costo=12397 R=19480 -> Venta=15500 [ok]
[2621/10892] RELIFE PASTA CONDUCTORA HW31 RELIFE 0.2M  : Costo=1038 R=1557 -> Venta=2500 [ok]
[2622/10892] RELIFE PASTA CONDUCTORA HW31 RELIFE 1.0M  : Costo=3011 R=4516 -> Venta=4500 [ok]
[2623/10892] RELIFE PASTA CONDUCTORA HW31 RELIFE 0.5M  : Costo=1827 R=2740 -> Venta=3300 [ok]
[2624/10892] RELIFE SOLDADURA EN PASTA HW21S RELIFE 1  : Costo=3312 R=4628 -> Venta=4800 [ok]
[2625/10892] RELIFE SOLDADURA EN PASTA HW21 RELIFE 13  : Costo=3217 R=4494 -> Venta=4700 [ok]
[2626/10892] RELIFE PROBADOR DE INDUCTANCIA XA5 RELIF  : Costo=925 R=1434 -> Venta=2400 [ok]
[2627/10892] SUNSHINE PLANCHA DE CALEFACION DIGITAL P  : Costo=15168 R=22752 -> Venta=19000 [ok]
[2628/10892] SUNSHINE PLANCHA DE CALEFACION DIGITAL P  : Costo=21279 R=31918 -> Venta=26300 [ok]
[2629/10892] RELIFE MESA DE TRABAJO SILICON RL-004DQ   : Costo=10788 R=15854 -> Venta=13800 [ok]
[2630/10892] RELIFE L&Aacute;MPARA LED PARA MICROSCOP  : Costo=6767 R=12083 -> Venta=9800 [ok]
[2631/10892] RELIFE L&Aacute;MPARA LED PARA MICROSCOP  : Costo=4143 R=7398 -> Venta=5600 [ok]
[2632/10892] RELIFE PALETA HERRAMIENTAS DE SEPARACION  : Costo=2130 R=3508 -> Venta=3600 [ok]
[2633/10892] SUNSHINE CABLE PODER ALIMENTACION SS-905  : Costo=4826 R=8043 -> Venta=6300 [ok]
[2634/10892] SUNSHINE CINTA ADHESIVA DOBLE CARA SUNSH  : Costo=717 R=1003 -> Venta=2200 [ok]
[2635/10892] SUNSHINE LAMINA HIDROGEL SS-057HEP MATE   : Costo=61113 R=95489 -> Venta=73300 [ok]
[2636/10892] RELIFE SET PALETA HERRAMIENTAS DE SEPARA  : Costo=2209 R=3637 -> Venta=3700 [ok]
[2637/10892] RELIFE BOTELLA DISPENSADORA TB2 RELIFE 5  : Costo=668 R=866 -> Venta=2200 [ok]
[2638/10892] RELIFE PALETA HERRAMIENTAS DE SEPARACION  : Costo=643 R=1059 -> Venta=2100 [ok]
[2639/10892] quick ESTACION DE CALOR BLOWER M9 QUICK   : Costo=297895 R=425565 -> Venta=342600 [ok]
[2640/10892] RELIFE PROTECTOR DE CAMARA PARA LUZ UV R  : Costo=3266 R=5039 -> Venta=4800 [ok]
[2641/10892] RELIFE LAMINA HIDROGEL GF-9 RELIFE        : Costo=11302 R=21435 -> Venta=14300 [ok]
[2642/10892] RELIFE CAJA ORGANIZADORA RL-001K RELIFE   : Costo=5219 R=7456 -> Venta=8200 [ok]
[2643/10892] quick BOQUILLA PARA ESTACION DE CALOR BL  : Costo=951 R=1359 -> Venta=2500 [ok]
[2644/10892] quick BOQUILLA PARA ESTACION DE CALOR BL  : Costo=719 R=1026 -> Venta=2200 [ok]
[2645/10892] quick BOQUILLA PARA ESTACION DE CALOR BL  : Costo=951 R=1359 -> Venta=2500 [ok]
[2646/10892] RELIFE ADAPTADOR CARGADOR INTELIGENTE Q4  : Costo=12265 R=17522 -> Venta=15300 [ok]
[2647/10892] RELIFE ADAPTADOR CARGADOR INTELIGENTE Q7  : Costo=23418 R=33454 -> Venta=28400 [ok]
[2648/10892] SUNSHINE SET PLANTILLA ESTACION DE CALOR  : Costo=27431 R=39187 -> Venta=32900 [ok]
[2649/10892] SUNSHINE CAJA ORGANIZADORA SS-001A PRO S  : Costo=1077 R=1631 -> Venta=2600 [ok]
[2650/10892] quick REPUESTO CAUTIN 8786D+ QUICK        : Costo=15457 R=22082 -> Venta=19300 [ok]
[2651/10892] MULTIMETRO PINZA AMPERIMETRICA            : Costo=2663 R=4184 -> Venta=4200 [ok]
[2652/10892] MULTIMETRO TESTER DT-830B                 : Costo=1243 R=1953 -> Venta=2700 [ok]
[2653/10892] LUPA DE CABEZA  201730129956.6            : Costo=4237 R=6053 -> Venta=5700 [ok]
[2654/10892] RELIFE ESTACION PARA SOLDAR CAUTIN PORTA  : Costo=9127 R=15286 -> Venta=12100 [ok]
[2655/10892] SUNSHINE PLANCHA DE CALEFACION DIGITAL P  : Costo=11053 R=16579 -> Venta=14100 [ok]
[2656/10892] RELIFE SET PALETAS HERRAMIENTAS DE SEPAR  : Costo=4206 R=6928 -> Venta=5700 [ok]
[2657/10892] RELIFE SET DESTORNILLADOR RL-730A RELIFE  : Costo=9462 R=14665 -> Venta=12500 [ok]
[2658/10892] RELIFE MICROSCOPIO CON LAMPARA LED R360   : Costo=252551 R=360788 -> Venta=290400 [ok]
[2659/10892] RELIFE LAMINA HIDROGEL GF-4 RELIFE        : Costo=20810 R=39467 -> Venta=25800 [ok]
[2660/10892] RELIFE LAMINA HIDROGEL GF-5MS MATE PRIVA  : Costo=52917 R=100359 -> Venta=63500 [ok]
[2661/10892] RELIFE LAMINA HIDROGEL GF-8M RELIFE       : Costo=31745 R=60206 -> Venta=38100 [ok]
[2662/10892] SUNSHINE LAMINA HIDROGEL UV-1 SUNSHINE I  : Costo=16448 R=31193 -> Venta=20600 [ok]
[2663/10892] RELIFE LAMINA HIDROGEL UV-2 PRIVADA SUNS  : Costo=30392 R=57639 -> Venta=36500 [ok]
[2664/10892] RELIFE LAMINA HIDROGEL GF-6M RELIFE       : Costo=47196 R=89510 -> Venta=56600 [ok]
[2665/10892] RELIFE LAMINA HIDROGEL GF-1M RELIFE       : Costo=11442 R=21700 -> Venta=14400 [ok]
[2666/10892] RELIFE LAMINA HIDROGEL GF-7MU FIBRA VIDR  : Costo=39968 R=75801 -> Venta=48000 [ok]
[2667/10892] RELIFE BASE UNIVERSAL PARA MICROSCOPIO U  : Costo=19403 R=38806 -> Venta=24300 [ok]
[2668/10892] SUNSHINE CAJA ORGANIZADORA TO3 SUNSHINE   : Costo=1502 R=2207 -> Venta=3000 [ok]
[2669/10892] RELIFE BASE UNIVERSAL PARA MICROSCOPIO U  : Costo=32355 R=64709 -> Venta=38800 [ok]
[2670/10892] quick PUNTA CAUTIN TS11 QUICK I           : Costo=5737 R=8032 -> Venta=8700 [ok]
[2671/10892] RELIFE SOLDADURA EN PASTA HW32 RELIFE     : Costo=3595 R=5932 -> Venta=5100 [ok]
[2672/10892] RELIFE ESPONJA LIMPIEZA HO1 RELIFE        : Costo=439 R=642 -> Venta=1900 [ok]
[2673/10892] RELIFE CAUTIN PORTATIL 210 RELIFE         : Costo=12497 R=24370 -> Venta=15600 [ok]
[2674/10892] RELIFE HERRAMIENTA PARA REMOVER BATERIAS  : Costo=1430 R=2217 -> Venta=2900 [ok]
[2675/10892] SUNSHINE PLANCHA DE CALEFACION DIGITAL P  : Costo=19658 R=29486 -> Venta=24600 [ok]
[2676/10892] RELIFE DISPENSADOR PARA GOMA RELIFE       : Costo=514 R=793 -> Venta=2000 [ok]
[2677/10892] SUNSHINE LAMINA SILICON AISLANTE TERMICA  : Costo=863 R=1295 -> Venta=2400 [ok]
[2678/10892] RELIFE LENTE PARA CAMARA INDUSTRIAL MB1   : Costo=29606 R=45677 -> Venta=35500 [ok]
[2679/10892] RELIFE SOLDADURA HW1 RELIFE 0.3MM 40G     : Costo=2231 R=3408 -> Venta=3700 [ok]
[2680/10892] RELIFE SOLDADURA HW1 RELIFE 0.4MM 40G     : Costo=2078 R=3173 -> Venta=3600 [ok]
[2681/10892] RELIFE SOLDADURA HW1 RELIFE 0.8MM 40G     : Costo=1882 R=2874 -> Venta=3400 [ok]
[2682/10892] RELIFE SOLDADURA HW1 RELIFE 0.6MM 40G     : Costo=2078 R=3173 -> Venta=3600 [ok]
[2683/10892] RELIFE SOLDADURA HW1 RELIFE 0.5MM 40G     : Costo=2078 R=3173 -> Venta=3600 [ok]
[2684/10892] ONTEN HERRAMIENTA DE CRIMPADO MODULAR E9  : Costo=2594 R=4077 -> Venta=4100 [ok]
[2685/10892] ONTEN HERRAMIENTA DE CRIMPADO MODULAR E9  : Costo=5494 R=8634 -> Venta=8500 [ok]
[2686/10892] ONTEN TESTER DE CABLES CONECTOR RJ45 RJ1  : Costo=9734 R=15296 -> Venta=12700 [ok]
[2687/10892] ONTEN ESTACION DOCK MULTIFUNCIONAL USB T  : Costo=6480 R=9720 -> Venta=9500 [ok]
[2688/10892] ONTEN ESTACION DOCK MULTIFUNCIONAL USB T  : Costo=8036 R=12054 -> Venta=11000 [ok]
[2689/10892] ONTEN HUB USB TIPO C OTN-UC972C ONTEN     : Costo=2500 R=3750 -> Venta=4000 [ok]
[2690/10892] ONTEN HUB USB TIPO C OTN-UC622 ONTEN      : Costo=6175 R=9262 -> Venta=9200 [ok]
[2691/10892] ONTEN HUB USB TIPO C UC52S ONTEN          : Costo=1505 R=2257 -> Venta=3000 [ok]
[2692/10892] ONTEN HUB USB TIPO A US52S ONTEN          : Costo=1505 R=4083 -> Venta=3000 [ok]
[2693/10892] ONTEN HUB USB TIPO C OTN-8120 ONTEN       : Costo=5016 R=7523 -> Venta=8000 [ok]
[2694/10892] ONTEN HUB USB TIPO C OTN-5308 ONTEN       : Costo=14758 R=22137 -> Venta=18400 [ok]
[2695/10892] ONTEN HUB USB TIPO C OTN-9701D ONTEN      : Costo=1149 R=1724 -> Venta=2600 [ok]
[2696/10892] ONTEN HUB USB TIPO A OTN-5116U ONTEN      : Costo=4559 R=6838 -> Venta=6100 [ok]
[2697/10892] ONTEN ESTACION DOCK MULTIFUNCIONAL USB T  : Costo=7543 R=11315 -> Venta=10500 [ok]
[2698/10892] ONTEN ESTACION DOCK MULTIFUNCIONAL USB T  : Costo=9983 R=14974 -> Venta=13000 [ok]
[2699/10892] ONTEN HUB USB TIPO C OTN-9705D ONTEN      : Costo=2100 R=3149 -> Venta=3600 [ok]
[2700/10892] ONTEN HUB USB TIPO A OTN-5705D ONTEN      : Costo=1840 R=3942 -> Venta=3300 [ok]
[2701/10892] ONTEN HUB USB TIPO C UC971D ONTEN         : Costo=2955 R=4432 -> Venta=4500 [ok]
[2702/10892] SUNSHINE PLANCHA DE CALEFACION DIGITAL P  : Costo=107940 R=161909 -> Venta=124100 [ok]
[2703/10892] SUNSHINE TARJETA DE PRUEBA PARA BATERIAS  : Costo=4360 R=6727 -> Venta=5900 [ok]
[2704/10892] RELIFE BARRA SILICON RL-097 RELIFE        : Costo=455 R=665 -> Venta=2000 [ok]
[2705/10892] RELIFE PROTECTOR PARA MICROSCOPIO M-26 P  : Costo=1030 R=1589 -> Venta=2500 [ok]
[2706/10892] RELIFE MESA DE TRABAJO RL-004M-B11  RELI  : Costo=4003 R=5823 -> Venta=5500 [ok]
[2707/10892] RELIFE EXTRACTOR DE HUMO PARA MICROSCOPI  : Costo=4594 R=6891 -> Venta=6100 [ok]
[2708/10892] RELIFE ADAPTADOR CARGADOR RL-309H RELIFE  : Costo=21967 R=32096 -> Venta=27000 [ok]
[2709/10892] RELIFE ADAPTADOR CARGADOR Q2 RELIFE BLAN  : Costo=25612 R=37421 -> Venta=30700 [ok]
[2710/10892] RELIFE ADAPTADOR CARGADOR RL-309U RELIFE  : Costo=16852 R=24622 -> Venta=21100 [ok]
[2711/10892] RELIFE DESTORNILLADOR RL-5122  RELIFE     : Costo=7987 R=13295 -> Venta=11000 [ok]
[2712/10892] RELIFE BOTELLA DISPENSADORA TB1 RELIFE A  : Costo=1639 R=2124 -> Venta=3100 [ok]
[2713/10892] SUNSHINE FUENTE DE PODER ALIMENTACION P2  : Costo=56738 R=113475 -> Venta=68100 [ok]
[2714/10892] RELIFE CAMARA HDMI PARA MICROSCOPIO TRIN  : Costo=65735 R=128653 -> Venta=78900 [ok]
[2715/10892] RELIFE FLUX PASTA F-23 RELIFE             : Costo=4052 R=6077 -> Venta=5600 [ok]
[2716/10892] SUNSHINE LIMPIADOR DE GOMA  RL-094 RELIF  : Costo=1604 R=2406 -> Venta=3100 [ok]
[2717/10892] RELIFE GOMA PARA REPARACION PARA FILTROS  : Costo=1188 R=1620 -> Venta=2700 [ok]
[2718/10892] RELIFE GOMA PARA REPARACION UV RL-035G R  : Costo=1188 R=1620 -> Venta=2700 [ok]
[2719/10892] RELIFE GOMA PARA REPARACION ANTIVIBRACIO  : Costo=1188 R=1620 -> Venta=2700 [ok]
[2720/10892] SUNSHINE MULTIMETRO TESTER DT-24 PRO SUN  : Costo=33480 R=52611 -> Venta=40200 [ok]
[2721/10892] RELIFE PRENSA MULTIFUNCIONAL TF4 RELIFE   : Costo=7968 R=12350 -> Venta=11000 [ok]
[2722/10892] RELIFE PRENSA MULTIFUNCIONAL TF3 RELIFE   : Costo=9954 R=15429 -> Venta=13000 [ok]
[2723/10892] SUNSHINE DISIPADOR DE CALOR PARA CHIP RL  : Costo=2762 R=4142 -> Venta=4300 [ok]
[2724/10892] SUNSHINE DISIPADOR DE CALOR PARA CHIP RL  : Costo=2653 R=3979 -> Venta=4200 [ok]
[2725/10892] SUNSHINE DISIPADOR DE CALOR PARA CHIP RL  : Costo=2543 R=3815 -> Venta=4000 [ok]
[2726/10892] RELIFE PROBADOR MULTIFUNCION DE CORRIENT  : Costo=9471 R=15785 -> Venta=12500 [ok]
[2727/10892] SUNSHINE PROBADOR CARGADOR BATERIAS  SS-  : Costo=10622 R=15450 -> Venta=13600 [ok]
[2728/10892] RELIFE CAJA ORGANIZADORA PARA PLANTILLA   : Costo=1139 R=1765 -> Venta=2600 [ok]
[2729/10892] SUNSHINE CABLE ALIMENTACION DEDICADO SS-  : Costo=1949 R=3062 -> Venta=3400 [ok]
[2730/10892] SUNSHINE GUANTES ANTI ESTATICO RL-063A S  : Costo=1591 R=2501 -> Venta=3100 [ok]
[2731/10892] SUNSHINE CLIP PRENSA PARA PARA REPARACIO  : Costo=169 R=268 -> Venta=1700 [ok]
[2732/10892] SUNSHINE PUNTA CAUTIN SS-210 SUNSHINE SK  : Costo=2094 R=2925 -> Venta=3600 [ok]
[2733/10892] RELIFE PRENSA MULTIFUNCIONAL RL-601P MAX  : Costo=44698 R=87283 -> Venta=53600 [ok]
[2734/10892] SUNSHINE REPUESTO CAUTIN S1 210 SUNSHINE  : Costo=4623 R=6935 -> Venta=6100 [ok]
[2735/10892] SUNSHINE MESA DE TRABAJO CON LUZ SS-917C  : Costo=60931 R=87044 -> Venta=73100 [ok]
[2736/10892] SUNSHINE LAMINA HIDROGEL SS-057NS PRIVAD  : Costo=72641 R=113502 -> Venta=87200 [ok]
[2737/10892] RELIFE MICROSCOPIO CON LAMPARA LED RL-M6  : Costo=221475 R=316392 -> Venta=254700 [ok]
[2738/10892] SUNSHINE PLANCHA DE CALEFACION DIGITAL P  : Costo=18878 R=28316 -> Venta=23600 [ok]
[2739/10892] SUNSHINE REPUESTO CABEZA DE LA MAQUINA H  : Costo=12894 R=19985 -> Venta=16100 [ok]
[2740/10892] SUNSHINE LAMINA HIDROGEL GF-3 PRIVADA RE  : Costo=32179 R=61030 -> Venta=38600 [ok]
[2741/10892] SUNSHINE LAMINA HIDROGEL GF-2 MATTE RELI  : Costo=10012 R=18987 -> Venta=13000 [ok]
[2742/10892] SUNSHINE CINTA ADHESIVA DOBLE CARA SUNSH  : Costo=718 R=1003 -> Venta=2200 [ok]
[2743/10892] RELIFE ESPONJA LIMPIEZA RL-080 PRO RELIF  : Costo=1722 R=2505 -> Venta=3200 [ok]
[2744/10892] RELIFE PRENSA MULTIFUNCIONAL TF2 PLUS RE  : Costo=12412 R=19238 -> Venta=15500 [ok]
[2745/10892] RELIFE PRENSA MULTIFUNCIONAL TF1 MINI RE  : Costo=8322 R=12899 -> Venta=11300 [ok]
[2746/10892] SUNSHINE PROBADOR CARGADOR BATERIAS SS-9  : Costo=12741 R=19748 -> Venta=15900 [ok]
[2747/10892] SUNSHINE ESTACION DE CALOR SS-T12C SUNSH  : Costo=8598 R=13327 -> Venta=11600 [ok]
[2748/10892] RELIFE MESA DE TRABAJO RL-004DP  RELIFE   : Costo=5169 R=7519 -> Venta=8200 [ok]
[2749/10892] SUNSHINE ESPATULA PARA PROTECTORES RL-06  : Costo=673 R=1287 -> Venta=2200 [ok]
[2750/10892] SUNSHINE ESPATULA PARA PROTECTORES SS-06  : Costo=272 R=521 -> Venta=1800 [ok]
[2751/10892] SUNSHINE ESPATULA PARA PROTECTORES SS-06  : Costo=553 R=1057 -> Venta=2100 [ok]
[2752/10892] RELIFE DESTORNILLADOR RL-726 RELIFE 0.6   : Costo=5278 R=7761 -> Venta=8300 [ok]
[2753/10892] RELIFE MALLA PARA DESOLDAR RELIFE RL-20B  : Costo=3042 R=4474 -> Venta=4500 [ok]
[2754/10892] SUNSHINE CABLE PARA MULTIMETRO SS-024B S  : Costo=2860 R=5361 -> Venta=4400 [ok]
[2755/10892] RELIFE DESTORNILLADOR ELECTRICO E1 RELIF  : Costo=10198 R=15435 -> Venta=13200 [ok]
[2756/10892] ZHANLIDA GOMA PARA REPARACION B-7000 ZHA  : Costo=429 R=628 -> Venta=1900 [ok]
[2757/10892] RELIFE GOMA PARA REPARACION MARCOS RL-03  : Costo=2580 R=3870 -> Venta=4100 [ok]
[2758/10892] RELIFE GOMA PARA REPARACION CHIP RL-035E  : Costo=1287 R=1931 -> Venta=2800 [ok]
[2759/10892] RELIFE FLUX F-22A RELIFE 10CC             : Costo=709 R=1203 -> Venta=2200 [ok]
[2760/10892] quick ESTACION PARA SOLDAR CAUTIN TV2 QU  : Costo=302753 R=444666 -> Venta=348200 [ok]
[2761/10892] RELIFE REMOVEDOR SOLDADURA MANUAL RL-084  : Costo=2261 R=2976 -> Venta=3800 [ok]
[2762/10892] HUAWEI FLEX DE PRUEBA FLYCDI HUAWEI YCX_  : Costo=2381 R=3683 -> Venta=3900 [ok]
[2763/10892] Samsung FLEX DE PRUEBA FLYCDI SAMSUNG YC  : Costo=2381 R=3683 -> Venta=3900 [ok]
[2764/10892] XIAOMI REALME FLEX DE PRUEBA FLYCDI XIAO  : Costo=2381 R=3683 -> Venta=3900 [ok]
[2765/10892] MOTOROLA FLEX DE PRUEBA FLYCDI MOTOROLA   : Costo=2381 R=3683 -> Venta=3900 [ok]
[2766/10892] Lg FLEX DE PRUEBA FLYCDI LG YCX_LJ_K20V_  : Costo=2381 R=3683 -> Venta=3900 [ok]
[2767/10892] APPLE FLEX DE PRUEBA FLYCDI APPLE YCX_IP  : Costo=2381 R=3683 -> Venta=3900 [ok]
[2768/10892] NOKIA FLEX DE PRUEBA FLYCDI NOKIA YCX_NJ  : Costo=2381 R=3683 -> Venta=3900 [ok]
[2769/10892] SUNSHINE LAMPARA LED CON LUPA SS-139 SUN  : Costo=5999 R=9280 -> Venta=9000 [ok]
[2770/10892] RELIFE FLUX F-22A RELIFE                  : Costo=1120 R=1865 -> Venta=2600 [ok]
[2771/10892] ISOFT CABLE TRANSMISION DATOS IOS ANDROI  : Costo=2286 R=4572 -> Venta=3800 [ok]
[2772/10892] SUNSHINE ESTACION PARA SOLDAR CAUTIN S1   : Costo=100875 R=144107 -> Venta=116000 [ok]
[2773/10892] SUNSHINE FUENTE DE PODER ALIMENTACION P3  : Costo=41368 R=80797 -> Venta=49600 [ok]
[2774/10892] RELIFE PALETA HERRAMIENTAS DE SEPARACION  : Costo=312 R=514 -> Venta=1800 [ok]
[2775/10892] RELIFE PALETA HERRAMIENTAS DE SEPARACION  : Costo=312 R=514 -> Venta=1800 [ok]
[2776/10892] SUNSHINE ESTACION PARA SOLDAR CAUTIN S2   : Costo=22196 R=31708 -> Venta=27200 [ok]
[2777/10892] RELIFE PROTECTOR PARA PLACA DE CIRCUITOS  : Costo=4493 R=6183 -> Venta=6000 [ok]
[2778/10892] SUNSHINE LAMINA HIDROGEL SS-075FS PRIVAD  : Costo=62646 R=107039 -> Venta=75200 [ok]
[2779/10892] SUNSHINE LAMINA GALVANOPLASTIA SS-075UT   : Costo=32091 R=54831 -> Venta=38500 [ok]
[2780/10892] RELIFE CABEZAL DE CORTE DE PRECISION RL-  : Costo=3339 R=6522 -> Venta=4800 [ok]
[2781/10892] RELIFE DETECTOR DE ESTANQUEIDAD RL-086 P  : Costo=28276 R=55226 -> Venta=33900 [ok]
[2782/10892] RELIFE ESTACION DE SOLDADURA POR PUNTOS   : Costo=30468 R=60936 -> Venta=36600 [ok]
[2783/10892] SUNSHINE CABLE PARA FUENTE DE PODER PARA  : Costo=6641 R=9739 -> Venta=9600 [ok]
[2784/10892] RELIFE LIMPIADOR PUNTA CAUTIN RL-599C RE  : Costo=4829 R=6761 -> Venta=6300 [ok]
[2785/10892] SUNSHINE MAQUINA CORTADORA LAMINA PROTEC  : Costo=232908 R=477268 -> Venta=267800 [ok]
[2786/10892] SUNSHINE LAMINA HIDROGEL SS-075UES UV PR  : Costo=43846 R=74916 -> Venta=52600 [ok]
[2787/10892] RELIFE TOALLAS LIMPIADORA ANTIESTATICA R  : Costo=900 R=1320 -> Venta=2400 [ok]
[2788/10892] SUNSHINE LAMINA FIBRA DE VIDRIO SS-057UH  : Costo=43933 R=75065 -> Venta=52700 [ok]
[2789/10892] SUNSHINE LAMINA HIDROGEL GF-1 RELIFE      : Costo=10277 R=19763 -> Venta=13300 [ok]
[2790/10892] RELIFE PROBADOR MULTIFINCION DE CORRIENT  : Costo=5261 R=8769 -> Venta=8300 [ok]
[2791/10892] quick ESTACION PARA SOLDAR CAUTIN TS11 Q  : Costo=92479 R=154130 -> Venta=111000 [ok]
[2792/10892] quick ESTACION DE CALOR BLOWER PORTATIL   : Costo=112818 R=220349 -> Venta=129700 [ok]
[2793/10892] RELIFE PRENSA MULTIFUNCIONAL RL-601P REL  : Costo=41343 R=80730 -> Venta=49600 [ok]
[2794/10892] RELIFE REMOVEDOR SOLDADURA MANUAL RL-084  : Costo=1573 R=3084 -> Venta=3100 [ok]
[2795/10892] RELIFE CAJA ORGANIZADORA RL-001H RELIFE   : Costo=6236 R=12180 -> Venta=9200 [ok]
[2796/10892] ISOFT CABLE DE RECUPERACION AUTOMATICA P  : Costo=2234 R=4364 -> Venta=3700 [ok]
[2797/10892] quick CAUTIN PORTATIL TS1 QUICK           : Costo=28433 R=55533 -> Venta=34100 [ok]
[2798/10892] RELIFE DESTORNILLADOR DINAMOMETRICO RL-7  : Costo=5736 R=11173 -> Venta=8700 [ok]
[2799/10892] RELIFE PROBADOR DE EFICIENCIA PARA BATER  : Costo=20267 R=33777 -> Venta=25300 [ok]
[2800/10892] SUNSHINE MESA DE TRABAJO RL-004DM RELIFE  : Costo=2505 R=3681 -> Venta=4000 [ok]
[2801/10892] RELIFE JUEGO DE SOPORTE PARA CUCHILLAS R  : Costo=187 R=365 -> Venta=1700 [ok]
[2802/10892] CABLE PARA FUENTE DE PODER COMPUTADORA 1  : Costo=982 R=1571 -> Venta=2500 [ok]
[2803/10892] SUNSHINE KIT LAMINAS Y RIBBON PARA  IMPR  : Costo=20638 R=33702 -> Venta=25600 [ok]
[2804/10892] RELIFE PRENSA MULTIFUNCIONAL RL-601T REL  : Costo=31861 R=49385 -> Venta=38200 [ok]
[2805/10892] quick BOQUILLA PARA ESTACION DE CALOR BL  : Costo=7700 R=11308 -> Venta=10700 [ok]
[2806/10892] UGREEN EXTENCION RJ45 NW261 15117 UGREEN  : Costo=1859 R=2759 -> Venta=3400 [ok]
[2807/10892] UGREEN CONECTOR FTP RJ45 CAT6E NW111 203  : Costo=568 R=812 -> Venta=2100 [ok]
[2808/10892] UGREEN CONECTOR UTP RJ45 CAT6E NW120 605  : Costo=3870 R=5744 -> Venta=5400 [ok]
[2809/10892] UGREEN CONECTOR UTP RJ45 CAT6E NW120 509  : Costo=425 R=631 -> Venta=1900 [ok]
[2810/10892] SUNSHINE LAMINA HIDROGEL SS-057C SUNSHIN  : Costo=30619 R=47104 -> Venta=36700 [ok]
[2811/10892] SUNSHINE FUENTE DE PODER ALIMENTACION P1  : Costo=104114 R=203021 -> Venta=119700 [ok]
[2812/10892] SUNSHINE PROBADOR CARGADOR BATERIAS SS-9  : Costo=4732 R=7334 -> Venta=6200 [ok]
[2813/10892] RELIFE ADAPTADOR CARGADOR RL-309A RELIFE  : Costo=25352 R=37042 -> Venta=30400 [ok]
[2814/10892] SUNSHINE DOCK TEST PROBADOR DE BATERIA S  : Costo=693 R=1074 -> Venta=2200 [ok]
[2815/10892] SUNSHINE CINTA ADHESIVA DOBLE CARA SUNSH  : Costo=1856 R=2593 -> Venta=3400 [ok]
[2816/10892] quick PUNTA CAUTIN TS1200A QUICK TSS02-S  : Costo=6802 R=9522 -> Venta=9800 [ok]
[2817/10892] quick PUNTA CAUTIN TS1200A QUICK TSS02-I  : Costo=6206 R=8688 -> Venta=9200 [ok]
[2818/10892] quick PUNTA CAUTIN TS1200 QUICK TSS02-2B  : Costo=9446 R=13224 -> Venta=12400 [ok]
[2819/10892] CABLE PARA MULTIMETRO                     : Costo=1323 R=1860 -> Venta=2800 [ok]
[2820/10892] SUNSHINE CABLE DE ARRANQUE SS-905H SUNSH  : Costo=9204 R=14265 -> Venta=12200 [ok]
[2821/10892] SUNSHINE IMPRESORA PARA LAMINAS C1 MINI   : Costo=117195 R=182307 -> Venta=134800 [ok]
[2822/10892] FLYCDI TESTER DE BRILLO FLYCDI            : Costo=19395 R=28789 -> Venta=24200 [ok]
[2823/10892] RELIFE ALICATE RL-112B RELIFE             : Costo=4057 R=6275 -> Venta=5600 [ok]
[2824/10892] CABLE TRANSMISION IPHONE IBOOT TIPO C     : Costo=7430 R=11039 -> Venta=10400 [ok]
[2825/10892] RELIFE GOMA PARA REPARACION T7000 RELIFE  : Costo=1099 R=1536 -> Venta=2600 [ok]
[2826/10892] ZHANLIDA GOMA PARA REPARACION B-7000 REL  : Costo=1154 R=1626 -> Venta=2700 [ok]
[2827/10892] RELIFE CAMARA HDMI PARA MICROSCOPIO TRIN  : Costo=103141 R=201448 -> Venta=118600 [ok]
[2828/10892] RELIFE LAMPARA LED UV RL-014D RELIFE      : Costo=5979 R=11677 -> Venta=9000 [ok]
[2829/10892] RELIFE CAMARA HDMI PARA MICROSCOPIO TRIN  : Costo=65912 R=128999 -> Venta=79100 [ok]
[2830/10892] ZHANLIDA GOMA PARA REPARACION B-7000 REL  : Costo=364 R=513 -> Venta=1900 [ok]
[2831/10892] RELIFE GOMA PARA REPARACION T7000 RELIFE  : Costo=636 R=888 -> Venta=2100 [ok]
[2832/10892] RELIFE GOMA PARA REPARACION T7000 RELIFE  : Costo=466 R=651 -> Venta=2000 [ok]
[2833/10892] RELIFE FLUX RL-UV425-OR RELIFE            : Costo=3117 R=4363 -> Venta=4600 [ok]
[2834/10892] ZHANLIDA GOMA PARA REPARACION B-7000 REL  : Costo=533 R=751 -> Venta=2000 [ok]
[2835/10892] RELIFE MICROSCOPIO CON LAMPARA LED RL-M5  : Costo=147254 R=287146 -> Venta=169300 [ok]
[2836/10892] SUNSHINE LAMINA HIDROGEL SS-075HS PRIVAD  : Costo=68702 R=117385 -> Venta=82400 [ok]
[2837/10892] SUNSHINE LAMINA HIDROGEL SS-075B ANTI BL  : Costo=37012 R=57831 -> Venta=44400 [ok]
[2838/10892] quick ESTACION DE CALOR BLOWER K8 QUICK   : Costo=102200 R=145999 -> Venta=117500 [ok]
[2839/10892] quick ESTACION COMPLETA BLOWER CAUTIN 85  : Costo=79496 R=116758 -> Venta=95400 [ok]
[2840/10892] RELIFE MICROSCOPIO CON LAMPARA LED RL-M5  : Costo=174798 R=249711 -> Venta=201000 [ok]
[2841/10892] RELIFE MICROSCOPIO CON LAMPARA LED RL-M5  : Costo=128586 R=183693 -> Venta=147900 [ok]
[2842/10892] RELIFE MICROSCOPIO CON LAMPARA LED RL-M5  : Costo=165385 R=236264 -> Venta=190200 [ok]
[2843/10892] RELIFE SET DESTORNILLADOR RL-724A RELIFE  : Costo=13852 R=21470 -> Venta=17300 [ok]
[2844/10892] SUNSHINE CINTA ADHESIVA AISLANTE SUNSHIN  : Costo=626 R=874 -> Venta=2100 [ok]
[2845/10892] RELIFE ORGANIZADOR DESTORNILLADORES RL-0  : Costo=1221 R=1893 -> Venta=2700 [ok]
[2846/10892] RELIFE PINZA SH-15 RELIFE                 : Costo=1495 R=2093 -> Venta=3000 [ok]
[2847/10892] SUNSHINE ESTACION DE CALOR T12A-N15 SUNS  : Costo=26972 R=41723 -> Venta=32400 [ok]
[2848/10892] RELIFE PROBADOR DE CARGA TB-07 RELIFE LI  : Costo=1263 R=1958 -> Venta=2800 [ok]
[2849/10892] RELIFE PINZA ST-20 RELIFE                 : Costo=2137 R=2986 -> Venta=3600 [ok]
[2850/10892] RELIFE DISPENSADOR RL-062D RELIFE         : Costo=636 R=1058 -> Venta=2100 [ok]
[2851/10892] RELIFE REPUESTO CABEZA PULIDORA RL-068 R  : Costo=209 R=260 -> Venta=1700 [ok]
[2852/10892] RELIFE ALICATE RL-113 RELIFE              : Costo=604 R=937 -> Venta=2100 [ok]
[2853/10892] RELIFE MESA DE TRABAJO PARA REPARACION R  : Costo=8798 R=12248 -> Venta=11800 [ok]
[2854/10892] SUNSHINE LAMINA HIDROGEL SS-057EK MATE S  : Costo=55318 R=86433 -> Venta=66400 [ok]
[2855/10892] SUNSHINE CINTA ADHESIVA SUNSHINE 6MM 50M  : Costo=357 R=500 -> Venta=1900 [ok]
[2856/10892] SUNSHINE VENTILADOR CON LUZ SS-917C MINI  : Costo=54108 R=77298 -> Venta=64900 [ok]
[2857/10892] SUNSHINE MAQUINA SEPARADORA LCD SS-918L   : Costo=56806 R=87854 -> Venta=68200 [ok]
[2858/10892] SUNSHINE CINTA ADHESIVA SUNSHINE 10MM 50  : Costo=565 R=791 -> Venta=2100 [ok]
[2859/10892] SUNSHINE REPUESTO DE TARJETA PARA SOPORT  : Costo=2117 R=4072 -> Venta=3600 [ok]
[2860/10892] SUNSHINE REPUESTO CEPILLO SS-022D SUNSHI  : Costo=1266 R=1772 -> Venta=2800 [ok]
[2861/10892] SUNSHINE MAQUINA LAMINADORA L3 SUNSHINE   : Costo=256494 R=396772 -> Venta=295000 [ok]
[2862/10892] SUNSHINE SET MAQUINA LAMINADORA Y REMOVE  : Costo=374048 R=578616 -> Venta=430200 [ok]
[2863/10892] RELIFE ADAPTADOR CARGADOR INTELIGENTE RL  : Costo=56689 R=87428 -> Venta=68000 [ok]
[2864/10892] SUNSHINE JUEGO DE PALETAS HERRAMIENTAS D  : Costo=1331 R=2219 -> Venta=2800 [ok]
[2865/10892] RELIFE PRENSA MULTIFUNCIONAL RL-601S PRO  : Costo=19534 R=30217 -> Venta=24400 [ok]
[2866/10892] SUNSHINE VENTOSA PARA SEPARAR RL-079A RE  : Costo=2176 R=2994 -> Venta=3700 [ok]
[2867/10892] RELIFE ESPATULA MULTIPROPOSITO PARA ELIM  : Costo=1360 R=1893 -> Venta=2900 [ok]
[2868/10892] RELIFE PALETA PARA DESMONTAR RL-060B REL  : Costo=1130 R=1977 -> Venta=2600 [ok]
[2869/10892] RELIFE MALLA PARA DESOLDAR RELIFE RL-20   : Costo=189 R=351 -> Venta=1700 [ok]
[2870/10892] RELIFE REPUESTO CABEZA PULIDORA RL-068 R  : Costo=168 R=210 -> Venta=1700 [ok]
[2871/10892] SUNSHINE CEPILLO DE DOBLE PROPOSITO ANTI  : Costo=3527 R=4927 -> Venta=5000 [ok]
[2872/10892] SUNSHINE JUEGO DE PALETAS HERRAMIENTAS D  : Costo=2354 R=3919 -> Venta=3900 [ok]
[2873/10892] SUNSHINE ESTACION DE CALOR SS-T12B SUNSH  : Costo=83094 R=128538 -> Venta=99700 [ok]
[2874/10892] SUNSHINE MAQUINA CORTADORA LAMINA PROTEC  : Costo=223700 R=335550 -> Venta=257300 [ok]
[2875/10892] TYASM LAMINA DISE&Ntilde;O 3D SURTIDO     : Costo=2940 R=4117 -> Venta=4400 [ok]
[2876/10892] TYASM LAMINA DISE&Ntilde;O SHINNING SURT  : Costo=3643 R=5101 -> Venta=5100 [ok]
[2877/10892] TYASM LAMINA DISE&Ntilde;O PU COLOR FULL  : Costo=4045 R=5663 -> Venta=5500 [ok]
[2878/10892] TYASM LAMINA DISE&Ntilde;O PU SURTIDO     : Costo=4045 R=5663 -> Venta=5500 [ok]
[2879/10892] VICTOR MULTIMETRO DE DISTANCIA 842A VICT  : Costo=14253 R=21176 -> Venta=17800 [ok]
[2880/10892] Remax INFLADOR CQ-1 REMAX                 : Costo=21578 R=32030 -> Venta=26600 [ok]
[2881/10892] SUNSHINE MICROSCOPIO CON LAMPARA LED SZM  : Costo=258240 R=399472 -> Venta=297000 [ok]
[2882/10892] RELIFE PLANTILLA DE PRECISION BGA RL-044  : Costo=993 R=1844 -> Venta=2500 [ok]
[2883/10892] SUNSHINE POSTAL PROTECTORA PARA CAMARA S  : Costo=306 R=428 -> Venta=1800 [ok]
[2884/10892] SUNSHINE POSTAL PROTECTORA PARA CAMARA S  : Costo=365 R=510 -> Venta=1900 [ok]
[2885/10892] RELIFE MESA DE TRABAJO RL-004FA RELIFE C  : Costo=7133 R=13712 -> Venta=10100 [ok]
[2886/10892] RELIFE MESA DE TRABAJO METALICA RL-004T   : Costo=56946 R=88089 -> Venta=68300 [ok]
[2887/10892] RELIFE CABLE PARA SACAR GORILLA GLASS RL  : Costo=995 R=1439 -> Venta=2500 [ok]
[2888/10892] RELIFE MESA DE CALEFACCION RL-067B RELIF  : Costo=2636 R=4142 -> Venta=4100 [ok]
[2889/10892] RELIFE PRENSA MULTIFUNCIONAL RL-601L MIN  : Costo=7647 R=11852 -> Venta=10600 [ok]
[2890/10892] RELIFE PRENSA MULTIFUNCIONAL RL-601L REL  : Costo=11623 R=18016 -> Venta=14600 [ok]
[2891/10892] RELIFE PLANTILLA PARA REPARACION MULTIFU  : Costo=2343 R=3262 -> Venta=3800 [ok]
[2892/10892] RELIFE PASTA TERMICA PARA PROCESADORES R  : Costo=1871 R=2614 -> Venta=3400 [ok]
[2893/10892] RELIFE PASTA TERMICA PARA PROCESADORES R  : Costo=1847 R=2580 -> Venta=3300 [ok]
[2894/10892] RELIFE PASTA TERMICA PARA PROCESADORES R  : Costo=1712 R=2392 -> Venta=3200 [ok]
[2895/10892] RELIFE ALICATE RL-112A RELIFE             : Costo=4059 R=6279 -> Venta=5600 [ok]
[2896/10892] RELIFE CABLE PARA SACAR GORILLA GLASS RL  : Costo=892 R=1291 -> Venta=2400 [ok]
[2897/10892] RELIFE CABLE PARA SACAR GORILLA GLASS RL  : Costo=892 R=1291 -> Venta=2400 [ok]
[2898/10892] RELIFE REPUESTO VENTOSA PARA SEPARADORA   : Costo=14643 R=22652 -> Venta=18300 [ok]
[2899/10892] SUNSHINE LAMINA HIDROGEL SS-075S PRIVADA  : Costo=61134 R=95521 -> Venta=73400 [ok]
[2900/10892] SUNSHINE LAMINA HIDROGEL SS-057RK SUNSHI  : Costo=49948 R=68273 -> Venta=59900 [ok]
[2901/10892] SUNSHINE CABLE TRANSMISION ANDROID IBOOT  : Costo=16410 R=25435 -> Venta=20500 [ok]
[2902/10892] RELIFE PUNTA CAUTIN RL-C210 RELIFE I      : Costo=1375 R=1925 -> Venta=2900 [ok]
[2903/10892] SUNSHINE MAQUINA SEPARADORA LCD SS-918L   : Costo=42786 R=66185 -> Venta=51300 [ok]
[2904/10892] ONTEN HUB USB TIPO C OTN-9598D ONTEN      : Costo=4121 R=6118 -> Venta=5600 [ok]
[2905/10892] RELIFE FLEX DE PRUEBA PARA TB-05 RELIFE   : Costo=1644 R=2543 -> Venta=3100 [ok]
[2906/10892] RELIFE TARJETA DE PRUEBA PARA BATERIAS T  : Costo=8873 R=13753 -> Venta=11900 [ok]
[2907/10892] SUNSHINE MULTIMETRO DE LAPIZ DIGITAL DT-  : Costo=4812 R=8010 -> Venta=6300 [ok]
[2908/10892] RELIFE FLUX PASTA RL-426C RELIFE          : Costo=1057 R=1449 -> Venta=2600 [ok]
[2909/10892] RELIFE FLUX PASTA RL-426B RELIFE          : Costo=795 R=1090 -> Venta=2300 [ok]
[2910/10892] RELIFE FLUX PASTA RL-426A RELIFE          : Costo=686 R=940 -> Venta=2200 [ok]
[2911/10892] SUNSHINE CINTA ADHESIVA DE COBRE SUNSHIN  : Costo=5035 R=7049 -> Venta=8000 [ok]
[2912/10892] SUNSHINE CINTA ADHESIVA DE COBRE SUNSHIN  : Costo=3952 R=5532 -> Venta=5500 [ok]
[2913/10892] SUNSHINE CINTA ADHESIVA DE COBRE SUNSHIN  : Costo=3033 R=4246 -> Venta=4500 [ok]
[2914/10892] SUNSHINE CINTA ADHESIVA DE COBRE SUNSHIN  : Costo=1877 R=2627 -> Venta=3400 [ok]
[2915/10892] SUNSHINE LAMINA HIDROGEL SS-075UE UV SUN  : Costo=30886 R=48259 -> Venta=37100 [ok]
[2916/10892] SUNSHINE LAMINA HIDROGEL SS-057UR UV SUN  : Costo=63559 R=86877 -> Venta=76300 [ok]
[2917/10892] RELIFE SOLDADURA RL-445 RELIFE 0.3MM 25G  : Costo=602 R=841 -> Venta=2100 [ok]
[2918/10892] quick ESTACION DE CALOR BLOWER 2008D+ QU  : Costo=74913 R=110028 -> Venta=89900 [ok]
[2919/10892] GVM ESTACION PARA SOLDAR CAUTIN T210D GV  : Costo=85065 R=120913 -> Venta=102100 [ok]
[2920/10892] UGREEN CONECTOR UTP RJ45 CAT6E NW120 509  : Costo=2107 R=3128 -> Venta=3600 [ok]
[2921/10892] YOOKIE AUDIFONO MANOS LIBRES EK01 YOOKIE  : Costo=717 R=1120 -> Venta=2200 [ok]
[2922/10892] YOOKIE SET DE LIMPIEZA PORTATIL YE10 YOO  : Costo=4075 R=8150 -> Venta=5600 [ok]
[2923/10892] SUNSHINE CINTA ADHESIVA DOBLE CARA SUNSH  : Costo=3314 R=4631 -> Venta=4800 [ok]
[2924/10892] RELIFE MICROSCOPIO CON LAMPARA LED RL-M5  : Costo=193433 R=377801 -> Venta=222400 [ok]
[2925/10892] RELIFE ADAPTADOR CARGADOR INTELIGENTE RL  : Costo=22823 R=44750 -> Venta=27800 [ok]
[2926/10892] RELIFE REPUESTO CUCHILLA PARA ESPATULA R  : Costo=9071 R=12959 -> Venta=12100 [ok]
[2927/10892] SUNSHINE PLANCHA DE CALEFACION DIGITAL P  : Costo=117771 R=182181 -> Venta=135400 [ok]
[2928/10892] RELIFE DISOLVENTE PARA SOLDADURA EN PAST  : Costo=292 R=431 -> Venta=1800 [ok]
[2929/10892] RELIFE MASCARA UV RL-UVH902 RELIFE ACEIT  : Costo=757 R=1058 -> Venta=2300 [ok]
[2930/10892] RELIFE DISPENSADOR CABLE RL-085 RELIFE    : Costo=595 R=833 -> Venta=2100 [ok]
[2931/10892] RELIFE SOPORTE PARA REMOVER GOMA RL-074A  : Costo=1328 R=1856 -> Venta=2800 [ok]
[2932/10892] RELIFE PINZA RELIFE SA-11                 : Costo=1637 R=2286 -> Venta=3100 [ok]
[2933/10892] SUNSHINE PINZA SUNSHINE ST-14K            : Costo=1900 R=2831 -> Venta=3400 [ok]
[2934/10892] SUNSHINE REPUESTO RESISTENCIA CAUTIN SS-  : Costo=1812 R=2803 -> Venta=3300 [ok]
[2935/10892] SUNSHINE CABLE PARA FUENTE DE PODER PARA  : Costo=2478 R=3841 -> Venta=4000 [ok]
[2936/10892] ISOFT CABLE TRANSMISION DATOS IS-002 HUA  : Costo=1951 R=2898 -> Venta=3500 [ok]
[2937/10892] SUNSHINE PLANCHA DE CALEFACION DIGITAL P  : Costo=38724 R=55990 -> Venta=46500 [ok]
[2938/10892] SUNSHINE SET DESTORNILLADOR SS-5106 SUNS  : Costo=3447 R=5027 -> Venta=4900 [ok]
[2939/10892] SUNSHINE SET DESTORNILLADOR SS-5107 SUNS  : Costo=3653 R=5313 -> Venta=5200 [ok]
[2940/10892] quick PUNTA CAUTIN RL-T245 RELIFE K       : Costo=4813 R=6738 -> Venta=6300 [ok]
[2941/10892] RELIFE ESTACION DE SOLDADURA POR PUNTOS   : Costo=7623 R=11816 -> Venta=10600 [ok]
[2942/10892] RELIFE ADAPTADOR CARGADOR INTELIGENTE RL  : Costo=12758 R=18640 -> Venta=15900 [ok]
[2943/10892] RELIFE SOLDADURA RL-441 RELIFE 0.5MM 55G  : Costo=1402 R=2134 -> Venta=2900 [ok]
[2944/10892] RELIFE SOLDADURA RL-441 RELIFE 06MM 55G   : Costo=1267 R=1929 -> Venta=2800 [ok]
[2945/10892] RELIFE SOLDADURA RL-441 RELIFE 0.4MM 55G  : Costo=1315 R=2441 -> Venta=2800 [ok]
[2946/10892] RELIFE SOLDADURA RL-441 RELIFE 0.3MM 55G  : Costo=1774 R=3309 -> Venta=3300 [ok]
[2947/10892] SUNSHINE PUNTA MULTIMETRO DT-01 SUNSHINE  : Costo=1503 R=2104 -> Venta=3000 [ok]
[2948/10892] RELIFE CAUTIN PARA SOLDAR BATERIAS RL-93  : Costo=21607 R=33491 -> Venta=26600 [ok]
[2949/10892] RELIFE REMOVEDOR DE OCA RL-056F RELIFE    : Costo=20151 R=39295 -> Venta=25200 [ok]
[2950/10892] RELIFE REMOVEDOR DE OCA RL-056E RELIFE    : Costo=9385 R=14546 -> Venta=12400 [ok]
[2951/10892] RELIFE DISPENSADOR RL-062C RELIFE         : Costo=1970 R=3054 -> Venta=3500 [ok]
[2952/10892] SUNSHINE CINTA ADHESIVA DOBLE CARA SUNSH  : Costo=463 R=647 -> Venta=2000 [ok]
[2953/10892] RELIFE MICROSCOPIO CON LAMPARA LED RL-M5  : Costo=147223 R=287545 -> Venta=169300 [ok]
[2954/10892] SUNSHINE CINTA ADHESIVA AISLANTE DE ALUM  : Costo=430 R=602 -> Venta=1900 [ok]
[2955/10892] SUNSHINE CINTA ADHESIVA AISLANTE DE ALUM  : Costo=4906 R=6868 -> Venta=6400 [ok]
[2956/10892] SUNSHINE CINTA ADHESIVA AISLANTE DE ALUM  : Costo=2211 R=3095 -> Venta=3700 [ok]
[2957/10892] SUNSHINE CINTA ADHESIVA AISLANTE DE ALUM  : Costo=971 R=1356 -> Venta=2500 [ok]
[2958/10892] SUNSHINE CINTA ADHESIVA AISLANTE DE ALUM  : Costo=452 R=632 -> Venta=2000 [ok]
[2959/10892] SUNSHINE CINTA ADHESIVA AISLANTE DE ALUM  : Costo=291 R=408 -> Venta=1800 [ok]
[2960/10892] SUNSHINE CINTA ADHESIVA AISLANTE DE ALUM  : Costo=621 R=870 -> Venta=2100 [ok]
[2961/10892] SUNSHINE CINTA ADHESIVA AISLANTE DE ALUM  : Costo=720 R=1008 -> Venta=2200 [ok]
[2962/10892] SUNSHINE TEFLON PTFE ALTA TEMPERATURA SU  : Costo=3504 R=5139 -> Venta=5000 [ok]
[2963/10892] SUNSHINE TEFLON PTFE ALTA TEMPERATURA SU  : Costo=2410 R=3535 -> Venta=3900 [ok]
[2964/10892] SUNSHINE TEFLON PTFE ALTA TEMPERATURA SU  : Costo=1432 R=2105 -> Venta=2900 [ok]
[2965/10892] SUNSHINE TEFLON PTFE ALTA TEMPERATURA SU  : Costo=2015 R=2954 -> Venta=3500 [ok]
[2966/10892] SUNSHINE CINTA ADHESIVA AISLANTE SUNSHIN  : Costo=5096 R=7135 -> Venta=8100 [ok]
[2967/10892] SUNSHINE CINTA ADHESIVA AISLANTE SUNSHIN  : Costo=2945 R=4123 -> Venta=4400 [ok]
[2968/10892] SUNSHINE CINTA ADHESIVA AISLANTE SUNSHIN  : Costo=2204 R=3079 -> Venta=3700 [ok]
[2969/10892] SUNSHINE CINTA ADHESIVA AISLANTE SUNSHIN  : Costo=1781 R=2494 -> Venta=3300 [ok]
[2970/10892] SUNSHINE CINTA ADHESIVA AISLANTE SUNSHIN  : Costo=740 R=1036 -> Venta=2200 [ok]
[2971/10892] SUNSHINE CINTA ADHESIVA AISLANTE SUNSHIN  : Costo=1425 R=1995 -> Venta=2900 [ok]
[2972/10892] RELIFE CAJA ORGANIZADORA RL-001G RELIFE   : Costo=4125 R=6393 -> Venta=5600 [ok]
[2973/10892] RELIFE PRENSA GIRATORIA MULTIFUNCIONAL R  : Costo=20870 R=32349 -> Venta=25900 [ok]
[2974/10892] RELIFE DISPENSADOR RL-062 RELIFE          : Costo=3727 R=5764 -> Venta=5200 [ok]
[2975/10892] RELIFE PRENSA RL-601S MINI RELIFE         : Costo=12686 R=19624 -> Venta=15900 [ok]
[2976/10892] RELIFE PULIDOR ELECTRICO RL-068B RELIFE   : Costo=9897 R=13941 -> Venta=12900 [ok]
[2977/10892] RELIFE ESTACION DE SOLDADURA POR PUNTOS   : Costo=5617 R=8689 -> Venta=8600 [ok]
[2978/10892] RELIFE ADAPTADOR CARGADOR INTELIGENTE RL  : Costo=28248 R=41272 -> Venta=33900 [ok]
[2979/10892] RELIFE ADAPTADOR CARGADOR INTELIGENTE RL  : Costo=16884 R=24669 -> Venta=21100 [ok]
[2980/10892] RELIFE CALIBRADOR OPTICO HUELLA DIGITAL   : Costo=6503 R=9537 -> Venta=9500 [ok]
[2981/10892] SUNSHINE DESTORNILLADOR SS-5121 SUNSHINE  : Costo=10780 R=16169 -> Venta=13800 [ok]
[2982/10892] RELIFE PROTECTOR PARA MICROSCOPIO M-26 R  : Costo=1711 R=2647 -> Venta=3200 [ok]
[2983/10892] RELIFE ALICATE RL-111 RELIFE              : Costo=2585 R=3998 -> Venta=4100 [ok]
[2984/10892] RELIFE DESTORNILLADOR ELECTRICO SD-22E S  : Costo=14736 R=22304 -> Venta=18400 [ok]
[2985/10892] SUNSHINE ESTACION DE CALOR T12A SUNSHINE  : Costo=26423 R=40874 -> Venta=31700 [ok]
[2986/10892] SUNSHINE ESTACION DE CALOR T12A SUNSHINE  : Costo=34787 R=53812 -> Venta=41700 [ok]
[2987/10892] RELIFE PINZA RELIFE RL-EDS-11             : Costo=610 R=853 -> Venta=2100 [ok]
[2988/10892] RELIFE PINZA RELIFE TS-11 RECTA           : Costo=1019 R=1424 -> Venta=2500 [ok]
[2989/10892] RELIFE ESPONJA LIMPIEZA RL-080 RELIFE     : Costo=72 R=106 -> Venta=1600 [ok]
[2990/10892] RELIFE PUNTA CAUTIN RL-T12-XS RELIFE I    : Costo=2930 R=4094 -> Venta=4400 [ok]
[2991/10892] SUNSHINE PUNTA CAUTIN SS-C210 SUNSHINE I  : Costo=2094 R=2925 -> Venta=3600 [ok]
[2992/10892] SUNSHINE ESTACION PARA SOLDAR CAUTIN S24  : Costo=31496 R=61516 -> Venta=37800 [ok]
[2993/10892] RELIFE VENTOSA PARA SEPARAR RL-083 RELIF  : Costo=2710 R=3729 -> Venta=4200 [ok]
[2994/10892] RELIFE PINZA CON PUNTA DE CERAMICA RELIF  : Costo=4869 R=7532 -> Venta=6400 [ok]
[2995/10892] RELIFE REMOVEDOR SOLDADURA MANUAL RL-084  : Costo=838 R=1642 -> Venta=2300 [ok]
[2996/10892] RELIFE MICROSCOPIO CON LAMPARA LED RL-M5  : Costo=386015 R=597127 -> Venta=443900 [ok]
[2997/10892] RELIFE PRENSA GIRATORIA MULTIFUNCIONAL R  : Costo=9703 R=15040 -> Venta=12700 [ok]
[2998/10892] RELIFE PRENSA MULTIFUNCIONAL RL-601MA RE  : Costo=10978 R=16982 -> Venta=14000 [ok]
[2999/10892] SUNSHINE MAQUINA SEPARADORA LCD SS-918L   : Costo=19589 R=30363 -> Venta=24500 [ok]
[3000/10892] SUNSHINE LAMINA HIDROGEL SS-057HB ANTI B  : Costo=24393 R=41678 -> Venta=29400 [ok]
[3001/10892] SUNSHINE LAMINA HIDROGEL SS-057PB SUNSHI  : Costo=62846 R=107381 -> Venta=75400 [ok]
[3002/10892] RELIFE DISPENSADOR RL-062B RELIFE         : Costo=3139 R=4856 -> Venta=4600 [ok]
[3003/10892] RELIFE PINZA RELIFE SK-15 CURVA           : Costo=1207 R=1686 -> Venta=2700 [ok]
[3004/10892] RELIFE PINZA RELIFE SK-11 RECTA           : Costo=1061 R=1482 -> Venta=2600 [ok]
[3005/10892] RELIFE LENTE PARA MICROSCOPIO M28 RELIFE  : Costo=14274 R=22080 -> Venta=17800 [ok]
[3006/10892] SUNSHINE LENTE PARA MICROSCOPIO M27 SUNS  : Costo=15401 R=23823 -> Venta=19300 [ok]
[3007/10892] SUNSHINE LENTE PARA MICROSCOPIO M27 SUNS  : Costo=14274 R=22080 -> Venta=17800 [ok]
[3008/10892] RELIFE DESTORNILLADOR RL-728B RELIFE T3   : Costo=3411 R=4962 -> Venta=4900 [ok]
[3009/10892] RELIFE DESTORNILLADOR RL-728B RELIFE 1.2  : Costo=3411 R=4962 -> Venta=4900 [ok]
[3010/10892] SUNSHINE MESA DE TRABAJO SILICON RL-160B  : Costo=18125 R=26635 -> Venta=22700 [ok]
[3011/10892] RELIFE MICROSCOPIO CON LAMPARA LED RL-M3  : Costo=325476 R=503479 -> Venta=374300 [ok]
[3012/10892] RELIFE FLEX DE PRUEBA RELIFE TB-01 PRO M  : Costo=2633 R=4073 -> Venta=4100 [ok]
[3013/10892] RELIFE FLEX DE PRUEBA RELIFE TB-01 IP 11  : Costo=2633 R=4073 -> Venta=4100 [ok]
[3014/10892] RELIFE FLEX DE PRUEBA RELIFE TB-01 NOVA   : Costo=2633 R=4073 -> Venta=4100 [ok]
[3015/10892] RELIFE FLEX DE PRUEBA RELIFE TB-01 NOVA   : Costo=2633 R=4073 -> Venta=4100 [ok]
[3016/10892] RELIFE FLEX DE PRUEBA RELIFE TB-01 NOVA   : Costo=2633 R=4073 -> Venta=4100 [ok]
[3017/10892] RELIFE FLEX DE PRUEBA RELIFE TB-01 NOVA   : Costo=2633 R=4073 -> Venta=4100 [ok]
[3018/10892] RELIFE FLEX DE PRUEBA RELIFE TB-01 NOVA   : Costo=2633 R=4073 -> Venta=4100 [ok]
[3019/10892] RELIFE FLEX DE PRUEBA RELIFE TB-01 NOVA   : Costo=2633 R=4073 -> Venta=4100 [ok]
[3020/10892] RELIFE SET FLEX DE PRUEBA 6G-13 21 MODEL  : Costo=48101 R=74408 -> Venta=57700 [ok]
[3021/10892] RELIFE CLIP PRENSA PARA REPARACION RL-00  : Costo=4493 R=8236 -> Venta=6000 [ok]
[3022/10892] RELIFE FLEX DE PRUEBA RELIFE TB-01 IP XS  : Costo=2633 R=4073 -> Venta=4100 [ok]
[3023/10892] RELIFE FLEX DE PRUEBA RELIFE TB-01 IP X   : Costo=2633 R=4073 -> Venta=4100 [ok]
[3024/10892] RELIFE FLEX DE PRUEBA RELIFE TB-01 IP XR  : Costo=2633 R=4073 -> Venta=4100 [ok]
[3025/10892] RELIFE FLEX DE PRUEBA RELIFE TB-01 IP 12  : Costo=2633 R=4073 -> Venta=4100 [ok]
[3026/10892] RELIFE FLEX DE PRUEBA RELIFE TB-01 IP 12  : Costo=2633 R=4073 -> Venta=4100 [ok]
[3027/10892] RELIFE FLEX DE PRUEBA RELIFE TB-01 IP 13  : Costo=2633 R=4073 -> Venta=4100 [ok]
[3028/10892] RELIFE FLEX DE PRUEBA RELIFE TB-01 IP 13  : Costo=2633 R=4073 -> Venta=4100 [ok]
[3029/10892] RELIFE FLEX DE PRUEBA RELIFE TB-01 IP 6S  : Costo=2633 R=4073 -> Venta=4100 [ok]
[3030/10892] RELIFE FLEX DE PRUEBA RELIFE TB-01 IP 6G  : Costo=2633 R=4073 -> Venta=4100 [ok]
[3031/10892] RELIFE FLEX DE PRUEBA RELIFE TB-01 IP 6S  : Costo=2633 R=4073 -> Venta=4100 [ok]
[3032/10892] RELIFE FLEX DE PRUEBA RELIFE TB-01 IP 8G  : Costo=2633 R=4073 -> Venta=4100 [ok]
[3033/10892] RELIFE FLEX DE PRUEBA RELIFE TB-01 IP 7G  : Costo=2633 R=4073 -> Venta=4100 [ok]
[3034/10892] RELIFE FLEX DE PRUEBA RELIFE TB-01 IP 8P  : Costo=2633 R=4073 -> Venta=4100 [ok]
[3035/10892] RELIFE FLEX DE PRUEBA RELIFE TB-01 IPXS   : Costo=2633 R=4073 -> Venta=4100 [ok]
[3036/10892] RELIFE FLEX DE PRUEBA RELIFE TB-01 IP 11  : Costo=2633 R=4073 -> Venta=4100 [ok]
[3037/10892] RELIFE FLEX DE PRUEBA RELIFE TB-01 IP 7P  : Costo=2633 R=4073 -> Venta=4100 [ok]
[3038/10892] RELIFE FLEX DE PRUEBA RELIFE TB-01 IP12   : Costo=2633 R=4073 -> Venta=4100 [ok]
[3039/10892] RELIFE FLEX DE PRUEBA RELIFE TB-01 IP6    : Costo=2633 R=4073 -> Venta=4100 [ok]
[3040/10892] RELIFE FLEX DE PRUEBA RELIFE TB-01 IP 6P  : Costo=2633 R=4073 -> Venta=4100 [ok]
[3041/10892] RELIFE FLEX DE PRUEBA RELIFE TB-01 IP11   : Costo=2633 R=4073 -> Venta=4100 [ok]
[3042/10892] RELIFE FLEX DE PRUEBA RELIFE TB-02 NOVA   : Costo=2633 R=4073 -> Venta=4100 [ok]
[3043/10892] RELIFE FLEX DE PRUEBA RELIFE TB-02 NOVA   : Costo=2633 R=4073 -> Venta=4100 [ok]
[3044/10892] RELIFE FLEX DE PRUEBA RELIFE TB-02 MATE   : Costo=2633 R=4073 -> Venta=4100 [ok]
[3045/10892] RELIFE FLEX DE PRUEBA RELIFE TB-02 NOVA   : Costo=2633 R=4073 -> Venta=4100 [ok]
[3046/10892] RELIFE FLEX DE PRUEBA RELIFE TB-01 HW P   : Costo=2633 R=4073 -> Venta=4100 [ok]
[3047/10892] RELIFE FLEX DE PRUEBA RELIFE TB-01 NOVA   : Costo=2633 R=4073 -> Venta=4100 [ok]
[3048/10892] RELIFE FLEX DE PRUEBA RELIFE TB-01 NOVA   : Costo=2633 R=4073 -> Venta=4100 [ok]
[3049/10892] RELIFE FLEX DE PRUEBA RELIFE TB-01 HW MA  : Costo=2633 R=4073 -> Venta=4100 [ok]
[3050/10892] RELIFE FLEX DE PRUEBA RELIFE TB-01 NOVA   : Costo=2633 R=4073 -> Venta=4100 [ok]
[3051/10892] RELIFE FLEX DE PRUEBA RELIFE TB-01 NOVA   : Costo=2633 R=4073 -> Venta=4100 [ok]
[3052/10892] CABLE TRANSMISION IPHONE IBOOT V9.0       : Costo=7428 R=11026 -> Venta=10400 [ok]
[3053/10892] ISOFT CABLE TRANSMISION DATOS iOS ANDROI  : Costo=1798 R=2671 -> Venta=3300 [ok]
[3054/10892] ISOFT HERRAMIENTA DE PRUEBA HUAWEI IS-00  : Costo=2455 R=3644 -> Venta=4000 [ok]
[3055/10892] RELIFE ESPATULA PARA LIMPIAR O ELIMINAR   : Costo=1570 R=2189 -> Venta=3100 [ok]
[3056/10892] SUNSHINE ESPATULA PARA PROTECTORES SS-06  : Costo=664 R=1302 -> Venta=2200 [ok]
[3057/10892] SUNSHINE LAMINA HIDROGEL SS-057HP + SUNS  : Costo=23672 R=40447 -> Venta=28700 [ok]
[3058/10892] SUNSHINE LAMINA HIDROGEL SS-057HP SUNSHI  : Costo=19290 R=32959 -> Venta=24100 [ok]
[3059/10892] SUNSHINE LAMPARA LUZ ULTRAVIOLETA PARA S  : Costo=31921 R=49378 -> Venta=38300 [ok]
[3060/10892] RELIFE DISPENSADOR RL-062A RELIFE         : Costo=2357 R=3928 -> Venta=3900 [ok]
[3061/10892] RELIFE REPUESTO CAUTIN RL-936WB RELIFE    : Costo=2588 R=4003 -> Venta=4100 [ok]
[3062/10892] RELIFE PUNTA CAUTIN RL-936WB RELIFE       : Costo=1276 R=1787 -> Venta=2800 [ok]
[3063/10892] RELIFE MESA DE TRABAJO SILICON RL-170C R  : Costo=4606 R=6755 -> Venta=6100 [ok]
[3064/10892] RELIFE MESA DE TRABAJO SILICON RL-170A R  : Costo=1211 R=1779 -> Venta=2700 [ok]
[3065/10892] RELIFE MESA DE TRABAJO SILICON RL-170B R  : Costo=2335 R=3424 -> Venta=3800 [ok]
[3066/10892] RELIFE LENTE PARA CAMARA REDUCCION DE OB  : Costo=1863 R=2881 -> Venta=3400 [ok]
[3067/10892] RELIFE PROTECTOR SILICON PARA PLANCHA RL  : Costo=1295 R=2538 -> Venta=2800 [ok]
[3068/10892] RELIFE CAUTIN BATERIAS RL-936WB RELIFE    : Costo=16467 R=32110 -> Venta=20600 [ok]
[3069/10892] SUNSHINE CINTA ADHESIVA PROTECTORA PARA   : Costo=3594 R=5271 -> Venta=5100 [ok]
[3070/10892] RELIFE FLEX DE PRUEBA RELIFE TB-02 P40 P  : Costo=2633 R=4073 -> Venta=4100 [ok]
[3071/10892] RELIFE GOMA PARA REPARACION RL-035B RELI  : Costo=5610 R=7853 -> Venta=8600 [ok]
[3072/10892] RELIFE ORGANIZADOR DESTORNILLADORES RL-0  : Costo=3176 R=4922 -> Venta=4700 [ok]
[3073/10892] RELIFE TARJETA DE PRUEBA PARA RESTAURACI  : Costo=38350 R=59323 -> Venta=46000 [ok]
[3074/10892] SUNSHINE MESA DE TRABAJO SILICON SS-160A  : Costo=3967 R=6148 -> Venta=5500 [ok]
[3075/10892] SUNSHINE MESA DE TRABAJO SILICON SSS-004  : Costo=4307 R=6662 -> Venta=5800 [ok]
[3076/10892] SUNSHINE HERRAMIENTA PARA REPARAR SS-101  : Costo=3248 R=5024 -> Venta=4700 [ok]
[3077/10892] SUNSHINE DESTORNILLADOR SS-5120 SUNSHINE  : Costo=13492 R=20238 -> Venta=16900 [ok]
[3078/10892] SUNSHINE LAMINA HIDROGEL SS-075U UV SUNS  : Costo=23271 R=35800 -> Venta=28300 [ok]
[3079/10892] SUNSHINE LAMINA HIDROGEL SS-057YUV IMPRI  : Costo=19931 R=30662 -> Venta=24900 [ok]
[3080/10892] RELIFE CALIBRADOR OPTICO HUELLA DIGITAL   : Costo=7397 R=10870 -> Venta=10400 [ok]
[3081/10892] RELIFE FLEX DE PRUEBA PARA FACE ID TB-04  : Costo=3576 R=5532 -> Venta=5100 [ok]
[3082/10892] RELIFE CAMARA HDMI PARA MICROSCOPIO TRIN  : Costo=112356 R=174151 -> Venta=129200 [ok]
[3083/10892] RELIFE SOLDADURA RL-444 RELIFE 0.8MM      : Costo=1199 R=1818 -> Venta=2700 [ok]
[3084/10892] SUNSHINE ALGODON SUNSHINE 50G             : Costo=705 R=1091 -> Venta=2200 [ok]
[3085/10892] SUNSHINE VENTOSA PARA SEPARAR 601G SUNSH  : Costo=13476 R=20846 -> Venta=16800 [ok]
[3086/10892] RELIFE CAMARA HDMI PARA MICROSCOPIO TRIN  : Costo=377443 R=583867 -> Venta=434100 [ok]
[3087/10892] SUNSHINE CINTA ADHESIVA AISLANTE DE ALUM  : Costo=424 R=594 -> Venta=1900 [ok]
[3088/10892] SUNSHINE TEFLON PTFE ALTA TEMPERATURA SU  : Costo=3976 R=5831 -> Venta=5500 [ok]
[3089/10892] SUNSHINE CINTA ADHESIVA DOBLE CARA SUNSH  : Costo=980 R=1372 -> Venta=2500 [ok]
[3090/10892] SUNSHINE CINTA ADHESIVA DOBLE CARA SUNSH  : Costo=528 R=737 -> Venta=2000 [ok]
[3091/10892] SUNSHINE CINTA ADHESIVA DOBLE CARA SUNSH  : Costo=355 R=496 -> Venta=1900 [ok]
[3092/10892] SUNSHINE CINTA ADHESIVA DOBLE CARA SUNSH  : Costo=290 R=405 -> Venta=1800 [ok]
[3093/10892] SUNSHINE GOMA PARA TACTILES LCD T-8000 S  : Costo=746 R=1045 -> Venta=2200 [ok]
[3094/10892] quick ESTACION DE CALOR BLOWER 858D+ QUI  : Costo=55444 R=81582 -> Venta=66500 [ok]
[3095/10892] SUNSHINE MAQUINA SEPARADORA LCD SS-918F   : Costo=73122 R=113112 -> Venta=87700 [ok]
[3096/10892] SUNSHINE REPUESTO CUCHILLA DE LA MAQUINA  : Costo=4819 R=7454 -> Venta=6300 [ok]
[3097/10892] SUNSHINE CEPILLO DE DOBLE PROPOSITO ANTI  : Costo=260 R=363 -> Venta=1800 [ok]
[3098/10892] SUNSHINE REPUESTO CUCHILLA DE LA MAQUINA  : Costo=2236 R=3459 -> Venta=3700 [ok]
[3099/10892] SUNSHINE GOMA PARA REPARACION B-7000 SUN  : Costo=998 R=1397 -> Venta=2500 [ok]
[3100/10892] SUNSHINE GOMA PARA REPARACION B-7000 SUN  : Costo=889 R=1244 -> Venta=2400 [ok]
[3101/10892] SUNSHINE REPUESTO CABEZA DE LA MAQUINA H  : Costo=12223 R=18945 -> Venta=15300 [ok]
[3102/10892] SUNSHINE MAQUINA CORTADORA LAMINA PROTEC  : Costo=274471 R=431311 -> Venta=315600 [ok]
[3103/10892] SUNSHINE CEPILLO DE DOBLE PROPOSITO ANTI  : Costo=790 R=1161 -> Venta=2300 [ok]
[3104/10892] RELIFE REMOVEDOR DE OCA Y CORTADOR DE LC  : Costo=9383 R=14543 -> Venta=12400 [ok]
[3105/10892] RELIFE ADHESIVO UV SIN RASTRO RL-081 REL  : Costo=3008 R=4203 -> Venta=4500 [ok]
[3106/10892] RELIFE SET DESTORNILLADOR RL-728A RELIFE  : Costo=10843 R=15772 -> Venta=13800 [ok]
[3107/10892] SUNSHINE GOMA PARA REPARACION G20 SUNSHI  : Costo=1187 R=1662 -> Venta=2700 [ok]
[3108/10892] RELIFE IMANTADOR RL-076 RELIFE            : Costo=693 R=1002 -> Venta=2200 [ok]
[3109/10892] SUNSHINE LAMINA HIDROGEL SS-075PC SUNSHI  : Costo=22874 R=31265 -> Venta=27900 [ok]
[3110/10892] SUNSHINE LAMINA HIDROGEL SS-057R+COMPLET  : Costo=55679 R=85657 -> Venta=66800 [ok]
[3111/10892] SUNSHINE LAMINA HIDROGEL SS-057HE MATE S  : Costo=19244 R=30069 -> Venta=24100 [ok]
[3112/10892] SUNSHINE LAMINA HIDROGEL SS-057U UV SUNS  : Costo=41279 R=63504 -> Venta=49500 [ok]
[3113/10892] SUNSHINE LAMINA HIDROGEL SS-075E MATE SU  : Costo=32598 R=62687 -> Venta=39100 [ok]
[3114/10892] RELIFE MALLA PARA DESOLDAR RL-2030 RELIF  : Costo=1344 R=2038 -> Venta=2800 [ok]
[3115/10892] RELIFE VENTOSA PARA SEPARAR RL-079 RELIF  : Costo=411 R=565 -> Venta=1900 [ok]
[3116/10892] RELIFE HERRAMIENTA DE SEPARACI&Oacute;N   : Costo=4082 R=6136 -> Venta=5600 [ok]
[3117/10892] RELIFE MICROSCOPIO CON LAMPARA LED RL-M5  : Costo=171204 R=264836 -> Venta=196900 [ok]
[3118/10892] SUNSHINE REPUESTO RESISTENCIA CAUTIN SS-  : Costo=3907 R=6043 -> Venta=5400 [ok]
[3119/10892] RELIFE PINZA RELIFE RT-11A                : Costo=4901 R=6848 -> Venta=6400 [ok]
[3120/10892] SUNSHINE PINZA SUNSHINE ST-17             : Costo=1699 R=2434 -> Venta=3200 [ok]
[3121/10892] quick ESTACION COMPLETA BLOWER CAUTIN 87  : Costo=133369 R=190526 -> Venta=153400 [ok]
[3122/10892] RELIFE FLUX PASTA F-21 RELIFE             : Costo=2509 R=3471 -> Venta=4000 [ok]
[3123/10892] SUNSHINE CABLE PARA MULTIMETRO SS-024A S  : Costo=2167 R=4062 -> Venta=3700 [ok]
[3124/10892] SUNSHINE MESA DE TRABAJO SILICON SS-160   : Costo=6802 R=9976 -> Venta=9800 [ok]
[3125/10892] SUNSHINE MESA DE TRABAJO SILICON SS-004F  : Costo=11362 R=17610 -> Venta=14400 [ok]
[3126/10892] SUNSHINE LAMPARA UV PARA GORILLAS SUNSHI  : Costo=5285 R=8175 -> Venta=8300 [ok]
[3127/10892] RELIFE SOLDADURA PARA RECONTRUCCION DE P  : Costo=9140 R=12795 -> Venta=12100 [ok]
[3128/10892] RELIFE SOLDADURA RL-440 RELIFE 0.4MM 20G  : Costo=1078 R=2010 -> Venta=2600 [ok]
[3129/10892] RELIFE SOLDADURA RL-440 RELIFE 0.2MM 40G  : Costo=1570 R=2389 -> Venta=3100 [ok]
[3130/10892] SUNSHINE MICROSCOPIO DM-600D SUNSHINE     : Costo=26737 R=52220 -> Venta=32100 [ok]
[3131/10892] RELIFE DETECTOR DE CIRCUITOS EN LA TARJE  : Costo=4136 R=6410 -> Venta=5600 [ok]
[3132/10892] SUNSHINE GOMA PARA REPARACION B-7000 SUN  : Costo=577 R=808 -> Venta=2100 [ok]
[3133/10892] RELIFE MESA DE TRABAJO METALICA RL-004N   : Costo=47536 R=73533 -> Venta=57000 [ok]
[3134/10892] SUNSHINE JUEGO DESTORNILLADOR SS-5103J S  : Costo=3745 R=6242 -> Venta=5200 [ok]
[3135/10892] SUNSHINE PINZA RELIFE SUNSHINE RT-11D     : Costo=6113 R=9431 -> Venta=9100 [ok]
[3136/10892] RELIFE FLUX RL-UV424-OR RELIFE            : Costo=1978 R=2764 -> Venta=3500 [ok]
[3137/10892] RELIFE GOMA PARA REPARACION CP-0002 RELI  : Costo=675 R=943 -> Venta=2200 [ok]
[3138/10892] RELIFE GOMA PARA REPARACION CP-0001 RELI  : Costo=529 R=739 -> Venta=2000 [ok]
[3139/10892] SUNSHINE GOMA PARA REPARACION G21 SUNSHI  : Costo=686 R=959 -> Venta=2200 [ok]
[3140/10892] SUNSHINE PRENSA EN T SS-601A 3MM SUNSHIN  : Costo=2097 R=3722 -> Venta=3600 [ok]
[3141/10892] SUNSHINE LAMINA HIDROGEL SS-075 SUNSHINE  : Costo=35203 R=55005 -> Venta=42200 [ok]
[3142/10892] RELIFE CABLE PARA SACAR GORILLA GLASS RL  : Costo=1522 R=2202 -> Venta=3000 [ok]
[3143/10892] RELIFE CABLE PARA SACAR GORILLA GLASS RL  : Costo=1481 R=2142 -> Venta=3000 [ok]
[3144/10892] RELIFE CABLE PARA SACAR GORILLA GLASS RL  : Costo=1269 R=1835 -> Venta=2800 [ok]
[3145/10892] SUNSHINE DESTORNILLADOR SS-5118 SUNSHINE  : Costo=4218 R=7812 -> Venta=5700 [ok]
[3146/10892] SUNSHINE DESTORNILLADOR SS-5119 SUNSHINE  : Costo=5690 R=8819 -> Venta=8700 [ok]
[3147/10892] RELIFE TOALLAS LIMPIADORA ANTIESTATICA R  : Costo=1448 R=2240 -> Venta=2900 [ok]
[3148/10892] RELIFE SOLDADURA ESTA&Ntilde;O RL-442 10  : Costo=3307 R=5115 -> Venta=4800 [ok]
[3149/10892] RELIFE SOLDADURA ESTA&Ntilde;O RL-442 10  : Costo=2813 R=4683 -> Venta=4300 [ok]
[3150/10892] RELIFE SOLDADURA ESTA&Ntilde;O RL-442 10  : Costo=2177 R=3375 -> Venta=3700 [ok]
[3151/10892] RELIFE REFUERZO PARA JERINGA CON AGUJA R  : Costo=535 R=784 -> Venta=2000 [ok]
[3152/10892] SUNSHINE MESA DE TRABAJO SILICON SS-190   : Costo=31288 R=45888 -> Venta=37500 [ok]
[3153/10892] SUNSHINE SOPORTE PARA CAUTIN BLOWER TU-8  : Costo=1596 R=2468 -> Venta=3100 [ok]
[3154/10892] SUNSHINE LAMINA HIDROGEL SS-057P+ TABLET  : Costo=76793 R=119988 -> Venta=92200 [ok]
[3155/10892] RELIFE L&Aacute;MPARA LED PARA MICROSCOP  : Costo=8415 R=13018 -> Venta=11400 [ok]
[3156/10892] RELIFE PUNTA CAUTIN RL-C210 RELIFE I      : Costo=10802 R=15123 -> Venta=13800 [ok]
[3157/10892] SUNSHINE SILICON PROTECTOR PARA PLANCHA   : Costo=1096 R=2147 -> Venta=2600 [ok]
[3158/10892] RELIFE JUEGO DE PALETAS HERRAMIENTA DE S  : Costo=1138 R=1672 -> Venta=2600 [ok]
[3159/10892] GVM PUNTA CAUTIN C210 RELIFE GVM IS       : Costo=1837 R=2566 -> Venta=3300 [ok]
[3160/10892] RELIFE PUNTA CAUTIN RL-C115 RELIFE IS     : Costo=12739 R=17835 -> Venta=15900 [ok]
[3161/10892] quick BOQUILLA PARA ESTACION DE CALOR BL  : Costo=3245 R=4543 -> Venta=4700 [ok]
[3162/10892] quick BOQUILLA PARA ESTACION DE CALOR BL  : Costo=3245 R=4543 -> Venta=4700 [ok]
[3163/10892] SUNSHINE ESTACION PARA SOLDAR CAUTIN POR  : Costo=3042 R=4452 -> Venta=4500 [ok]
[3164/10892] ONTEN CABLE DISPLAY PORT MACHO A DISPLAY  : Costo=2991 R=4700 -> Venta=4500 [ok]
[3165/10892] SUNSHINE REPUESTO CARGADOR DE LA MAQUINA  : Costo=10693 R=16540 -> Venta=13700 [ok]
[3166/10892] SUNSHINE REPUESTO RESISTENCIA CAUTIN SL-  : Costo=1316 R=2035 -> Venta=2800 [ok]
[3167/10892] SUNSHINE REPUESTO RESISTENCIA CAUTIN SL-  : Costo=923 R=1428 -> Venta=2400 [ok]
[3168/10892] quick REPUESTO RESISTENCIA BLOWER A1148   : Costo=5499 R=8077 -> Venta=8500 [ok]
[3169/10892] RELIFE CAJA ORGANIZADORA RL-001F RELIFE   : Costo=23075 R=35694 -> Venta=28100 [ok]
[3170/10892] RELIFE ESPATULA MULTIPROPOSITO RL-073 RE  : Costo=1733 R=2412 -> Venta=3200 [ok]
[3171/10892] RELIFE LAMPARA LED UV RL-014 RELIFE       : Costo=3711 R=5751 -> Venta=5200 [ok]
[3172/10892] SUNSHINE MICROSCOPIO CON LAMPARA Y CAMAR  : Costo=493100 R=762778 -> Venta=567100 [ok]
[3173/10892] SUNSHINE FUENTE DE PODER ALIMENTACION P-  : Costo=38541 R=59738 -> Venta=46200 [ok]
[3174/10892] quick PUNTA CAUTIN TS1200A QUICK TSS02-S  : Costo=9327 R=13058 -> Venta=12300 [ok]
[3175/10892] ONTEN CABLE DISPLAY PORT A HDMI OTN-DP30  : Costo=3263 R=5127 -> Venta=4800 [ok]
[3176/10892] ONTEN CABLE DISPLAY PORT A HDMI OTN-DP30  : Costo=2211 R=3475 -> Venta=3700 [ok]
[3177/10892] ONTEN CABLE DISPLAY PORT MACHO A LINEA E  : Costo=2154 R=3198 -> Venta=3700 [ok]
[3178/10892] ONTEN CABLE MINI DISPLAY PORT MACHO A LI  : Costo=1797 R=2667 -> Venta=3300 [ok]
[3179/10892] ONTEN CABLE DISPLAY PORT MACHO A LINEA E  : Costo=2823 R=4191 -> Venta=4300 [ok]
[3180/10892] ONTEN CABLE DISPLAY PORT MACHO A DISPLAY  : Costo=2224 R=3494 -> Venta=3700 [ok]
[3181/10892] ONTEN CABLE DISPLAY PORT A MINI DISPLAY   : Costo=2403 R=3567 -> Venta=3900 [ok]
[3182/10892] SUNSHINE LAMINA HIDROGEL SS-057H SUNSHIN  : Costo=14233 R=27369 -> Venta=17800 [ok]
[3183/10892] SUNSHINE MAQUINA SEPARADORA EN FRIO CONG  : Costo=983864 R=983864 -> Venta=1131400 [ok]
[3184/10892] JC PROGRAMMER CAJA REPARACION IPHONE PAN  : Costo=112169 R=164747 -> Venta=129000 [ok]
[3185/10892] RELIFE FLUX PASTA RL-422S IM RELIFE       : Costo=1389 R=2266 -> Venta=2900 [ok]
[3186/10892] RELIFE FLUX PASTA RL-421S OR RELIFE       : Costo=1318 R=1819 -> Venta=2800 [ok]
[3187/10892] RELIFE FLUX UV PASTA RL-420S RELIFE       : Costo=854 R=1393 -> Venta=2400 [ok]
[3188/10892] SUNSHINE ESTACION DE CALOR T12A SUNSHINE  : Costo=42438 R=65647 -> Venta=50900 [ok]
[3189/10892] SUNSHINE LAMINA HIDROGEL SS-057R SUNSHIN  : Costo=55282 R=86378 -> Venta=66300 [ok]
[3190/10892] SUNSHINE LAMINA HIDROGEL SS-057A SUNSHIN  : Costo=28219 R=38187 -> Venta=33900 [ok]
[3191/10892] SUNSHINE LAMINA HIDROGEL SS-057E MATE SU  : Costo=55607 R=86885 -> Venta=66700 [ok]
[3192/10892] SUNSHINE LAMINA HIDROGEL SS-057Y IMPRIMI  : Costo=48433 R=74509 -> Venta=58100 [ok]
[3193/10892] SUNSHINE MAQUINA CORTADORA LAMINA PROTEC  : Costo=271876 R=407822 -> Venta=312700 [ok]
[3194/10892] RELIFE JUEGO DE PALETAS HERRAMIENTA DE S  : Costo=801 R=1242 -> Venta=2300 [ok]
[3195/10892] RELIFE CAJA ORGANIZADORA RL-001D RELIFE   : Costo=12000 R=18563 -> Venta=15000 [ok]
[3196/10892] SUNSHINE DETECTOR DE CIRCUITOS EN LA TAR  : Costo=5564 R=8607 -> Venta=8600 [ok]
[3197/10892] RELIFE CAUTIN BATERIAS RL-936W RELIFE     : Costo=29218 R=45196 -> Venta=35100 [ok]
[3198/10892] RELIFE TARJETA DE PRUEBA PARA PANTALLA H  : Costo=367853 R=582447 -> Venta=423000 [ok]
[3199/10892] RELIFE JUEGO PLACAS PARA REPARACION RL-6  : Costo=37814 R=58494 -> Venta=45400 [ok]
[3200/10892] RELIFE PULIDOR ELECTRICO RL-068 RELIFE    : Costo=8945 R=13864 -> Venta=11900 [ok]
[3201/10892] RELIFE PALETA PARA DESMONTAR RL-060A REL  : Costo=1063 R=1644 -> Venta=2600 [ok]
[3202/10892] RELIFE MESA DE CALEFACCION RL-067A RELIF  : Costo=3262 R=5046 -> Venta=4800 [ok]
[3203/10892] SUNSHINE LAMPARA Y LAMINADORA UV SS-918B  : Costo=44626 R=69170 -> Venta=53600 [ok]
[3204/10892] RELIFE PRENSA PARA BATERIA 3EN1 RL-936WA  : Costo=2516 R=3891 -> Venta=4000 [ok]
[3205/10892] RELIFE CAJA ORGANIZADORA RL-001E RELIFE   : Costo=5308 R=8210 -> Venta=8300 [ok]
[3206/10892] RELIFE JUEGO DE CUCHILLAS ESPECIALES EN   : Costo=1075 R=1663 -> Venta=2600 [ok]
[3207/10892] RELIFE ROSIN RL-070 RELIFE                : Costo=283 R=453 -> Venta=1800 [ok]
[3208/10892] SUNSHINE MESA DE TRABAJO SILICON RL-004D  : Costo=4790 R=7039 -> Venta=6300 [ok]
[3209/10892] SUNSHINE LAMINADORA REMOVEDOR DE BURBUJA  : Costo=994749 R=1538779 -> Venta=1144000 [ok]
[3210/10892] SUNSHINE GUANTES ANTI ESTATICO RL-063 SU  : Costo=1235 R=1941 -> Venta=2700 [ok]
[3211/10892] RELIFE SOLDADURA PASTA RL-403S RELIFE 18  : Costo=2099 R=3084 -> Venta=3600 [ok]
[3212/10892] RELIFE SOLDADURA PASTA Rl-406S RELIFE 22  : Costo=3674 R=5388 -> Venta=5200 [ok]
[3213/10892] RELIFE SOLDADURA PASTA RL-404S RELIFE 13  : Costo=2443 R=3590 -> Venta=3900 [ok]
[3214/10892] RELIFE PLANCHA DE CALEFACION DIGITAL PAR  : Costo=31341 R=45966 -> Venta=37600 [ok]
[3215/10892] RELIFE PRENSA GIRATORIA MULTIFUNCIONAL R  : Costo=13451 R=20807 -> Venta=16800 [ok]
[3216/10892] SUNSHINE MONITOR PARA MICROSCOPIO M-24 1  : Costo=58666 R=90751 -> Venta=70400 [ok]
[3217/10892] SUNSHINE DESTORNILLADOR SD-8100 SUNSHINE  : Costo=2686 R=4155 -> Venta=4200 [ok]
[3218/10892] SUNSHINE CAJA ORGANIZADORA SS-038 SUNSHI  : Costo=146 R=215 -> Venta=1600 [ok]
[3219/10892] SUNSHINE JUEGO HERRAMIENTAS MULTIFUNCION  : Costo=2674 R=3723 -> Venta=4200 [ok]
[3220/10892] SUNSHINE PINZA CON PUNTA DE CERAMICA SC-  : Costo=3554 R=5497 -> Venta=5100 [ok]
[3221/10892] quick DESTORNILLADOR MULTIFUNCIONAL 5EN1  : Costo=1208 R=1694 -> Venta=2700 [ok]
[3222/10892] SUNSHINE LUPA PORTATIL MG6B-1B SUNSHINE   : Costo=3489 R=4804 -> Venta=5000 [ok]
[3223/10892] SUNSHINE TOALLA PARA LIMPIAR SUNSHINE 40  : Costo=3792 R=6320 -> Venta=5300 [ok]
[3224/10892] SUNSHINE TOALLA PARA LIMPIAR SUNSHINE 15  : Costo=1009 R=1563 -> Venta=2500 [ok]
[3225/10892] SUNSHINE ESPATULA PARA PROTECTORES SS-06  : Costo=442 R=615 -> Venta=1900 [ok]
[3226/10892] RELIFE BASE PARA MICROSCOPIO UNIVERSAL R  : Costo=94111 R=145580 -> Venta=112900 [ok]
[3227/10892] RELIFE HERRAMIENTA PARA SEPARACION RL-06  : Costo=880 R=1335 -> Venta=2400 [ok]
[3228/10892] RELIFE REMOVEDOR DE OCA Y CORTADOR DE LC  : Costo=7178 R=11125 -> Venta=10200 [ok]
[3229/10892] SUNSHINE CABLE PARA PUENTES INSULADO SS-  : Costo=3383 R=6302 -> Venta=4900 [ok]
[3230/10892] SUNSHINE CAJA ORGANIZADORA 17.5*10.2*2 S  : Costo=549 R=806 -> Venta=2000 [ok]
[3231/10892] SUNSHINE CAJA ORGANIZADORA SS-001 SUNSHI  : Costo=891 R=1350 -> Venta=2400 [ok]
[3232/10892] RELIFE SOLDADURA PARA RECONTRUCCION DE P  : Costo=2177 R=3048 -> Venta=3700 [ok]
[3233/10892] SUNSHINE CAJA ORGANIZADORA SS-002 SUNSHI  : Costo=1082 R=1587 -> Venta=2600 [ok]
[3234/10892] RELIFE PISTOLA DE SILICON RL-602E RELIFE  : Costo=4392 R=6427 -> Venta=5900 [ok]
[3235/10892] SUNSHINE CEPILLO DE DOBLE PROPOSITO ANTI  : Costo=933 R=1371 -> Venta=2400 [ok]
[3236/10892] RELIFE REMOVEDOR LIMPIADOR DE OCA RL-538  : Costo=1371 R=2017 -> Venta=2900 [ok]
[3237/10892] RELIFE SET SOLDADURA 3EN1 RL-058 RELIFE   : Costo=2937 R=4316 -> Venta=4400 [ok]
[3238/10892] RELIFE CAMARA HDMI PARA MICROSCOPIO TRIN  : Costo=94296 R=138296 -> Venta=113200 [ok]
[3239/10892] RELIFE CAMARA HDMI PARA MICROSCOPIO TRIN  : Costo=170641 R=250266 -> Venta=196200 [ok]
[3240/10892] RELIFE SOLDADURA EN PASTA RL-405 RELIFE   : Costo=2079 R=2905 -> Venta=3600 [ok]
[3241/10892] RELIFE SOLDADURA EN PASTA RL-406 RELIFE   : Costo=3414 R=5017 -> Venta=4900 [ok]
[3242/10892] SUNSHINE LAMPARA LED PARA MICROSCOPIO SS  : Costo=5849 R=9066 -> Venta=8800 [ok]
[3243/10892] RELIFE DESTORNILLADOR RL-727 RELIFE 2.5   : Costo=7885 R=11469 -> Venta=10900 [ok]
[3244/10892] RELIFE DESTORNILLADOR RL-727 RELIFE T1 *  : Costo=7885 R=11469 -> Venta=10900 [ok]
[3245/10892] RELIFE TARJETA DE PRUEBA PARA PANTALLA H  : Costo=342617 R=542489 -> Venta=394000 [ok]
[3246/10892] RELIFE TARJETA DE PRUEBA PARA PANTALLA I  : Costo=357307 R=565749 -> Venta=410900 [ok]
[3247/10892] RELIFE AGUA DE LAVADO RL-1000 RELIFE 850  : Costo=3869 R=5406 -> Venta=5400 [ok]
[3248/10892] SUNSHINE LENTE PARA MICROSCOPIO SUNSHINE  : Costo=27689 R=42832 -> Venta=33200 [ok]
[3249/10892] SUNSHINE LENTE PARA MICROSCOPIO SUNSHINE  : Costo=27689 R=42832 -> Venta=33200 [ok]
[3250/10892] RELIFE HERRAMIENTA PARA REPARACION REMOV  : Costo=818 R=1142 -> Venta=2300 [ok]
[3251/10892] quick REPUESTO RESISTENCIA BLOWER A1147   : Costo=4275 R=7125 -> Venta=5800 [ok]
[3252/10892] SUNSHINE ESTACION DE CALOR T12A SUNSHINE  : Costo=30487 R=47160 -> Venta=36600 [ok]
[3253/10892] RELIFE AGUA DE LAVADO IGNIFUGA RL-1000E   : Costo=4781 R=6693 -> Venta=6300 [ok]
[3254/10892] quick REPUESTO RESISTENCIA CAUTIN A1321A  : Costo=2102 R=3088 -> Venta=3600 [ok]
[3255/10892] quick BOQUILLA PARA ESTACION DE CALOR BL  : Costo=7521 R=14689 -> Venta=10500 [ok]
[3256/10892] RELIFE PRENSA MULTIFUNCIONAL PARA REBALL  : Costo=26092 R=40361 -> Venta=31300 [ok]
[3257/10892] RELIFE ESPATULA PARA LIMPIAR O ELIMINAR   : Costo=1402 R=1956 -> Venta=2900 [ok]
[3258/10892] RELIFE PRENSA MULTIFUNCIONAL PARA SOLDAD  : Costo=31698 R=49034 -> Venta=38000 [ok]
[3259/10892] SUNSHINE FUENTE DE PODER ALIMENTACION P-  : Costo=17531 R=27172 -> Venta=21900 [ok]
[3260/10892] RELIFE AGUA DE LAVADO IGNIFUGA RL-1000E   : Costo=4760 R=6707 -> Venta=6300 [ok]
[3261/10892] RELIFE MALLA PARA DESOLDAR RELIFE RL-352  : Costo=1904 R=2888 -> Venta=3400 [ok]
[3262/10892] RELIFE MALLA PARA DESOLDAR RELIFE RL-302  : Costo=1900 R=3528 -> Venta=3400 [ok]
[3263/10892] RELIFE MALLA PARA DESOLDAR RELIFE RL-252  : Costo=1904 R=2888 -> Venta=3400 [ok]
[3264/10892] RELIFE MALLA PARA DESOLDAR RELIFE RL-202  : Costo=1736 R=2633 -> Venta=3200 [ok]
[3265/10892] RELIFE MALLA PARA DESOLDAR RELIFE RL-152  : Costo=1460 R=2214 -> Venta=3000 [ok]
[3266/10892] RELIFE CABLE PARA REPARACION LINEA ELECT  : Costo=2526 R=3907 -> Venta=4000 [ok]
[3267/10892] RELIFE DESTORNILLADOR RL-727 RELIFE 0.6   : Costo=7269 R=10600 -> Venta=10300 [ok]
[3268/10892] SUNSHINE LAMINA HIDROGEL SS-057S PRIVADO  : Costo=122511 R=209325 -> Venta=140900 [ok]
[3269/10892] RELIFE HERRAMIENTA DE SEPARACI&Oacute;N   : Costo=2806 R=5006 -> Venta=4300 [ok]
[3270/10892] RELIFE PLANTILLA MAGNETICA RL-091 RELIFE  : Costo=400 R=600 -> Venta=1900 [ok]
[3271/10892] SUNSHINE CINTA ADHESIVA AISLANTE SUNSHIN  : Costo=5955 R=8336 -> Venta=9000 [ok]
[3272/10892] SUNSHINE REPUESTO CONTROLADOR DE TEMPERA  : Costo=5347 R=8270 -> Venta=8300 [ok]
[3273/10892] SUNSHINE GOMA PARA REPARACION G21 SUNSHI  : Costo=1163 R=1625 -> Venta=2700 [ok]
[3274/10892] SUNSHINE GOMA PARA REPARACION G19 SUNSHI  : Costo=1496 R=2094 -> Venta=3000 [ok]
[3275/10892] SUNSHINE CABLE PARA PUENTES INSULADO SS-  : Costo=3923 R=5629 -> Venta=5400 [ok]
[3276/10892] SUNSHINE MAQUINA SEPARADORA LCD SS-918F   : Costo=74849 R=115783 -> Venta=89800 [ok]
[3277/10892] SUNSHINE ESTACION DE CALOR T12A SUNSHINE  : Costo=31930 R=49392 -> Venta=38300 [ok]
[3278/10892] RELIFE JUEGO DE PALETAS HERRAMIENTA DE S  : Costo=2330 R=3612 -> Venta=3800 [ok]
[3279/10892] RELIFE LAMPARA LED UV RL-014A RELIFE      : Costo=6590 R=12850 -> Venta=9600 [ok]
[3280/10892] RELIFE PRENSA DOBLE USO CPU RELIFE RL-60  : Costo=28727 R=44437 -> Venta=34500 [ok]
[3281/10892] SUNSHINE LAMINA HIDROGEL SS-057D DISE&Nt  : Costo=17642 R=27141 -> Venta=22100 [ok]
[3282/10892] SUNSHINE CINTA ADHESIVA AISLANTE SUNSHIN  : Costo=430 R=602 -> Venta=1900 [ok]
[3283/10892] SUNSHINE LENTE CAMARA GRADUAL SUNSHINE S  : Costo=34612 R=53540 -> Venta=41500 [ok]
[3284/10892] SUNSHINE ESTACION DE CALOR T12A SUNSHINE  : Costo=26865 R=41558 -> Venta=32200 [ok]
[3285/10892] RELIFE BOTELLA DISPENSADORA CON AGUJA RL  : Costo=803 R=1092 -> Venta=2300 [ok]
[3286/10892] RELIFE MESA DE TRABAJO METALICA SS-004N   : Costo=47536 R=73533 -> Venta=57000 [ok]
[3287/10892] SUNSHINE SOLDADURA EN PASTA SP-50 RELIFE  : Costo=7199 R=10078 -> Venta=10200 [ok]
[3288/10892] ISOFT HERRAMIENTA DE PRUEBA ID-BOX ISOFT  : Costo=80641 R=119702 -> Venta=96800 [ok]
[3289/10892] RELIFE SOLDADURA EN PASTA RL-404 RELIFE   : Costo=2947 R=4906 -> Venta=4400 [ok]
[3290/10892] RELIFE FLUX HIDROGENADO F-20 RELIFE       : Costo=1955 R=3023 -> Venta=3500 [ok]
[3291/10892] RELIFE SOLDADURA EN PASTA RL-403 RELIFE   : Costo=2188 R=3385 -> Venta=3700 [ok]
[3292/10892] SUNSHINE CEPILLO DE DOBLE PROPOSITO SS-0  : Costo=766 R=1137 -> Venta=2300 [ok]
[3293/10892] SUNSHINE MESA DE TRABAJO SILICON SS-004A  : Costo=4039 R=6724 -> Venta=5500 [ok]
[3294/10892] SUNSHINE LAMINA HIDROGEL SS-057P TABLET   : Costo=66073 R=112893 -> Venta=79300 [ok]
[3295/10892] ONTEN HUB USB TIPO C OTN-9102B ONTEN NEG  : Costo=4543 R=6744 -> Venta=6000 [ok]
[3296/10892] ONTEN HUB USB TIPO A OTN-9597 ONTEN       : Costo=5664 R=8408 -> Venta=8700 [ok]
[3297/10892] ONTEN HUB USB TIPO C OTN-9596 ONTEN PLAT  : Costo=6273 R=9311 -> Venta=9300 [ok]
[3298/10892] ONTEN HUB USB TIPO A OTN-9595 ONTEN PLAT  : Costo=8666 R=12863 -> Venta=11700 [ok]
[3299/10892] SUNSHINE LAMINA HIDROGEL SS-057B ANTI BL  : Costo=52907 R=81392 -> Venta=63500 [ok]
[3300/10892] SUNSHINE CAJA ORGANIZADORA SS-001C SUNSH  : Costo=6673 R=10322 -> Venta=9700 [ok]
[3301/10892] RELIFE MICROSCOPIO CON LAMPARA LED RL-M3  : Costo=144168 R=281579 -> Venta=165800 [ok]
[3302/10892] RELIFE LIMPIADOR DE CONTACTOS ELECTRICOS  : Costo=1621 R=2264 -> Venta=3100 [ok]
[3303/10892] RELIFE MICROSCOPIO CON LAMPARA LED RL-M3  : Costo=193123 R=298743 -> Venta=222100 [ok]
[3304/10892] quick REPUESTO BLOWER ESTACION DE CALOR   : Costo=15913 R=23371 -> Venta=19900 [ok]
[3305/10892] quick REPUESTO BLOWER ESTACION COMPLETA   : Costo=66950 R=98331 -> Venta=80300 [ok]
[3306/10892] quick REPUESTO CAUTIN TS1200A QUICK       : Costo=24899 R=36571 -> Venta=29900 [ok]
[3307/10892] quick REPUESTO BLOWER ESTACION DE CALOR   : Costo=11030 R=16200 -> Venta=14000 [ok]
[3308/10892] quick REPUESTO BLOWER ESTACION DE CALOR   : Costo=78108 R=114720 -> Venta=93700 [ok]
[3309/10892] quick REPUESTO VENTILADOR PARA ESTACION   : Costo=28001 R=41127 -> Venta=33600 [ok]
[3310/10892] quick REPUESTO BLOWER 861DW 805A QUICK    : Costo=94604 R=138949 -> Venta=113500 [ok]
[3311/10892] RELIFE MASCARA UV RL-UVH901 RELIFE ROJA   : Costo=955 R=1337 -> Venta=2500 [ok]
[3312/10892] RELIFE MASCARA UV RL-UVH901 RELIFE NEGRA  : Costo=1034 R=1445 -> Venta=2500 [ok]
[3313/10892] SUNSHINE MAQUINA DE MARCADO LASER SEPARA  : Costo=1824034 R=2821604 -> Venta=2097600 [ok]
[3314/10892] quick REPUESTO BLOWER TR1300A QUICK       : Costo=122985 R=180633 -> Venta=141400 [ok]
[3315/10892] quick REPUESTO BLOWER 858 8586D+ QUICK    : Costo=21389 R=31408 -> Venta=26400 [ok]
[3316/10892] quick REPUESTO CAUTIN 203H QUICK          : Costo=27896 R=40972 -> Venta=33500 [ok]
[3317/10892] quick REPUESTO CAUTIN 236 QUICK           : Costo=18440 R=27083 -> Venta=23000 [ok]
[3318/10892] SUNSHINE MICROSCOPIO CON LAMPARA LED SZM  : Costo=392551 R=607239 -> Venta=451400 [ok]
[3319/10892] SUNSHINE CABLE PARA FUENTE DE PODER PARA  : Costo=11212 R=21897 -> Venta=14200 [ok]
[3320/10892] SUNSHINE MULTIMETRO TESTER DT-19MS SUNSH  : Costo=110420 R=170809 -> Venta=127000 [ok]
[3321/10892] SUNSHINE FUENTE DE PODER ALIMENTACION P-  : Costo=29533 R=45776 -> Venta=35400 [ok]
[3322/10892] SUNSHINE LAMINA HIDROGEL SS-057 SUNSHINE  : Costo=47521 R=79202 -> Venta=57000 [ok]
[3323/10892] RELIFE LENTE PARA CAMARA REDUCCION DE OB  : Costo=4153 R=6438 -> Venta=5700 [ok]
[3324/10892] RELIFE CAMARA HDMI PARA MICROSCOPIO RL-M  : Costo=81161 R=120511 -> Venta=97400 [ok]
[3325/10892] RELIFE CAMARA HDMI PARA MICROSCOPIO RL-M  : Costo=74876 R=146243 -> Venta=89900 [ok]
[3326/10892] SUNSHINE DETECTOR DE FALLAS CORTOCIRCUIT  : Costo=44995 R=69602 -> Venta=54000 [ok]
[3327/10892] RELIFE TABLA SILICON PARA REPARACI&Oacut  : Costo=3836 R=5933 -> Venta=5300 [ok]
[3328/10892] EARLDOM TRANSMISOR FM BLUETOOTH ET-M7 EA  : Costo=7388 R=10966 -> Venta=10400 [ok]
[3329/10892] SUNSHINE PUNTA CAUTIN SUNSHINE SS-900M-T  : Costo=3356 R=4698 -> Venta=4900 [ok]
[3330/10892] SUNSHINE SILICON PROTECTOR PARA PLANCHA   : Costo=717 R=1110 -> Venta=2200 [ok]
[3331/10892] SUNSHINE SILICON PROTECTOR PARA PLANCHA   : Costo=1178 R=1822 -> Venta=2700 [ok]
[3332/10892] SUNSHINE PINZA AZUL RT-15C SUNSHINE CURV  : Costo=3581 R=5525 -> Venta=5100 [ok]
[3333/10892] SUNSHINE PINZA AZUL RT-11C SUNSHINE RECT  : Costo=3625 R=5592 -> Venta=5100 [ok]
[3334/10892] SUNSHINE GOMA PARA REPARACION S7800 SUNS  : Costo=1169 R=1636 -> Venta=2700 [ok]
[3335/10892] SUNSHINE LENTE PARA MICROSCOPIO CON GRAD  : Costo=56789 R=87846 -> Venta=68100 [ok]
[3336/10892] RELIFE LENTE REDUCCION PARA MICROSCOPIO   : Costo=4170 R=6463 -> Venta=5700 [ok]
[3337/10892] SUNSHINE LENTE REDUCCION PARA MICROSCOPI  : Costo=13774 R=21644 -> Venta=17200 [ok]
[3338/10892] RELIFE BOMBA DE GOMA PARA LIQUIDOS RL-04  : Costo=1074 R=1664 -> Venta=2600 [ok]
[3339/10892] RELIFE HERRAMIENTA PARA REPARACION REMOV  : Costo=1939 R=2709 -> Venta=3400 [ok]
[3340/10892] SUNSHINE SET DE CEPILLOS 3EN1 ANTIESTATI  : Costo=1076 R=1498 -> Venta=2600 [ok]
[3341/10892] RELIFE MASCARA UV RL-UVH900 RELIFE BLANC  : Costo=930 R=1299 -> Venta=2400 [ok]
[3342/10892] RELIFE MASCARA UV RL-UVH900 RELIFE AMARI  : Costo=930 R=1299 -> Venta=2400 [ok]
[3343/10892] RELIFE MASCARA UV RL-UVH900 RELIFE AZUL   : Costo=1034 R=1445 -> Venta=2500 [ok]
[3344/10892] RELIFE MASCARA UV RL-UVH900 RELIFE NEGRA  : Costo=930 R=1299 -> Venta=2400 [ok]
[3345/10892] RELIFE JUEGO DE PALETA HERRAMIENTA DE SE  : Costo=378 R=527 -> Venta=1900 [ok]
[3346/10892] quick PUNTA CAUTIN QUICK Q200-SK          : Costo=1418 R=1985 -> Venta=2900 [ok]
[3347/10892] RELIFE GOMA PARA REPARACION CP-0002 RELI  : Costo=1051 R=1468 -> Venta=2600 [ok]
[3348/10892] RELIFE GOMA PARA REPARACION CP-0001 RELI  : Costo=771 R=1077 -> Venta=2300 [ok]
[3349/10892] RELIFE PUNTA CAUTIN RELIFE RL-900M-T-I    : Costo=2019 R=2827 -> Venta=3500 [ok]
[3350/10892] VICTOR MULTIMETRO TESTER VICTOR VC97 VIC  : Costo=16011 R=23788 -> Venta=20000 [ok]
[3351/10892] SUNSHINE JUEGO DESTORNILLADOR SS-5115 SU  : Costo=2854 R=4329 -> Venta=4400 [ok]
[3352/10892] SUNSHINE JUEGO DESTORNILLADOR SS-5111 SU  : Costo=1126 R=1742 -> Venta=2600 [ok]
[3353/10892] SUNSHINE GOMA PARA TACTILES LCD T-8000 S  : Costo=1127 R=1575 -> Venta=2600 [ok]
[3354/10892] SUNSHINE BOTELLA PARA ALCOHOL LIQUIDOS B  : Costo=803 R=1214 -> Venta=2300 [ok]
[3355/10892] SUNSHINE REPUESTO RESISTENCIA CAUTIN AST  : Costo=363 R=561 -> Venta=1900 [ok]
[3356/10892] SUNSHINE ESTACION PARA SOLDAR CAUTIN POR  : Costo=1842 R=2696 -> Venta=3300 [ok]
[3357/10892] SUNSHINE ESTACION PARA SOLDAR CAUTIN DIG  : Costo=6092 R=9350 -> Venta=9100 [ok]
[3358/10892] SUNSHINE BOTELLA PARA ALCOHOL LIQUIDOS R  : Costo=3271 R=4543 -> Venta=4800 [ok]
[3359/10892] RELIFE DESTORNILLADOR RL-721 RELIFE 0.8*  : Costo=1057 R=1541 -> Venta=2600 [ok]
[3360/10892] SUNSHINE DESTORNILLADOR SUNSHINE SS-5104  : Costo=4162 R=6054 -> Venta=5700 [ok]
[3361/10892] VICTOR MULTIMETRO TESTER DIGITAL VICTOR   : Costo=12693 R=21258 -> Venta=15900 [ok]
[3362/10892] OCTOPLUS OCTOPLUS Caja Dongle Desbloqueo  : Costo=203017 R=298180 -> Venta=233500 [ok]
[3363/10892] Infinity Infinity CM2 Caja Dongle Desblo  : Costo=66071 R=98075 -> Venta=79300 [ok]
[3364/10892] SUNSHINE CABLE PARA SACAR GORILLA GLASS   : Costo=1560 R=2183 -> Venta=3100 [ok]
[3365/10892] SUNSHINE TABLA PARA REPARACION SS-004H 3  : Costo=8267 R=12813 -> Venta=11300 [ok]
[3366/10892] SUNSHINE LAMPARA LED PARA DETECTOR DE PO  : Costo=7642 R=11821 -> Venta=10600 [ok]
[3367/10892] RELIFE LAMPARA LED RL-805 RELIFE          : Costo=2259 R=3502 -> Venta=3800 [ok]
[3368/10892] SUNSHINE MICROSCOPIO DM-1000S SUNSHINE    : Costo=20969 R=29752 -> Venta=26000 [ok]
[3369/10892] RELIFE JUEGO DE PALETA HERRAMIENTA DE SE  : Costo=772 R=1194 -> Venta=2300 [ok]
[3370/10892] SUNSHINE PLANCHA DE CALEFACION DIGITAL P  : Costo=29618 R=57847 -> Venta=35500 [ok]
[3371/10892] SUNSHINE PLANCHA DE CALEFACION DIGITAL P  : Costo=75013 R=111474 -> Venta=90000 [ok]
[3372/10892] SUNSHINE MULTIMETRO TESTER DT-19N SUNSHI  : Costo=12831 R=18925 -> Venta=16000 [ok]
[3373/10892] SUNSHINE FUENTE DE PODER ALIMENTACION P-  : Costo=33771 R=52345 -> Venta=40500 [ok]
[3374/10892] SUNSHINE SET DE REPARACION GLASS+OCA+MAR  : Costo=3875 R=5994 -> Venta=5400 [ok]
[3375/10892] SUNSHINE ESTACION PARA SOLDAR CAUTIN POR  : Costo=2323 R=4536 -> Venta=3800 [ok]
[3376/10892] RELIFE FLUX PASTA RELIFE RL-429           : Costo=3185 R=4926 -> Venta=4700 [ok]
[3377/10892] RELIFE LAMINA OCA GOMA UV RELIFE 8&quot;  : Costo=2324 R=3595 -> Venta=3800 [ok]
[3378/10892] RELIFE LAMINA OCA GOMA UV RELIFE 7&quot;  : Costo=2674 R=4136 -> Venta=4200 [ok]
[3379/10892] RELIFE LAMINA OCA GOMA UV RELIFE 6&quot;  : Costo=2015 R=3117 -> Venta=3500 [ok]
[3380/10892] RELIFE LAMINA OCA GOMA UV RELIFE 12&quot  : Costo=9454 R=14624 -> Venta=12500 [ok]
[3381/10892] RELIFE LAMINA OCA GOMA UV RELIFE 12.9&qu  : Costo=11727 R=18140 -> Venta=14700 [ok]
[3382/10892] RELIFE LAMINA OCA GOMA UV RELIFE 10&quot  : Costo=6148 R=9510 -> Venta=9100 [ok]
[3383/10892] quick REPUESTO BLOWER PARA ESTACION DE C  : Costo=15006 R=22039 -> Venta=18800 [ok]
[3384/10892] quick REPUESTO CAUTIN 907 937A 936 936A   : Costo=8747 R=12847 -> Venta=11700 [ok]
[3385/10892] VICTOR MULTIMETRO TESTER VICTOR 6013B VI  : Costo=13974 R=20742 -> Venta=17500 [ok]
[3386/10892] RELIFE PLANTILLA DE PRECISION BGA RL-044  : Costo=2963 R=4511 -> Venta=4500 [ok]
[3387/10892] RELIFE PLANTILLA DE PRECISION BGA RL-044  : Costo=2963 R=4511 -> Venta=4500 [ok]
[3388/10892] RELIFE PLANTILLA DE PRECISION BGA RL-044  : Costo=2963 R=4511 -> Venta=4500 [ok]
[3389/10892] RELIFE PLANTILLA DE PRECISION BGA RL-044  : Costo=2963 R=4511 -> Venta=4500 [ok]
[3390/10892] RELIFE PLANTILLA DE PRECISION BGA RL-044  : Costo=2963 R=4511 -> Venta=4500 [ok]
[3391/10892] RELIFE PLANTILLA DE PRECISION BGA RL-044  : Costo=2963 R=4511 -> Venta=4500 [ok]
[3392/10892] RELIFE PLANTILLA DE PRECISION BGA RL-044  : Costo=2963 R=4511 -> Venta=4500 [ok]
[3393/10892] RELIFE PLANTILLA DE PRECISION BGA RL-044  : Costo=2963 R=4511 -> Venta=4500 [ok]
[3394/10892] RELIFE PLANTILLA DE PRECISION BGA RL-044  : Costo=2963 R=4511 -> Venta=4500 [ok]
[3395/10892] RELIFE PLANTILLA DE PRECISION BGA RL-044  : Costo=2963 R=4511 -> Venta=4500 [ok]
[3396/10892] RELIFE SOLDADURA EN PASTA RL-400 RELIFE   : Costo=1452 R=2393 -> Venta=3000 [ok]
[3397/10892] SUNSHINE JUEGO DESTORNILLADOR SS-5116 SU  : Costo=3412 R=5194 -> Venta=4900 [ok]
[3398/10892] SUNSHINE LAMPARA LED SS-804 SUNSHINE      : Costo=6846 R=10611 -> Venta=9800 [ok]
[3399/10892] SUNSHINE ESTACION DE MARCADO LASER UV SS  : Costo=1789920 R=2784392 -> Venta=2058400 [ok]
[3400/10892] quick ESTACION DE CALOR BLOWER 881D QUIC  : Costo=380153 R=558348 -> Venta=437200 [ok]
[3401/10892] SUNSHINE PRENSA PARA TARJETAS MADRES DE   : Costo=25010 R=36078 -> Venta=30000 [ok]
[3402/10892] SUNSHINE LAMPARA LED CON LUPA SS-139 SUN  : Costo=5382 R=8342 -> Venta=8400 [ok]
[3403/10892] RELIFE FLUX PASTA LIBRE PLOMO RELIFE RL-  : Costo=1129 R=2097 -> Venta=2600 [ok]
[3404/10892] RELIFE SOLDADURA PASTA RELIFE SP-X        : Costo=6493 R=9715 -> Venta=9500 [ok]
[3405/10892] RELIFE FLUX PASTA SIN HALOGENOS Y PLOMO   : Costo=6203 R=9344 -> Venta=9200 [ok]
[3406/10892] RELIFE FLUX PASTA RELIFE RL-428 OR        : Costo=8650 R=12975 -> Venta=11600 [ok]
[3407/10892] RELIFE FLUX PASTA RELIFE RL-223-OR        : Costo=4554 R=6864 -> Venta=6100 [ok]
[3408/10892] RELIFE SOLDADURA ESTA&Ntilde;O RL-442 10  : Costo=3357 R=5192 -> Venta=4900 [ok]
[3409/10892] RELIFE MASCARA UV RL-UVH900 RELIFE VERDE  : Costo=913 R=1275 -> Venta=2400 [ok]
[3410/10892] RELIFE SOLDADURA PASTA RL-402 RELIFE      : Costo=3080 R=4546 -> Venta=4600 [ok]
[3411/10892] RELIFE LIMPIADOR PUNTA CAUTIN RELIFE RL-  : Costo=2212 R=3117 -> Venta=3700 [ok]
[3412/10892] RELIFE FLUX BGA PASTA RELIFE RL-421       : Costo=904 R=1346 -> Venta=2400 [ok]
[3413/10892] RELIFE FLUX BGA PASTA RELIFE RL-420       : Costo=746 R=1035 -> Venta=2200 [ok]
[3414/10892] RELIFE REMOVEDOR LIMPIADOR DE OCA RL-518  : Costo=2049 R=3017 -> Venta=3500 [ok]
[3415/10892] SUNSHINE DESTORNILLADOR SS-5117 SUNSHINE  : Costo=3546 R=5909 -> Venta=5000 [ok]
[3416/10892] RELIFE DESTORNILLADOR RL-720 RELIFE 0.8*  : Costo=4271 R=6606 -> Venta=5800 [ok]
[3417/10892] RELIFE TOALLAS LIMPIADORA ANTIESTATICA R  : Costo=613 R=900 -> Venta=2100 [ok]
[3418/10892] SUNSHINE CLIP PARA REPARACION SS-048 SUN  : Costo=379 R=556 -> Venta=1900 [ok]
[3419/10892] RELIFE PINZA RELIFE RT-14LA               : Costo=5096 R=7134 -> Venta=8100 [ok]
[3420/10892] RELIFE PINZA RELIFE RT-14SA               : Costo=1748 R=2443 -> Venta=3200 [ok]
[3421/10892] RELIFE PINZA RELIFE RT-14A                : Costo=1781 R=2494 -> Venta=3300 [ok]
[3422/10892] SUNSHINE ESTACION DE CALOR T12A SUNSHINE  : Costo=28894 R=44696 -> Venta=34700 [ok]
[3423/10892] SUNSHINE ESTACION CALOR T12A IPX SUNSHIN  : Costo=36136 R=55899 -> Venta=43400 [ok]
[3424/10892] SUNSHINE VENTOSA PARA SEPARAR SS-041 SUN  : Costo=1056 R=1452 -> Venta=2600 [ok]
[3425/10892] SUNSHINE CAJA ORGANIZADORA PARA PLACAS S  : Costo=969 R=1501 -> Venta=2500 [ok]
[3426/10892] SUNSHINE PUNTA CAUTIN SS 927D T13 SUNSHI  : Costo=4225 R=5915 -> Venta=5700 [ok]
[3427/10892] SUNSHINE ESTACION PARA SOLDAR CAUTIN POR  : Costo=18468 R=28568 -> Venta=23100 [ok]
[3428/10892] SUNSHINE PLANCHA DE CALEFACION DIGITAL P  : Costo=43016 R=62196 -> Venta=51600 [ok]
[3429/10892] SUNSHINE CABLE PARA PUENTES SS -007E SUN  : Costo=2246 R=3474 -> Venta=3700 [ok]
[3430/10892] SUNSHINE JUEGO DE PALETA HERRAMIENTA DE   : Costo=822 R=1242 -> Venta=2300 [ok]
[3431/10892] RELIFE MALLA PARA DESOLDAR RELIFE RL-351  : Costo=798 R=1482 -> Venta=2300 [ok]
[3432/10892] RELIFE MALLA PARA DESOLDAR RELIFE RL-301  : Costo=735 R=1364 -> Venta=2200 [ok]
[3433/10892] RELIFE MALLA PARA DESOLDAR RELIFE RL-251  : Costo=765 R=1426 -> Venta=2300 [ok]
[3434/10892] RELIFE MALLA PARA DESOLDAR RELIFE RL-201  : Costo=1037 R=1934 -> Venta=2500 [ok]
[3435/10892] RELIFE MALLA PARA DESOLDAR RELIFE RL-151  : Costo=659 R=1031 -> Venta=2200 [ok]
[3436/10892] SUNSHINE DESTORNILLADOR SS-5108 SUNSHINE  : Costo=1360 R=1987 -> Venta=2900 [ok]
[3437/10892] SUNSHINE DESTORNILLADOR SS-5114 SUNSHINE  : Costo=2134 R=3556 -> Venta=3600 [ok]
[3438/10892] quick ESTACION COMPLETA BLOWER CAUTIN 71  : Costo=454728 R=667878 -> Venta=522900 [ok]
[3439/10892] SUNSHINE MAQUINA CORTADORA PANTALLA LCD   : Costo=200527 R=310195 -> Venta=230600 [ok]
[3440/10892] SUNSHINE PRENSA PARA TARJETAS MADRES DE   : Costo=38232 R=59141 -> Venta=45900 [ok]
[3441/10892] SUNSHINE MICROSCOPIO CON LAMPARA LED SZM  : Costo=252558 R=390682 -> Venta=290400 [ok]
[3442/10892] n/a DESTORNILLADOR TP T5*26MM             : Costo=4081 R=6058 -> Venta=5600 [ok]
[3443/10892] JC PROGRAMMER SOPORTE PARA REPARACION DE  : Costo=96550 R=143317 -> Venta=115900 [ok]
[3444/10892] JC PROGRAMMER SOPORTE PARA REPARACION PR  : Costo=274611 R=487615 -> Venta=315800 [ok]
[3445/10892] SUNSHINE PRENSA PARA REPARACION IPHONE X  : Costo=131161 R=202893 -> Venta=150800 [ok]
[3446/10892] JC PROGRAMMER CABLES INTELIGENTE 2&deg;   : Costo=39726 R=58968 -> Venta=47700 [ok]
[3447/10892] JC PROGRAMMER SOPORTE DE PRUEBA PARA IPH  : Costo=185918 R=273066 -> Venta=213800 [ok]
[3448/10892] JC PROGRAMMER SOPORTE DE REPARACION PARA  : Costo=186952 R=274584 -> Venta=215000 [ok]
[3449/10892] JC PROGRAMMER PLATAFORMA DE OPERACION PA  : Costo=147691 R=216921 -> Venta=169800 [ok]
[3450/10892] JC PROGRAMMER SOPORTE PARA LA REPARACION  : Costo=132711 R=194917 -> Venta=152600 [ok]
[3451/10892] JC PROGRAMMER SOPORTE PARA LA REPARACION  : Costo=92417 R=137183 -> Venta=110900 [ok]
[3452/10892] JC PROGRAMMER SOPORTE PARA REPARACION DE  : Costo=73820 R=109578 -> Venta=88600 [ok]
[3453/10892] JC PROGRAMMER SOPORTE PARA REPARACION DE  : Costo=96550 R=143317 -> Venta=115900 [ok]
[3454/10892] JC PROGRAMMER SOPORTE PARA REPARACION DE  : Costo=96550 R=143317 -> Venta=115900 [ok]
[3455/10892] JC PROGRAMMER SOPORTE PARA REPARACION DE  : Costo=55223 R=81972 -> Venta=66300 [ok]
[3456/10892] JC PROGRAMMER SOPORTE PARA REPARACION DE  : Costo=90557 R=134422 -> Venta=108700 [ok]
[3457/10892] JC PROGRAMMER SOPORTE PARA REPARACION DE  : Costo=90557 R=134422 -> Venta=108700 [ok]
[3458/10892] JC PROGRAMMER SOPORTE PARA REPARACION DE  : Costo=96550 R=141807 -> Venta=115900 [ok]
[3459/10892] JC PROGRAMMER SOPORTE PARA REPARACION DE  : Costo=100682 R=149452 -> Venta=115800 [ok]
[3460/10892] JC PROGRAMMER SOPORTE DE REPARACION PARA  : Costo=120364 R=178667 -> Venta=138400 [ok]
[3461/10892] JC PROGRAMMER SOPORTE DE PRUEBA PARA TAR  : Costo=214847 R=318917 -> Venta=247100 [ok]
[3462/10892] JC PROGRAMMER SOPORTE DE REPARACION PARA  : Costo=120364 R=178667 -> Venta=138400 [ok]
[3463/10892] SUNSHINE LAMPARA LED CON ORGANIZADOR A80  : Costo=5634 R=8732 -> Venta=8600 [ok]
[3464/10892] SUNSHINE MICROSCOPIO CON LAMPARA LED SZM  : Costo=203026 R=396536 -> Venta=233500 [ok]
[3465/10892] SUNSHINE MICROSCOPIO SZM1490-B8SL SUNSHI  : Costo=270705 R=418755 -> Venta=311300 [ok]
[3466/10892] SUNSHINE MESA MUEBLE DE TRABAJO SS-019 S  : Costo=201416 R=311571 -> Venta=231600 [ok]
[3467/10892] quick ESTACION DE CALOR BLOWER 850A QUIC  : Costo=63921 R=124846 -> Venta=76700 [ok]
[3468/10892] quick ESTACION COMPLETA BLOWER CAUTIN 70  : Costo=122371 R=179731 -> Venta=140700 [ok]
[3469/10892] SUNSHINE CAMARA PARA MICROSCOPIO HDMI 10  : Costo=196250 R=303580 -> Venta=225700 [ok]
[3470/10892] SUNSHINE LENTE CON HOLDER PARA MONTAR LA  : Costo=28432 R=43981 -> Venta=34100 [ok]
[3471/10892] SUNSHINE CAMARA HDMI CON HOLDER PARA MIC  : Costo=208263 R=322162 -> Venta=239500 [ok]
[3472/10892] quick ESTACION PARA SOLDAR CAUTIN 936A Q  : Costo=41724 R=61282 -> Venta=50100 [ok]
[3473/10892] quick ESTACION PARA SOLDAR CAUTIN 936E Q  : Costo=52419 R=75376 -> Venta=62900 [ok]
[3474/10892] SUNSHINE PASTA TERMICA PARA PROCESADORES  : Costo=1295 R=1824 -> Venta=2800 [ok]
[3475/10892] SUNSHINE ADAPTADOR CARGADOR SS-304D SUNS  : Costo=9070 R=13247 -> Venta=12100 [ok]
[3476/10892] quick PUNTA CAUTIN TS1200A QUICK TSS02-J  : Costo=7336 R=10270 -> Venta=10300 [ok]
[3477/10892] SUNSHINE PORTA CABLE PARA PUESTES DE COB  : Costo=9764 R=15104 -> Venta=12800 [ok]
[3478/10892] SUNSHINE ESPONJA 1042 SUNSHINE            : Costo=1133 R=1579 -> Venta=2600 [ok]
[3479/10892] SUNSHINE REPUESTO HERRAMIENTA PARA REPAR  : Costo=1416 R=2194 -> Venta=2900 [ok]
[3480/10892] SUNSHINE HERRAMIENTA PARA REPARAR SS-101  : Costo=2438 R=4063 -> Venta=3900 [ok]
[3481/10892] SUNSHINE CINTA ADHESIVA DOBLE CARA SUNSH  : Costo=312 R=435 -> Venta=1800 [ok]
[3482/10892] quick CABEZA TERMINAL METALICAS PARA EST  : Costo=9247 R=13582 -> Venta=12200 [ok]
[3483/10892] SUNSHINE DESTORNILLADOR 7395A SUNSHINE    : Costo=3138 R=4332 -> Venta=4600 [ok]
[3484/10892] VICTOR MULTIMETRO TESTER VICTOR 890E VIC  : Costo=14077 R=20198 -> Venta=17600 [ok]
[3485/10892] SUNSHINE ALICATE MULTIFUNCIONAL PJ1010 J  : Costo=7430 R=14511 -> Venta=10400 [ok]
[3486/10892] VICTOR MULTIMETRO TESTER PINZA VICTOR 60  : Costo=7961 R=13252 -> Venta=11000 [ok]
[3487/10892] SUNSHINE PRENSA PARA TARJETA MADRE Y SOL  : Costo=24930 R=37953 -> Venta=29900 [ok]
[3488/10892] SUNSHINE DETECTOR USB DE TENSION VOLTAJE  : Costo=4184 R=5742 -> Venta=5700 [ok]
[3489/10892] SUNSHINE MICROSCOPIO CON LAMPARA LED MS8  : Costo=169019 R=261455 -> Venta=194400 [ok]
[3490/10892] SUNSHINE DESTORNILLADOR ELECTRICO SUNSHI  : Costo=27318 R=41345 -> Venta=32800 [ok]
[3491/10892] SUNSHINE PINZA SUNSHINE ST-14             : Costo=1981 R=2832 -> Venta=3500 [ok]
[3492/10892] SUNSHINE DESTORNILLADOR SS-719 SUNSHINE   : Costo=2330 R=3604 -> Venta=3800 [ok]
[3493/10892] SUNSHINE DESTORNILLADOR SS-719 SUNSHINE   : Costo=2330 R=3604 -> Venta=3800 [ok]
[3494/10892] SUNSHINE DESTORNILLADOR SS-719 SUNSHINE   : Costo=2380 R=3682 -> Venta=3900 [ok]
[3495/10892] SUNSHINE PULSERA ANTIESTATICA SUNSHINE    : Costo=564 R=886 -> Venta=2100 [ok]
[3496/10892] quick ESTACION PARA SOLDAR CAUTIN 236 QU  : Costo=97973 R=143897 -> Venta=117600 [ok]
[3497/10892] quick ESTACION DE CALOR BLOWER 2008 QUIC  : Costo=81049 R=119039 -> Venta=97300 [ok]
[3498/10892] quick ESTACION DE CALOR BLOWER 858D QUIC  : Costo=72268 R=100932 -> Venta=86700 [ok]
[3499/10892] quick ESTACION COMPLETA BLOWER CAUTIN 70  : Costo=71996 R=105937 -> Venta=86400 [ok]
[3500/10892] SUNSHINE ESTACION PARA SOLDAR BGA SMD IC  : Costo=2695049 R=4192407 -> Venta=3099300 [ok]
[3501/10892] SUNSHINE MESA DE TRABAJO SILICON SS-004E  : Costo=9684 R=14230 -> Venta=12700 [ok]
[3502/10892] quick ESTACION DE CALOR BLOWER 861DW QUI  : Costo=262911 R=386148 -> Venta=302300 [ok]
[3503/10892] SUNSHINE DOCK TEST PROBADOR DE BATERIA P  : Costo=542 R=840 -> Venta=2000 [ok]
[3504/10892] SUNSHINE DOCK TEST PROBADOR DE BATERIA P  : Costo=542 R=840 -> Venta=2000 [ok]
[3505/10892] SUNSHINE REPUESTO CONTROLADOR DE TEMPERA  : Costo=5564 R=8606 -> Venta=8600 [ok]
[3506/10892] SUNSHINE BASE PARA REPARAR BOTON HOME IP  : Costo=24745 R=36731 -> Venta=29700 [ok]
[3507/10892] SUNSHINE PRENSA PARA TARJETAS MADRES DE   : Costo=19374 R=27446 -> Venta=24200 [ok]
[3508/10892] SUNSHINE CABLE PODER BATERIA IC CARGADOR  : Costo=4437 R=6864 -> Venta=5900 [ok]
[3509/10892] SUNSHINE CABLE PARA MULTIMETRO SS-024 SU  : Costo=1211 R=2268 -> Venta=2700 [ok]
[3510/10892] SUNSHINE MULTIMETRO TESTER DT-890N SUNSH  : Costo=15327 R=21590 -> Venta=19200 [ok]
[3511/10892] JAKEMY ORGANIZADOR JAKEMY JM-508 JAKEMY   : Costo=4105 R=6841 -> Venta=5600 [ok]
[3512/10892] SUNSHINE MICROSCOPIO CON LAMPARA Y CAMAR  : Costo=552665 R=854918 -> Venta=635600 [ok]
[3513/10892] SUNSHINE HOLDER CLIP PARA EXTRACTOR DE A  : Costo=12347 R=19099 -> Venta=15400 [ok]
[3514/10892] SUNSHINE JUEGO DE PALETA HERRAMIENTA DE   : Costo=603 R=1008 -> Venta=2100 [ok]
[3515/10892] SUNSHINE MESA DE TRABAJO CON VENTILADOR   : Costo=56611 R=87571 -> Venta=67900 [ok]
[3516/10892] SUNSHINE MICROSCOPIO CON LAMPARA LED SZM  : Costo=392551 R=607239 -> Venta=451400 [ok]
[3517/10892] SUNSHINE LAMPARA LED PARA MICROSCOPIO TY  : Costo=7113 R=13892 -> Venta=10100 [ok]
[3518/10892] SUNSHINE MICROSCOPIO CON LAMPARA LED MS1  : Costo=440077 R=680756 -> Venta=506100 [ok]
[3519/10892] SUNSHINE JUEGO DESTORNILLADOR SS-5112 SU  : Costo=8627 R=13346 -> Venta=11600 [ok]
[3520/10892] SUNSHINE MICROSCOPIO CON LAMPARA LED ST6  : Costo=175363 R=271269 -> Venta=201700 [ok]
[3521/10892] SUNSHINE MICROSCOPIO CON LAMPARA LED SZM  : Costo=63920 R=63920 -> Venta=76700 [ok]
[3522/10892] SUNSHINE JUEGO DESTORNILLADOR SS-5110 SU  : Costo=5635 R=10532 -> Venta=8600 [ok]
[3523/10892] SUNSHINE LAMINADORA MAQUINA AUTOMATICA P  : Costo=502067 R=776648 -> Venta=577400 [ok]
[3524/10892] SUNSHINE LAMINADORA MAQUINA AUTOMATICA 3  : Costo=398750 R=616828 -> Venta=458600 [ok]
[3525/10892] SUNSHINE LAMINADORA MAQUINA MANUAL PARA   : Costo=108431 R=167732 -> Venta=124700 [ok]
[3526/10892] SUNSHINE MULTIMETRO TESTER DIGITAL DT-17  : Costo=15926 R=31056 -> Venta=19900 [ok]
[3527/10892] SUNSHINE REPUESTO BOMBILLO LEC LAMPARA U  : Costo=882 R=1294 -> Venta=2400 [ok]
[3528/10892] quick REPUESTO CAUTIN TS1100 QUICK        : Costo=16800 R=24675 -> Venta=21000 [ok]
[3529/10892] JAKEMY JUEGO DESTORNILLADOR Y CUBOS JAKE  : Costo=13566 R=20137 -> Venta=17000 [ok]
[3530/10892] MECHANIC SOLDADURA PASTA XG-50 MECHANIC   : Costo=2489 R=3608 -> Venta=4000 [ok]
[3531/10892] SUNSHINE DESTORNILLADOR SS-5102 SUNSHINE  : Costo=8022 R=11074 -> Venta=11000 [ok]
[3532/10892] quick PUNTA CAUTIN TS1200A QUICK TSS02-I  : Costo=5993 R=8390 -> Venta=9000 [ok]
[3533/10892] SUNSHINE REPUESTO BOMBILLO LEC LAMPARA S  : Costo=1509 R=2213 -> Venta=3000 [ok]
[3534/10892] SUNSHINE DESTORNILLADOR SS-710 SUNSHINE   : Costo=864 R=1336 -> Venta=2400 [ok]
[3535/10892] SUNSHINE DESTORNILLADOR SS-710 SUNSHINE   : Costo=864 R=1336 -> Venta=2400 [ok]
[3536/10892] RELIFE SOLDADURA RL-440 RELIFE 0.6        : Costo=1044 R=1589 -> Venta=2500 [ok]
[3537/10892] RELIFE SOLDADURA RL-440 RELIFE 0.5        : Costo=1044 R=1589 -> Venta=2500 [ok]
[3538/10892] RELIFE SOLDADURA RL-440 RELIFE 0.3        : Costo=922 R=1404 -> Venta=2400 [ok]
[3539/10892] SUNSHINE FLUX PASTA UV SUNSHINE RMA-228   : Costo=2295 R=3557 -> Venta=3800 [ok]
[3540/10892] SUNSHINE SOPORTE PARA CAUTINBLOWER MULTI  : Costo=14413 R=22295 -> Venta=18000 [ok]
[3541/10892] SUNSHINE DISPENSADOR PRENZA PARA GOMA UV  : Costo=7181 R=11108 -> Venta=10200 [ok]
[3542/10892] SUNSHINE CORTADORA DE SIM NOOSY NANO MIC  : Costo=4081 R=6313 -> Venta=5600 [ok]
[3543/10892] SUNSHINE LAMPARA CLIP SS-198 SUNSHINE     : Costo=38680 R=75547 -> Venta=46400 [ok]
[3544/10892] SUNSHINE DESTORNILLADOR SS-5105 SUNSHINE  : Costo=16479 R=25492 -> Venta=20600 [ok]
[3545/10892] SUNSHINE ORGANIZADOR MAGNETICO PARA DEST  : Costo=3255 R=5035 -> Venta=4800 [ok]
[3546/10892] JAKEMY IMANTADOR DESIMANTADOR JAKEMY JM-  : Costo=1702 R=2460 -> Venta=3200 [ok]
[3547/10892] RELIFE JUEGO DE PALETA HERRAMIENTA DE SE  : Costo=1835 R=2564 -> Venta=3300 [ok]
[3548/10892] SUNSHINE DESTORNILLADOR SS-717 SUNSHINE   : Costo=3358 R=5195 -> Venta=4900 [ok]
[3549/10892] SUNSHINE DESTORNILLADOR SS-717 SUNSHINE   : Costo=3358 R=5195 -> Venta=4900 [ok]
[3550/10892] SUNSHINE DESTORNILLADOR SS-717 SUNSHINE   : Costo=3358 R=5195 -> Venta=4900 [ok]
[3551/10892] SUNSHINE DESTORNILLADOR SS-717 SUNSHINE   : Costo=3358 R=5195 -> Venta=4900 [ok]
[3552/10892] SUNSHINE DESTORNILLADOR SS-717 SUNSHINE   : Costo=3358 R=5195 -> Venta=4900 [ok]
[3553/10892] SUNSHINE MALLA PARA DESOLDAR SS-2015 SUN  : Costo=438 R=612 -> Venta=1900 [ok]
[3554/10892] quick PUNTA CAUTIN 936 QUICK Q-T-K CUADR  : Costo=1124 R=1571 -> Venta=2600 [ok]
[3555/10892] quick PUNTA CAUTIN 936 QUICK Q-T-0.5C FI  : Costo=7780 R=10892 -> Venta=10800 [ok]
[3556/10892] quick PINZA QUICK QA-11                   : Costo=3627 R=5326 -> Venta=5100 [ok]
[3557/10892] quick PINZA QUICK QA-15                   : Costo=4192 R=6157 -> Venta=5700 [ok]
[3558/10892] JAKEMY VENTOSA PARA DESAMBLAR LCD DE CEL  : Costo=3302 R=4630 -> Venta=4800 [ok]
[3559/10892] RELIFE JUEGO DE PALETA HERRAMIENTA DE SE  : Costo=864 R=1357 -> Venta=2400 [ok]
[3560/10892] SUNSHINE MESA DE TRABAJO SILICON SS-004B  : Costo=5069 R=7842 -> Venta=8100 [ok]
[3561/10892] SUNSHINE JUEGO HERRAMIENTAS MULTIFUNCION  : Costo=2756 R=3837 -> Venta=4300 [ok]
[3562/10892] SUNSHINE JUEGO DESTORNILLADOR SS-5103 SU  : Costo=3329 R=5149 -> Venta=4800 [ok]
[3563/10892] SUNSHINE JUEGO DESTORNILLADOR SS-5103 SU  : Costo=2389 R=3977 -> Venta=3900 [ok]
[3564/10892] SUNSHINE PINZA VETUS SUNSHINE SS-JP 1     : Costo=8731 R=13505 -> Venta=11700 [ok]
[3565/10892] SUNSHINE PINZA VETUS SUNSHINE 5SA-JP 14   : Costo=8731 R=13505 -> Venta=11700 [ok]
[3566/10892] SUNSHINE ALICATE SS-109 SUNSHINE          : Costo=1032 R=1516 -> Venta=2500 [ok]
[3567/10892] SUNSHINE JUEGO DE PALETA HERRAMIENTA DE   : Costo=1263 R=1957 -> Venta=2800 [ok]
[3568/10892] SUNSHINE LIMPIADOR PUNTA CAUTIN SUNSHINE  : Costo=1623 R=2287 -> Venta=3100 [ok]
[3569/10892] SUNSHINE CINTA ADHESIVA AISLANTE SUNSHIN  : Costo=1648 R=2306 -> Venta=3100 [ok]
[3570/10892] RELIFE AGUA DE LAVADO IGNIFUGA RL-1000E   : Costo=3235 R=4852 -> Venta=4700 [ok]
[3571/10892] SUNSHINE FLUX PASTA SUNSHINE SS-150       : Costo=1203 R=1361 -> Venta=2700 [ok]
[3572/10892] quick ESTACION COMPLETA BLOWER CAUTIN 70  : Costo=69202 R=101826 -> Venta=83000 [ok]
[3573/10892] quick ESTACION DE CALOR BLOWER 857DW+ QU  : Costo=90839 R=133419 -> Venta=109000 [ok]
[3574/10892] quick ESTACION DE CALOR BLOWER TR1300A Q  : Costo=333670 R=495116 -> Venta=383700 [ok]
[3575/10892] quick ESTACION PARA SOLDAR CAUTIN 203H Q  : Costo=154924 R=227543 -> Venta=178200 [ok]
[3576/10892] SUNSHINE ESTACION PARA SOLDAR CAUTIN POR  : Costo=2686 R=4068 -> Venta=4200 [ok]
[3577/10892] SUNSHINE ESTACION PARA SOLDAR CAUTIN POR  : Costo=3475 R=4915 -> Venta=5000 [ok]
[3578/10892] SUNSHINE ESTACION PARA SOLDAR CAUTIN POR  : Costo=3064 R=5131 -> Venta=4600 [ok]
[3579/10892] quick ESTACION PARA SOLDAR CAUTIN TS1200  : Costo=130665 R=191912 -> Venta=150300 [ok]
[3580/10892] SUNSHINE PLANCHA DE CALEFACION DIGITAL P  : Costo=371888 R=575275 -> Venta=427700 [ok]
[3581/10892] SUNSHINE PALETA HERRAMIENTA DE SEPARACI&  : Costo=215 R=340 -> Venta=1700 [ok]
[3582/10892] SUNSHINE FUENTE DE PODER ALIMENTACION SS  : Costo=52804 R=75434 -> Venta=63400 [ok]
[3583/10892] SUNSHINE FUENTE DE PODER ALIMENTACION P-  : Costo=64170 R=125332 -> Venta=77000 [ok]
[3584/10892] SUNSHINE FUENTE DE PODER ALIMENTACION P-  : Costo=37115 R=55920 -> Venta=44500 [ok]
[3585/10892] SUNSHINE MICROSCOPIO CON LAMPARA LED SZM  : Costo=216913 R=335544 -> Venta=249400 [ok]
[3586/10892] SUNSHINE MICROSCOPIO CON LAMPARA LED ST6  : Costo=154924 R=239651 -> Venta=178200 [ok]
[3587/10892] SUNSHINE MICROSCOPIO CON LAMPARA LED SZM  : Costo=308169 R=476708 -> Venta=354400 [ok]
[3588/10892] SUNSHINE DETECTOR USB DE TENSION VOLTAJE  : Costo=2463 R=3810 -> Venta=4000 [ok]
[3589/10892] SUNSHINE PROBADOR CARGADOR BATERIAS XIAO  : Costo=9557 R=14784 -> Venta=12600 [ok]
[3590/10892] SUNSHINE ORGANIZADOR CAJA DE ALMACENAJE   : Costo=4081 R=6313 -> Venta=5600 [ok]
[3591/10892] ZHANLIDA GOMA PARA REPARACION B-7000 ZHA  : Costo=861 R=1266 -> Venta=2400 [ok]
[3592/10892] SUNSHINE PLANCHA DE CALEFACION DIGITAL P  : Costo=103834 R=160620 -> Venta=119400 [ok]
[3593/10892] SUNSHINE PLANCHA DE CALEFACION DIGITAL P  : Costo=61731 R=95491 -> Venta=74100 [ok]
[3594/10892] SUNSHINE PLANCHA DE CALEFACION DIGITAL P  : Costo=56339 R=82112 -> Venta=67600 [ok]
[3595/10892] SUNSHINE MICROSCOPIO CON LAMPARA LED ST6  : Costo=144841 R=282893 -> Venta=166600 [ok]
[3596/10892] SUNSHINE PROBADOR CARGADOR BATERIAS SS-9  : Costo=11657 R=17838 -> Venta=14700 [ok]
[3597/10892] SUNSHINE LAMPARA LED DE CLIP SS-803 SUNS  : Costo=10175 R=18963 -> Venta=13200 [ok]
[3598/10892] SUNSHINE LAMPARA LED DE CLIP SS-802 SUNS  : Costo=5329 R=8260 -> Venta=8300 [ok]
[3599/10892] SUNSHINE PLANCHA DE CALEFACION DIGITAL P  : Costo=46500 R=71930 -> Venta=55800 [ok]
[3600/10892] SUNSHINE LAVADORA ULTRASONICA PROFESIONA  : Costo=14482 R=20880 -> Venta=18100 [ok]
[3601/10892] SUNSHINE SISTEMA DE REFRIGERACION DE CON  : Costo=16479 R=25492 -> Venta=20600 [ok]
[3602/10892] SUNSHINE TOALLA PARA LIMPIAR SUNSHINE 10  : Costo=4268 R=6601 -> Venta=5800 [ok]
[3603/10892] SUNSHINE MULTIMETRO TESTER DIGITAL DT-92  : Costo=5827 R=11377 -> Venta=8800 [ok]
[3604/10892] SUNSHINE LAMPARA UV SS-003 SUNSHINE       : Costo=2380 R=3329 -> Venta=3900 [ok]
[3605/10892] SUNSHINE MESA DE TRABAJO SILICON SUNSHIN  : Costo=3772 R=5834 -> Venta=5300 [ok]
[3606/10892] SUNSHINE REMOVEDOR LIMPIADOR DE GOMA UV   : Costo=3118 R=4311 -> Venta=4600 [ok]
[3607/10892] SUNSHINE CABLE PARA FUENTE DE PODER 401   : Costo=1911 R=2661 -> Venta=3400 [ok]
[3608/10892] SUNSHINE CABLE PARA FUENTE DE PODER SS-9  : Costo=758 R=1112 -> Venta=2300 [ok]
[3609/10892] quick ESTACION DE CALOR BLOWER PORTATIL   : Costo=99133 R=145600 -> Venta=119000 [ok]
[3610/10892] SUNSHINE MESA DE TRABAJO SILICON SUNSHIN  : Costo=6233 R=6233 -> Venta=9200 [ok]
[3611/10892] SUNSHINE MICROSCOPIO CON LAMPARA LED MS8  : Costo=135370 R=209404 -> Venta=155700 [ok]
[3612/10892] SUNSHINE GOMA PARA REPARACION B-7000 ZHA  : Costo=965 R=1348 -> Venta=2500 [ok]
[3613/10892] AMELY CONECTOR RJ45 CAT5E                 : Costo=1407 R=1969 -> Venta=2900 [ok]
[3614/10892] n/a PROBADOR CARGADOR BATERIAS KAISI K-9  : Costo=15446 R=22928 -> Venta=19300 [ok]
[3615/10892] PRENSA PARA PLACAS DE CELULARES NEGRA     : Costo=25382 R=37676 -> Venta=30500 [ok]
[3616/10892] SUNSHINE REMOVEDOR LIMPIADOR DE GOMA UV   : Costo=3873 R=5991 -> Venta=5400 [ok]
[3617/10892] SUNSHINE CINTA ADHESIVA AISLANTE SUNSHIN  : Costo=553 R=774 -> Venta=2100 [ok]
[3618/10892] SUNSHINE CINTA ADHESIVA DOBLE CARA SUNSH  : Costo=1694 R=2367 -> Venta=3200 [ok]
[3619/10892] SUNSHINE CINTA ADHESIVA DOBLE CARA SUNSH  : Costo=721 R=1009 -> Venta=2200 [ok]
[3620/10892] SUNSHINE CINTA ADHESIVA AISLANTE SUNSHIN  : Costo=969 R=1357 -> Venta=2500 [ok]
[3621/10892] SUNSHINE CINTA ADHESIVA AISLANTE SUNSHIN  : Costo=1358 R=1900 -> Venta=2900 [ok]
[3622/10892] SUNSHINE CINTA ADHESIVA DOBLE CARA SUNSH  : Costo=1856 R=2593 -> Venta=3400 [ok]
[3623/10892] SUNSHINE CINTA ADHESIVA DOBLE CARA SUNSH  : Costo=1249 R=1748 -> Venta=2700 [ok]
[3624/10892] EXTRACTOR VENTILADOR ABSORBEDOR DE HUMO   : Costo=18546 R=27529 -> Venta=23200 [ok]
[3625/10892] BAKU DESTORNILLADOR BAKU BK-350 + 2.5     : Costo=4081 R=6058 -> Venta=5600 [ok]
[3626/10892] BAKU DESTORNILLADOR BAKU BK-350 *1.2      : Costo=4081 R=6058 -> Venta=5600 [ok]
[3627/10892] SUNSHINE CINTA ADHESIVA DOBLE CARA SUNSH  : Costo=916 R=1280 -> Venta=2400 [ok]
[3628/10892] SUNSHINE PLANCHA DE CALEFACION DIGITAL P  : Costo=367755 R=568882 -> Venta=422900 [ok]
[3629/10892] BAKU DESTORNILLADOR BAKU BK-340 -2.0      : Costo=4081 R=6058 -> Venta=5600 [ok]
[3630/10892] BAKU DESTORNILLADOR BAKU BK-340 T3        : Costo=4081 R=6058 -> Venta=5600 [ok]
[3631/10892] BAKU DESTORNILLADOR BAKU BK-340 *T5       : Costo=4081 R=6058 -> Venta=5600 [ok]
[3632/10892] BAKU DESTORNILLADOR BAKU BK-350 *T2       : Costo=4081 R=6058 -> Venta=5600 [ok]
[3633/10892] BAKU DESTORNILLADOR BAKU BK-340 * 0.8     : Costo=4081 R=6058 -> Venta=5600 [ok]
[3634/10892] SUNSHINE LAPIZ GOMA NO 7011 SUNSHINE      : Costo=1240 R=1918 -> Venta=2700 [ok]
[3635/10892] CABLE PARA PUENTES 0,01MM                 : Costo=224 R=358 -> Venta=1700 [ok]
[3636/10892] BAKU ALICATE BK-021 BAKU                  : Costo=3458 R=5040 -> Venta=5000 [ok]
[3637/10892] BAKU CORTADORA SIM DOBLE BK-7299          : Costo=3048 R=4525 -> Venta=4500 [ok]
[3638/10892] SUNSHINE PULSERA ANTIESTATICA SUNSHINE    : Costo=484 R=847 -> Venta=2000 [ok]
[3639/10892] AMELY CABLE PARA FUENTE DE PODER COMPUTA  : Costo=833 R=1067 -> Venta=2300 [ok]
[3640/10892] AMELY CABLE OCHO PARA RADIO GRABADORA AD  : Costo=535 R=619 -> Venta=2000 [ok]
[3641/10892] APPLE FLEX RACK DE CARGA IPHONE 11 A2221  : Costo=3528 R=8492 -> Venta=5000 [ok]
[3642/10892] HONOR TAPA HONOR HONOR X8B NEGRA CON MAR  : Costo=4172 R=5364 -> Venta=5700 [ok]
[3643/10892] APPLE FLEX ANTENA GPS WIFI BLUETOOTH IPA  : Costo=4078 R=9818 -> Venta=5600 [ok]
[3644/10892] Samsung FLEX TIMBRE SAMSUNG GALAXY CORE   : Costo=1497 R=3604 -> Venta=3000 [ok]
[3645/10892] Samsung LENTE CAMARA SAMSUNG GALAXY S5 G  : Costo=1239 R=2983 -> Venta=2700 [ok]
[3646/10892] Samsung LENTE CAMARA SAMSUNG GALAXY S5 G  : Costo=1239 R=2983 -> Venta=2700 [ok]
[3647/10892] Lg LENTE CAMARA LG G3 D855 D850 D852 D85  : Costo=2530 R=6090 -> Venta=4000 [ok]
[3648/10892] Samsung FLEX CAMARA FRONTAL SAMSUNG GALA  : Costo=3562 R=8575 -> Venta=5100 [ok]
[3649/10892] APPLE FLEX BOTON ENCENDIDO VOLUMEN IPAD   : Costo=2530 R=6090 -> Venta=4000 [ok]
[3650/10892] Samsung FLEX BOTON ENCENDIDO SAMSUNG GAL  : Costo=2013 R=4847 -> Venta=3500 [ok]
[3651/10892] Samsung FLEX BOTON ENCENDIDO AURICULAR M  : Costo=3046 R=7332 -> Venta=4500 [ok]
[3652/10892] Samsung FLEX LECTOR SIM MICRO SD SAMSUNG  : Costo=1704 R=4101 -> Venta=3200 [ok]
[3653/10892] APPLE FLEX LECTOR SIM JACK AUDIO IPAD 2   : Costo=2530 R=6090 -> Venta=4000 [ok]
[3654/10892] Samsung LAPIZ SAMSUNG GALAXY NOTE 4 N910  : Costo=2375 R=5717 -> Venta=3900 [ok]
[3655/10892] Samsung LAPIZ SAMSUNG GALAXY NOTE 4 N910  : Costo=1444 R=3108 -> Venta=2900 [ok]
[3656/10892] APPLE FLEX JACK AUDIO VOLUMEN MICR&Oacut  : Costo=3046 R=7332 -> Venta=4500 [ok]
[3657/10892] APPLE FLEX BOTON HOME SENSOR HUELLA IPHO  : Costo=688 R=1655 -> Venta=2200 [ok]
[3658/10892] Samsung JUEGO BANDEJA SIM MICRO SD SAMSU  : Costo=1807 R=4350 -> Venta=3300 [ok]
[3659/10892] HUAWEI TAPA HUAWEI Y6 2019 AZUL SIN MARC  : Costo=3067 R=7384 -> Venta=4600 [ok]
[3660/10892] HONOR TAPA HONOR X7C NEGRA CON MARCO      : Costo=5599 R=12778 -> Venta=8600 [ok]
[3661/10892] HONOR TAPA HONOR X6B NEGRA CON MARCO      : Costo=4456 R=5941 -> Venta=6000 [ok]
[3662/10892] HONOR TAPA HONOR X6A NEGRA CON MARCO      : Costo=4456 R=5941 -> Venta=6000 [ok]
[3663/10892] HONOR TAPA HONOR HONOR X5 PLUS VERDE CON  : Costo=3745 R=4815 -> Venta=5200 [ok]
[3664/10892] HUAWEI TAPA HUAWEI MATE 30 PRO NEGRA SIN  : Costo=3824 R=9207 -> Venta=5300 [ok]
[3665/10892] HUAWEI TAPA HUAWEI MATE 30 LITE AZUL SIN  : Costo=3824 R=9207 -> Venta=5300 [ok]
[3666/10892] HUAWEI TAPA HUAWEI MATE 30 VERDE SIN MAR  : Costo=3824 R=9207 -> Venta=5300 [ok]
[3667/10892] XIAOMI TAPA XIAOMI 14T PRO NEGRA CON MAR  : Costo=13947 R=31831 -> Venta=17400 [ok]
[3668/10892] Samsung TAPA SAMSUNG GALAXY A55 AZUL NAV  : Costo=12894 R=30963 -> Venta=16100 [ok]
[3669/10892] Samsung TAPA SAMSUNG GALAXY A35 AZUL NAV  : Costo=5611 R=13473 -> Venta=8600 [ok]
[3670/10892] Samsung TAPA SAMSUNG GALAXY A25 NEGRA CO  : Costo=7768 R=18654 -> Venta=10800 [ok]
[3671/10892] Samsung TAPA SAMSUNG GALAXY A01 AZUL CON  : Costo=2164 R=4939 -> Venta=3700 [ok]
[3672/10892] Samsung TAPA SAMSUNG GALAXY A01 NEGRA CO  : Costo=2164 R=4939 -> Venta=3700 [ok]
[3673/10892] Samsung TAPA SAMSUNG GALAXY A01 ROJA CON  : Costo=2164 R=4939 -> Venta=3700 [ok]
[3674/10892] APPLE TORNILLOS EXTERNOS X XR XS XSM 11   : Costo=316 R=693 -> Venta=1800 [ok]
[3675/10892] XIAOMI TIMBRE REDMI A3 A1 A2 PLUS A3 A3X  : Costo=630 R=420 -> Venta=2100 [ok]
[3676/10892] XIAOMI TIMBRE PARLANTE XIAOMI REDMI NOTE  : Costo=2379 R=5129 -> Venta=3900 [ok]
[3677/10892] XIAOMI TIMBRE PARLANTE XIAOMI REDMI NOTE  : Costo=1379 R=1260 -> Venta=2900 [ok]
[3678/10892] XIAOMI TIMBRE PARLANTE XIAOMI REDMI 13 4  : Costo=3036 R=6528 -> Venta=4500 [ok]
[3679/10892] XIAOMI TIMBRE PARLANTE XIAOMI REDMI 12 4  : Costo=1421 R=3055 -> Venta=2900 [ok]
[3680/10892] XIAOMI TIMBRE PARLANTE XIAOMI POCO X5 5G  : Costo=1912 R=4112 -> Venta=3400 [ok]
[3681/10892] XIAOMI TIMBRE PARLANTE XIAOMI POCO X5 4G  : Costo=1379 R=2966 -> Venta=2900 [ok]
[3682/10892] XIAOMI TIMBRE PARLANTE XIAOMI POCO M4 PO  : Costo=1518 R=3264 -> Venta=3000 [ok]
[3683/10892] Samsung TIMBRE PARLANTE SAMSUNG GALAXY S  : Costo=5352 R=7136 -> Venta=8400 [ok]
[3684/10892] Samsung TIMBRE PARLANTE SAMSUNG GALAXY S  : Costo=2641 R=5678 -> Venta=4100 [ok]
[3685/10892] Samsung TIMBRE PARLANTE SAMSUNG GALAXY S  : Costo=1847 R=3971 -> Venta=3300 [ok]
[3686/10892] Samsung TIMBRE PARLANTE SAMSUNG GALAXY S  : Costo=1921 R=4130 -> Venta=3400 [ok]
[3687/10892] Samsung TIMBRE PARLANTE SAMSUNG GALAXY N  : Costo=2771 R=5956 -> Venta=4300 [ok]
[3688/10892] Samsung TIMBRE PARLANTE SAMSUNG GALAXY A  : Costo=1736 R=3733 -> Venta=3200 [ok]
[3689/10892] Samsung TIMBRE PARLANTE SAMSUNG GALAXY A  : Costo=1291 R=2782 -> Venta=2800 [ok]
[3690/10892] Samsung TIMBRE PARLANTE SAMSUNG GALAXY A  : Costo=1953 R=4199 -> Venta=3500 [ok]
[3691/10892] Samsung TIMBRE PARLANTE SAMSUNG GALAXY A  : Costo=1373 R=4911 -> Venta=2900 [ok]
[3692/10892] Samsung TIMBRE PARLANTE SAMSUNG GALAXY A  : Costo=1373 R=2959 -> Venta=2900 [ok]
[3693/10892] Samsung TIMBRE PARLANTE SAMSUNG GALAXY A  : Costo=1386 R=2978 -> Venta=2900 [ok]
[3694/10892] Samsung TIMBRE PARLANTE SAMSUNG GALAXY A  : Costo=1085 R=2333 -> Venta=2600 [ok]
[3695/10892] NOKIA TIMBRE PARLANTE NOKIA G10 G20       : Costo=2390 R=5140 -> Venta=3900 [ok]
[3696/10892] NOKIA TIMBRE PARLANTE NOKIA C21 PLUS      : Costo=2379 R=5129 -> Venta=3900 [ok]
[3697/10892] MOTOROLA TIMBRE PARLANTE MOTOROLA G9 PLA  : Costo=1195 R=2570 -> Venta=2700 [ok]
[3698/10892] MOTOROLA TIMBRE PARLANTE MOTOROLA G60S    : Costo=2142 R=4616 -> Venta=3600 [ok]
[3699/10892] MOTOROLA TIMBRE PARLANTE MOTOROLA E6S E6  : Costo=2142 R=4616 -> Venta=3600 [ok]
[3700/10892] HUAWEI TIMBRE PARLANTE HUAWEI NOVA Y71    : Costo=1518 R=3264 -> Venta=3000 [ok]
[3701/10892] HUAWEI TIMBRE PARLANTE HUAWEI NOVA 12 SE  : Costo=717 R=1542 -> Venta=2200 [ok]
[3702/10892] HONOR TIMBRE PARLANTE HONOR X7C HONOR 20  : Costo=1155 R=2482 -> Venta=2700 [ok]
[3703/10892] HONOR TIMBRE PARLANTE HONOR X6S X6 2022   : Costo=1155 R=2482 -> Venta=2700 [ok]
[3704/10892] HONOR TIMBRE PARLANTE HONOR X5B           : Costo=1155 R=1050 -> Venta=2700 [ok]
[3705/10892] HUAWEI TIMBRE NOVA Y61                    : Costo=832 R=1689 -> Venta=2300 [ok]
[3706/10892] NOKIA TIMBRE NOKIA 2730 7210 N70 N80 C2-  : Costo=458 R=987 -> Venta=2000 [ok]
[3707/10892] Samsung TIMBRE A14 4G-5G A145F A146B A10  : Costo=562 R=1211 -> Venta=2100 [ok]
[3708/10892] MOTOROLA TIMBRE A05S A42 MOTO G84 A35     : Costo=1572 R=8367 -> Venta=3100 [ok]
[3709/10892] Samsung TARJETA TACTIL SAMSUNG GALAXY TA  : Costo=12398 R=29851 -> Venta=15500 [ok]
[3710/10892] HUAWEI TARJETA SENSOR PROXIMIDAD HUAWEI   : Costo=2620 R=6662 -> Venta=4100 [ok]
[3711/10892] Samsung TARJETA ANTENA  SAMSUNG GALAXY N  : Costo=6905 R=9864 -> Venta=9900 [ok]
[3712/10892] XIAOMI TAPA XIAOMI REDMI NOTE 14 PRO PLU  : Costo=14318 R=32678 -> Venta=17900 [ok]
[3713/10892] XIAOMI TAPA XIAOMI REDMI NOTE 14 PRO PLU  : Costo=5599 R=12778 -> Venta=8600 [ok]
[3714/10892] XIAOMI TAPA XIAOMI REDMI NOTE 14 PRO PLU  : Costo=5599 R=12778 -> Venta=8600 [ok]
[3715/10892] XIAOMI TAPA XIAOMI REDMI NOTE 13 PRO PLU  : Costo=4556 R=10499 -> Venta=6100 [ok]
[3716/10892] XIAOMI TAPA XIAOMI REDMI NOTE 13 PRO PLU  : Costo=4556 R=10499 -> Venta=6100 [ok]
[3717/10892] XIAOMI TAPA XIAOMI REDMI NOTE 13 5G BLAN  : Costo=4556 R=10499 -> Venta=6100 [ok]
[3718/10892] XIAOMI TAPA XIAOMI REDMI NOTE 13 5G NEGR  : Costo=4556 R=10499 -> Venta=6100 [ok]
[3719/10892] XIAOMI TAPA XIAOMI REDMI NOTE 12 VERDE S  : Costo=2584 R=5953 -> Venta=4100 [ok]
[3720/10892] XIAOMI TAPA XIAOMI REDMI NOTE 12 GRIS SI  : Costo=2584 R=5953 -> Venta=4100 [ok]
[3721/10892] XIAOMI TAPA XIAOMI REDMI NOTE 12 AZUL SI  : Costo=2584 R=5953 -> Venta=4100 [ok]
[3722/10892] XIAOMI TAPA XIAOMI REDMI NOTE 11 PRO 4G   : Costo=2722 R=6273 -> Venta=4200 [ok]
[3723/10892] XIAOMI TAPA XIAOMI REDMI NOTE 11 PRO 4G   : Costo=3678 R=8475 -> Venta=5200 [ok]
[3724/10892] XIAOMI TAPA XIAOMI REDMI NOTE 11 4G CELE  : Costo=3173 R=7241 -> Venta=4700 [ok]
[3725/10892] XIAOMI TAPA XIAOMI REDMI NOTE 11 4G AZUL  : Costo=3173 R=7241 -> Venta=4700 [ok]
[3726/10892] XIAOMI TAPA XIAOMI REDMI NOTE 11 4G GRIS  : Costo=3173 R=7241 -> Venta=4700 [ok]
[3727/10892] XIAOMI TAPA XIAOMI REDMI NOTE 11 4G CELE  : Costo=2386 R=5499 -> Venta=3900 [ok]
[3728/10892] XIAOMI TAPA XIAOMI REDMI NOTE 11 4G AZUL  : Costo=2171 R=5003 -> Venta=3700 [ok]
[3729/10892] XIAOMI TAPA XIAOMI REDMI NOTE 11 4G NEGR  : Costo=2386 R=5499 -> Venta=3900 [ok]
[3730/10892] XIAOMI TAPA XIAOMI REDMI NOTE 10 PRO 4G   : Costo=3132 R=7519 -> Venta=4600 [ok]
[3731/10892] XIAOMI TAPA XIAOMI REDMI NOTE 10 PRO 4G   : Costo=2364 R=3039 -> Venta=3900 [ok]
[3732/10892] XIAOMI TAPA XIAOMI REDMI NOTE 10 PRO 4G   : Costo=2364 R=3039 -> Venta=3900 [ok]
[3733/10892] XIAOMI TAPA XIAOMI REDMI NOTE 10 4G VERD  : Costo=2351 R=5365 -> Venta=3900 [ok]
[3734/10892] XIAOMI TAPA XIAOMI REDMI NOTE 10 4G BLAN  : Costo=2473 R=5644 -> Venta=4000 [ok]
[3735/10892] XIAOMI TAPA XIAOMI REDMI NOTE 10 4G GRIS  : Costo=2616 R=5971 -> Venta=4100 [ok]
[3736/10892] XIAOMI TAPA XIAOMI REDMI NOTE  12 PRO BL  : Costo=3570 R=8226 -> Venta=5100 [ok]
[3737/10892] XIAOMI TAPA XIAOMI REDMI NOTE  12 PRO NE  : Costo=3570 R=8226 -> Venta=5100 [ok]
[3738/10892] XIAOMI TAPA XIAOMI REDMI NOTE  12 PRO AZ  : Costo=3570 R=8226 -> Venta=5100 [ok]
[3739/10892] XIAOMI TAPA XIAOMI REDMI A3 AZUL CON MAR  : Costo=4228 R=9649 -> Venta=5700 [ok]
[3740/10892] XIAOMI TAPA XIAOMI REDMI A3 NEGRA SIN MA  : Costo=1423 R=1897 -> Venta=2900 [ok]
[3741/10892] XIAOMI TAPA XIAOMI REDMI A1 VERDE SIN MA  : Costo=5082 R=11597 -> Venta=8100 [ok]
[3742/10892] XIAOMI TAPA XIAOMI REDMI A1 CELESTE SIN   : Costo=5082 R=11597 -> Venta=8100 [ok]
[3743/10892] XIAOMI TAPA XIAOMI REDMI A1 NEGRA SIN MA  : Costo=3173 R=7241 -> Venta=4700 [ok]
[3744/10892] XIAOMI TAPA XIAOMI REDMI 13C 4G VERDE SI  : Costo=2978 R=6862 -> Venta=4500 [ok]
[3745/10892] XIAOMI TAPA XIAOMI REDMI 13C 4G AZUL SIN  : Costo=2978 R=6862 -> Venta=4500 [ok]
[3746/10892] XIAOMI TAPA XIAOMI REDMI 13C 4G NEGRO SI  : Costo=2978 R=6862 -> Venta=4500 [ok]
[3747/10892] XIAOMI TAPA XIAOMI REDMI 12 AZUL SIN MAR  : Costo=4109 R=9377 -> Venta=5600 [ok]
[3748/10892] XIAOMI TAPA XIAOMI REDMI 12 NEGRA SIN MA  : Costo=1796 R=4098 -> Venta=3300 [ok]
[3749/10892] XIAOMI TAPA XIAOMI REDMI 10C VERDE SIN M  : Costo=3700 R=8444 -> Venta=5200 [ok]
[3750/10892] XIAOMI TAPA XIAOMI REDMI 10C AZUL SIN MA  : Costo=3700 R=8444 -> Venta=5200 [ok]
[3751/10892] XIAOMI TAPA XIAOMI REDMI 10C GRIS SIN MA  : Costo=2987 R=6817 -> Venta=4500 [ok]
[3752/10892] XIAOMI TAPA XIAOMI REDMI 10A GRIS SIN MA  : Costo=3931 R=8971 -> Venta=5400 [ok]
[3753/10892] XIAOMI TAPA XIAOMI REDMI 10A AZUL SIN MA  : Costo=3931 R=8971 -> Venta=5400 [ok]
[3754/10892] XIAOMI TAPA XIAOMI REDMI 10A NEGRA SIN M  : Costo=2987 R=6817 -> Venta=4500 [ok]
[3755/10892] XIAOMI TAPA XIAOMI POCO X4 PRO AMARILLO   : Costo=2237 R=2982 -> Venta=3700 [ok]
[3756/10892] XIAOMI TAPA XIAOMI POCO X4 PRO AZUL SIN   : Costo=4870 R=11223 -> Venta=6400 [ok]
[3757/10892] XIAOMI TAPA XIAOMI POCO X4 PRO NEGRO SIN  : Costo=5646 R=13011 -> Venta=8600 [ok]
[3758/10892] XIAOMI TAPA XIAOMI POCO X4 GT AZUL SIN M  : Costo=3065 R=7063 -> Venta=4600 [ok]
[3759/10892] XIAOMI TAPA XIAOMI POCO X4 GT NEGRA SIN   : Costo=3065 R=7063 -> Venta=4600 [ok]
[3760/10892] XIAOMI TAPA XIAOMI POCO X3 PRO COBRE SIN  : Costo=5584 R=12745 -> Venta=8600 [ok]
[3761/10892] XIAOMI TAPA XIAOMI POCO X3 PRO AZUL SIN   : Costo=3802 R=8678 -> Venta=5300 [ok]
[3762/10892] XIAOMI TAPA XIAOMI POCO X3 PRO NEGRA SIN  : Costo=5584 R=12745 -> Venta=8600 [ok]
[3763/10892] XIAOMI TAPA XIAOMI POCO M3 PRO AZUL SIN   : Costo=3907 R=9407 -> Venta=5400 [ok]
[3764/10892] XIAOMI TAPA XIAOMI POCO M3 PRO NEGRA SIN  : Costo=3907 R=9407 -> Venta=5400 [ok]
[3765/10892] XIAOMI TAPA XIAOMI POCO F3 NEGRA SIN MAR  : Costo=3002 R=6850 -> Venta=4500 [ok]
[3766/10892] XIAOMI TAPA XIAOMI POCO F3 BLANCA SIN MA  : Costo=3002 R=6850 -> Venta=4500 [ok]
[3767/10892] XIAOMI TAPA XIAOMI A2 LITE ROJA           : Costo=4708 R=10849 -> Venta=6200 [ok]
[3768/10892] XIAOMI TAPA XIAOMI A2 LITE ROSADA SIN MA  : Costo=4708 R=10849 -> Venta=6200 [ok]
[3769/10892] XIAOMI TAPA XIAOMI A2 LITE DORADA SIN MA  : Costo=4708 R=10849 -> Venta=6200 [ok]
[3770/10892] XIAOMI TAPA XIAOMI A2 LITE NEGRA SIN MAR  : Costo=4708 R=10849 -> Venta=6200 [ok]
[3771/10892] XIAOMI TAPA XIAOMI A2 LITE AZUL SIN MARC  : Costo=4708 R=10849 -> Venta=6200 [ok]
[3772/10892] XIAOMI TAPA XIAOMI A2 VERDE SIN MARCO     : Costo=5646 R=13011 -> Venta=8600 [ok]
[3773/10892] XIAOMI TAPA XIAOMI A2 NEGRA SIN MARCO     : Costo=5646 R=13011 -> Venta=8600 [ok]
[3774/10892] XIAOMI TAPA XIAOMI A2 AZUL SIN MARCO      : Costo=5646 R=13011 -> Venta=8600 [ok]
[3775/10892] XIAOMI TAPA XIAOMI 14T PRO AZUL SIN MARC  : Costo=3744 R=8544 -> Venta=5200 [ok]
[3776/10892] XIAOMI TAPA XIAOMI 14T PRO NEGRA SIN MAR  : Costo=3744 R=8544 -> Venta=5200 [ok]
[3777/10892] APPLE TAPA XIAOMI 14 VERDE SIN MARCO      : Costo=3187 R=7274 -> Venta=4700 [ok]
[3778/10892] APPLE TAPA XIAOMI 14 BLANCA SIN MARCO     : Costo=3187 R=7274 -> Venta=4700 [ok]
[3779/10892] APPLE TAPA XIAOMI 14 NEGRA SIN MARCO      : Costo=3187 R=7274 -> Venta=4700 [ok]
[3780/10892] XIAOMI TAPA XIAOMI 13T NEGRA SIN MARCO    : Costo=5646 R=13011 -> Venta=8600 [ok]
[3781/10892] XIAOMI TAPA XIAOMI 13T VERDE SIN MARCO    : Costo=5646 R=13011 -> Venta=8600 [ok]
[3782/10892] XIAOMI TAPA XIAOMI 13T AZUL SIN MARCO     : Costo=5646 R=13011 -> Venta=8600 [ok]
[3783/10892] APPLE TAPA XIAOMI 13 PRO NEGRA SIN MARCO  : Costo=3744 R=8544 -> Venta=5200 [ok]
[3784/10892] XIAOMI TAPA XIAOMI 12C MORADA SIN MARCO   : Costo=3964 R=9135 -> Venta=5500 [ok]
[3785/10892] XIAOMI TAPA XIAOMI 12C VERDE SIN MARCO    : Costo=3964 R=9135 -> Venta=5500 [ok]
[3786/10892] XIAOMI TAPA XIAOMI 12C NEGRA SIN MARCO    : Costo=3964 R=9135 -> Venta=5500 [ok]
[3787/10892] XIAOMI TAPA XIAOMI 12C AZUL SIN MARCO     : Costo=3964 R=9135 -> Venta=5500 [ok]
[3788/10892] XIAOMI TAPA XIAOMI 12 LITE NEGRA SIN MAR  : Costo=3113 R=7467 -> Venta=4600 [ok]
[3789/10892] XIAOMI TAPA XIAOMI 11T AZUL SIN MARCO     : Costo=3744 R=8544 -> Venta=5200 [ok]
[3790/10892] XIAOMI TAPA XIAOMI 11T BLANCA SIN MARCO   : Costo=3744 R=8544 -> Venta=5200 [ok]
[3791/10892] XIAOMI TAPA XIAOMI 11T GRIS SIN MARCO     : Costo=3744 R=8544 -> Venta=5200 [ok]
[3792/10892] XIAOMI TAPA XIAOMI 11 LITE ROSADA SIN MA  : Costo=2538 R=5849 -> Venta=4000 [ok]
[3793/10892] XIAOMI TAPA XIAOMI 11 LITE AZUL SIN MARC  : Costo=3674 R=8467 -> Venta=5200 [ok]
[3794/10892] XIAOMI TAPA XIAOMI 11 LITE NEGRA SIN MAR  : Costo=2237 R=2982 -> Venta=3700 [ok]
[3795/10892] Samsung TAPA SAMSUNG GALAXY TAB A7 LITE   : Costo=6750 R=16251 -> Venta=9800 [ok]
[3796/10892] Samsung TAPA SAMSUNG GALAXY TAB A7 LITE   : Costo=6750 R=16251 -> Venta=9800 [ok]
[3797/10892] Samsung TAPA SAMSUNG GALAXY TAB A 8.0 20  : Costo=6750 R=16251 -> Venta=9800 [ok]
[3798/10892] Samsung TAPA SAMSUNG GALAXY TAB A 10.1 T  : Costo=13478 R=32451 -> Venta=16800 [ok]
[3799/10892] Samsung TAPA SAMSUNG GALAXY TAB A 10.1 T  : Costo=13478 R=32451 -> Venta=16800 [ok]
[3800/10892] Samsung TAPA SAMSUNG GALAXY TAB A 10.1 T  : Costo=13478 R=32451 -> Venta=16800 [ok]
[3801/10892] Samsung TAPA SAMSUNG GALAXY TAB A 10.1 2  : Costo=13643 R=32848 -> Venta=17100 [ok]
[3802/10892] Samsung TAPA SAMSUNG GALAXY TAB A 10.1 2  : Costo=13643 R=32848 -> Venta=17100 [ok]
[3803/10892] Samsung TAPA SAMSUNG GALAXY TAB A 10.1 2  : Costo=13478 R=32451 -> Venta=16800 [ok]
[3804/10892] Samsung TAPA SAMSUNG GALAXY TAB A 10.1 2  : Costo=13478 R=32451 -> Venta=16800 [ok]
[3805/10892] Samsung TAPA SAMSUNG GALAXY S8 G950 PLAT  : Costo=2513 R=6050 -> Venta=4000 [ok]
[3806/10892] Samsung TAPA SAMSUNG GALAXY S25 ULTRA RO  : Costo=4310 R=9836 -> Venta=5800 [ok]
[3807/10892] Samsung TAPA SAMSUNG GALAXY S25 ULTRA AZ  : Costo=4310 R=9836 -> Venta=5800 [ok]
[3808/10892] Samsung TAPA SAMSUNG GALAXY S25 ULTRA VE  : Costo=4310 R=9836 -> Venta=5800 [ok]
[3809/10892] Samsung TAPA SAMSUNG GALAXY S25 ULTRA GR  : Costo=4310 R=9836 -> Venta=5800 [ok]
[3810/10892] Samsung TAPA SAMSUNG GALAXY S25 ULTRA PL  : Costo=4310 R=9836 -> Venta=5800 [ok]
[3811/10892] Samsung TAPA SAMSUNG GALAXY S25 ULTRA NE  : Costo=4310 R=9836 -> Venta=5800 [ok]
[3812/10892] Samsung TAPA SAMSUNG GALAXY S25 ULTRA CE  : Costo=4310 R=9836 -> Venta=5800 [ok]
[3813/10892] Samsung TAPA SAMSUNG GALAXY S25 ULTRA NE  : Costo=34354 R=78406 -> Venta=41200 [ok]
[3814/10892] Samsung TAPA SAMSUNG GALAXY S25 PLUS CEL  : Costo=3382 R=7719 -> Venta=4900 [ok]
[3815/10892] Samsung TAPA SAMSUNG GALAXY S25 PLUS ROS  : Costo=3382 R=7719 -> Venta=4900 [ok]
[3816/10892] Samsung TAPA SAMSUNG GALAXY S25 PLUS COR  : Costo=3382 R=7719 -> Venta=4900 [ok]
[3817/10892] Samsung TAPA SAMSUNG GALAXY S25 PLUS PLA  : Costo=3382 R=7719 -> Venta=4900 [ok]
[3818/10892] Samsung TAPA SAMSUNG GALAXY S25 PLUS NEG  : Costo=3382 R=7719 -> Venta=4900 [ok]
[3819/10892] Samsung TAPA SAMSUNG GALAXY S25 PLUS VER  : Costo=3382 R=7719 -> Venta=4900 [ok]
[3820/10892] Samsung TAPA SAMSUNG GALAXY S25 PLUS AZU  : Costo=3382 R=7719 -> Venta=4900 [ok]
[3821/10892] Samsung TAPA SAMSUNG GALAXY S25 NEGRA SI  : Costo=3382 R=7719 -> Venta=4900 [ok]
[3822/10892] Samsung TAPA SAMSUNG GALAXY S25 CORAL SI  : Costo=3382 R=7719 -> Venta=4900 [ok]
[3823/10892] Samsung TAPA SAMSUNG GALAXY S25 ROSADA S  : Costo=3382 R=7719 -> Venta=4900 [ok]
[3824/10892] Samsung TAPA SAMSUNG GALAXY S25 GRIS SIN  : Costo=3382 R=7719 -> Venta=4900 [ok]
[3825/10892] Samsung TAPA SAMSUNG GALAXY S25 CELESTE   : Costo=3382 R=7719 -> Venta=4900 [ok]
[3826/10892] Samsung TAPA SAMSUNG GALAXY S25 VERDE SI  : Costo=3382 R=7719 -> Venta=4900 [ok]
[3827/10892] Samsung TAPA SAMSUNG GALAXY S25 AZUL SIN  : Costo=3382 R=7719 -> Venta=4900 [ok]
[3828/10892] Samsung TAPA SAMSUNG GALAXY S24 ULTRA DO  : Costo=4149 R=9561 -> Venta=5600 [ok]
[3829/10892] Samsung TAPA SAMSUNG GALAXY S24 ULTRA NA  : Costo=3965 R=9137 -> Venta=5500 [ok]
[3830/10892] Samsung TAPA SAMSUNG GALAXY S24 ULTRA VE  : Costo=3965 R=9137 -> Venta=5500 [ok]
[3831/10892] Samsung TAPA SAMSUNG GALAXY S24 ULTRA MO  : Costo=3421 R=4561 -> Venta=4900 [ok]
[3832/10892] Samsung TAPA SAMSUNG GALAXY S24 ULTRA GR  : Costo=3965 R=9137 -> Venta=5500 [ok]
[3833/10892] Samsung TAPA SAMSUNG GALAXY S24 ULTRA NE  : Costo=3421 R=4561 -> Venta=4900 [ok]
[3834/10892] Samsung TAPA SAMSUNG GALAXY S24 ULTRA AZ  : Costo=3965 R=9137 -> Venta=5500 [ok]
[3835/10892] Samsung TAPA SAMSUNG GALAXY S24 PLUS NAR  : Costo=3374 R=7774 -> Venta=4900 [ok]
[3836/10892] Samsung TAPA SAMSUNG GALAXY S24 PLUS VER  : Costo=3374 R=7774 -> Venta=4900 [ok]
[3837/10892] Samsung TAPA SAMSUNG GALAXY S24 PLUS DOR  : Costo=3374 R=7774 -> Venta=4900 [ok]
[3838/10892] Samsung TAPA SAMSUNG GALAXY S24 PLUS MOR  : Costo=3374 R=7774 -> Venta=4900 [ok]
[3839/10892] Samsung TAPA SAMSUNG GALAXY S24 PLUS GRI  : Costo=3374 R=7774 -> Venta=4900 [ok]
[3840/10892] Samsung TAPA SAMSUNG GALAXY S24 PLUS NEG  : Costo=3374 R=7774 -> Venta=4900 [ok]
[3841/10892] Samsung TAPA SAMSUNG GALAXY S24 PLUS AZU  : Costo=3374 R=7774 -> Venta=4900 [ok]
[3842/10892] Samsung TAPA SAMSUNG GALAXY S24 FE NEGRA  : Costo=22295 R=50885 -> Venta=27300 [ok]
[3843/10892] Samsung TAPA SAMSUNG GALAXY S24 FE AMARI  : Costo=3187 R=7274 -> Venta=4700 [ok]
[3844/10892] Samsung TAPA SAMSUNG GALAXY S24 FE VERDE  : Costo=3187 R=7274 -> Venta=4700 [ok]
[3845/10892] Samsung TAPA SAMSUNG GALAXY S24 FE GRIS   : Costo=3187 R=7274 -> Venta=4700 [ok]
[3846/10892] Samsung TAPA SAMSUNG GALAXY S24 FE CELES  : Costo=3187 R=7274 -> Venta=4700 [ok]
[3847/10892] Samsung TAPA SAMSUNG GALAXY S24 FE NEGRA  : Costo=3187 R=7274 -> Venta=4700 [ok]
[3848/10892] Samsung TAPA SAMSUNG GALAXY S24 NARANJA   : Costo=3374 R=7774 -> Venta=4900 [ok]
[3849/10892] Samsung TAPA SAMSUNG GALAXY S24 VERDE SI  : Costo=3374 R=7774 -> Venta=4900 [ok]
[3850/10892] Samsung TAPA SAMSUNG GALAXY S24 DORADA S  : Costo=3374 R=7774 -> Venta=4900 [ok]
[3851/10892] Samsung TAPA SAMSUNG GALAXY S24 MORADA S  : Costo=3374 R=7774 -> Venta=4900 [ok]
[3852/10892] Samsung TAPA SAMSUNG GALAXY S24 GRIS SIN  : Costo=3374 R=7774 -> Venta=4900 [ok]
[3853/10892] Samsung TAPA SAMSUNG GALAXY S24 NEGRA SI  : Costo=3374 R=7774 -> Venta=4900 [ok]
[3854/10892] Samsung TAPA SAMSUNG GALAXY S24 AZUL SIN  : Costo=3374 R=7774 -> Venta=4900 [ok]
[3855/10892] Samsung TAPA SAMSUNG GALAXY S23 ULTRA VE  : Costo=3468 R=8329 -> Venta=5000 [ok]
[3856/10892] Samsung TAPA SAMSUNG GALAXY S23 ULTRA GR  : Costo=3054 R=3927 -> Venta=4600 [ok]
[3857/10892] Samsung TAPA SAMSUNG GALAXY S23 ULTRA RO  : Costo=3282 R=7880 -> Venta=4800 [ok]
[3858/10892] Samsung TAPA SAMSUNG GALAXY S23 ULTRA BL  : Costo=3054 R=3927 -> Venta=4600 [ok]
[3859/10892] Samsung TAPA SAMSUNG GALAXY S23 ULTRA AZ  : Costo=3282 R=7880 -> Venta=4800 [ok]
[3860/10892] Samsung TAPA SAMSUNG GALAXY S23 ULTRA MO  : Costo=3054 R=3927 -> Venta=4600 [ok]
[3861/10892] Samsung TAPA SAMSUNG GALAXY S23 ULTRA VE  : Costo=3054 R=3927 -> Venta=4600 [ok]
[3862/10892] Samsung TAPA SAMSUNG GALAXY S23 ULTRA NE  : Costo=3054 R=3927 -> Venta=4600 [ok]
[3863/10892] Samsung TAPA SAMSUNG GALAXY S23 PLUS BLA  : Costo=6128 R=14122 -> Venta=9100 [ok]
[3864/10892] Samsung TAPA SAMSUNG GALAXY S23 PLUS GRI  : Costo=6128 R=14122 -> Venta=9100 [ok]
[3865/10892] Samsung TAPA SAMSUNG GALAXY S23 PLUS MOR  : Costo=6128 R=14122 -> Venta=9100 [ok]
[3866/10892] Samsung TAPA SAMSUNG GALAXY S23 PLUS VER  : Costo=6128 R=14122 -> Venta=9100 [ok]
[3867/10892] Samsung TAPA SAMSUNG GALAXY S23 PLUS AMA  : Costo=6128 R=14122 -> Venta=9100 [ok]
[3868/10892] Samsung TAPA SAMSUNG GALAXY S23 PLUS NEG  : Costo=6128 R=14122 -> Venta=9100 [ok]
[3869/10892] Samsung TAPA SAMSUNG GALAXY S23 BLANCA S  : Costo=6128 R=14122 -> Venta=9100 [ok]
[3870/10892] Samsung TAPA SAMSUNG GALAXY S23 GRIS SIN  : Costo=6128 R=14122 -> Venta=9100 [ok]
[3871/10892] Samsung TAPA SAMSUNG GALAXY S23 MORADA S  : Costo=6128 R=14122 -> Venta=9100 [ok]
[3872/10892] Samsung TAPA SAMSUNG GALAXY S23 VERDE SI  : Costo=6128 R=14122 -> Venta=9100 [ok]
[3873/10892] Samsung TAPA SAMSUNG GALAXY S23 AMARILLA  : Costo=6128 R=14122 -> Venta=9100 [ok]
[3874/10892] Samsung TAPA SAMSUNG GALAXY S23 NEGRA SI  : Costo=6128 R=14122 -> Venta=9100 [ok]
[3875/10892] Samsung TAPA SAMSUNG GALAXY S22 ULTRA AZ  : Costo=4310 R=9836 -> Venta=5800 [ok]
[3876/10892] Samsung TAPA SAMSUNG GALAXY S22 ULTRA MO  : Costo=4310 R=9836 -> Venta=5800 [ok]
[3877/10892] Samsung TAPA SAMSUNG GALAXY S22 ULTRA AZ  : Costo=4310 R=9836 -> Venta=5800 [ok]
[3878/10892] Samsung TAPA SAMSUNG GALAXY S22 ULTRA RO  : Costo=4658 R=10631 -> Venta=6200 [ok]
[3879/10892] Samsung TAPA SAMSUNG GALAXY S22 ULTRA GR  : Costo=4310 R=9836 -> Venta=5800 [ok]
[3880/10892] Samsung TAPA SAMSUNG GALAXY S22 ULTRA VE  : Costo=3273 R=4363 -> Venta=4800 [ok]
[3881/10892] Samsung TAPA SAMSUNG GALAXY S22 ULTRA VI  : Costo=4658 R=10631 -> Venta=6200 [ok]
[3882/10892] Samsung TAPA SAMSUNG GALAXY S22 ULTRA BL  : Costo=4310 R=9836 -> Venta=5800 [ok]
[3883/10892] Samsung TAPA SAMSUNG GALAXY S22 ULTRA NE  : Costo=4310 R=9836 -> Venta=5800 [ok]
[3884/10892] Samsung TAPA SAMSUNG GALAXY S22 PLUS BLA  : Costo=3571 R=8596 -> Venta=5100 [ok]
[3885/10892] Samsung TAPA SAMSUNG GALAXY S22 PLUS ROJ  : Costo=3571 R=8596 -> Venta=5100 [ok]
[3886/10892] Samsung TAPA SAMSUNG GALAXY S22 PLUS PLA  : Costo=3571 R=8596 -> Venta=5100 [ok]
[3887/10892] Samsung TAPA SAMSUNG GALAXY S22 PLUS GRI  : Costo=3571 R=8596 -> Venta=5100 [ok]
[3888/10892] Samsung TAPA SAMSUNG GALAXY S22 PLUS VER  : Costo=3571 R=8596 -> Venta=5100 [ok]
[3889/10892] Samsung TAPA SAMSUNG GALAXY S22 PLUS ROS  : Costo=3571 R=8596 -> Venta=5100 [ok]
[3890/10892] Samsung TAPA SAMSUNG GALAXY S22 PLUS AZU  : Costo=3571 R=8596 -> Venta=5100 [ok]
[3891/10892] Samsung TAPA SAMSUNG GALAXY S22 PLUS AMA  : Costo=3571 R=8596 -> Venta=5100 [ok]
[3892/10892] Samsung TAPA SAMSUNG GALAXY S22 PLUS MOR  : Costo=3571 R=8596 -> Venta=5100 [ok]
[3893/10892] Samsung TAPA SAMSUNG GALAXY S22 PLUS NEG  : Costo=3571 R=8596 -> Venta=5100 [ok]
[3894/10892] Samsung TAPA SAMSUNG GALAXY S22 BLANCA S  : Costo=3578 R=8614 -> Venta=5100 [ok]
[3895/10892] Samsung TAPA SAMSUNG GALAXY S22 PLATEADA  : Costo=3578 R=8614 -> Venta=5100 [ok]
[3896/10892] Samsung TAPA SAMSUNG GALAXY S22 ROJA SIN  : Costo=3578 R=8614 -> Venta=5100 [ok]
[3897/10892] Samsung TAPA SAMSUNG GALAXY S22 GRIS SIN  : Costo=3578 R=8614 -> Venta=5100 [ok]
[3898/10892] Samsung TAPA SAMSUNG GALAXY S22 VERDE SI  : Costo=3578 R=8614 -> Venta=5100 [ok]
[3899/10892] Samsung TAPA SAMSUNG GALAXY S22 ROSADA S  : Costo=3578 R=8614 -> Venta=5100 [ok]
[3900/10892] Samsung TAPA SAMSUNG GALAXY S22 CELESTE   : Costo=3578 R=8614 -> Venta=5100 [ok]
[3901/10892] Samsung TAPA SAMSUNG GALAXY S22 AMARILLA  : Costo=3578 R=8614 -> Venta=5100 [ok]
[3902/10892] Samsung TAPA SAMSUNG GALAXY S22 MORADA S  : Costo=3578 R=8614 -> Venta=5100 [ok]
[3903/10892] Samsung TAPA SAMSUNG GALAXY S22 NEGRA SI  : Costo=3578 R=8614 -> Venta=5100 [ok]
[3904/10892] Samsung TAPA SAMSUNG GALAXY S21 ULTRA MO  : Costo=4314 R=9846 -> Venta=5800 [ok]
[3905/10892] Samsung TAPA SAMSUNG GALAXY S21 ULTRA GR  : Costo=4310 R=9836 -> Venta=5800 [ok]
[3906/10892] Samsung TAPA SAMSUNG GALAXY S21 ULTRA AZ  : Costo=4314 R=9846 -> Venta=5800 [ok]
[3907/10892] Samsung TAPA SAMSUNG GALAXY S21 ULTRA DO  : Costo=4314 R=9846 -> Venta=5800 [ok]
[3908/10892] Samsung TAPA SAMSUNG GALAXY S21 ULTRA PL  : Costo=3421 R=4561 -> Venta=4900 [ok]
[3909/10892] Samsung TAPA SAMSUNG GALAXY S21 ULTRA CA  : Costo=4314 R=9846 -> Venta=5800 [ok]
[3910/10892] Samsung TAPA SAMSUNG GALAXY S21 ULTRA NE  : Costo=4310 R=9836 -> Venta=5800 [ok]
[3911/10892] Samsung TAPA SAMSUNG GALAXY S21 PLUS GRI  : Costo=4820 R=11604 -> Venta=6300 [ok]
[3912/10892] Samsung TAPA SAMSUNG GALAXY S21 PLUS AZU  : Costo=4820 R=11604 -> Venta=6300 [ok]
[3913/10892] Samsung TAPA SAMSUNG GALAXY S21 PLUS MOR  : Costo=4820 R=11604 -> Venta=6300 [ok]
[3914/10892] Samsung TAPA SAMSUNG GALAXY S21 PLUS DOR  : Costo=4820 R=11604 -> Venta=6300 [ok]
[3915/10892] Samsung TAPA SAMSUNG GALAXY S21 PLUS NEG  : Costo=3243 R=7807 -> Venta=4700 [ok]
[3916/10892] Samsung TAPA SAMSUNG GALAXY S21 PLUS PLA  : Costo=4820 R=11604 -> Venta=6300 [ok]
[3917/10892] Samsung TAPA SAMSUNG GALAXY S21 PLUS CAF  : Costo=4876 R=11739 -> Venta=6400 [ok]
[3918/10892] Samsung TAPA SAMSUNG GALAXY S21 FE VERDE  : Costo=1749 R=4211 -> Venta=3200 [ok]
[3919/10892] Samsung TAPA SAMSUNG GALAXY S21 FE MORAD  : Costo=1749 R=4211 -> Venta=3200 [ok]
[3920/10892] Samsung TAPA SAMSUNG GALAXY S21 FE GRIS   : Costo=2460 R=5921 -> Venta=4000 [ok]
[3921/10892] Samsung TAPA SAMSUNG GALAXY S21 FE BLANC  : Costo=1749 R=4211 -> Venta=3200 [ok]
[3922/10892] Samsung TAPA SAMSUNG GALAXY S21 ROSADA S  : Costo=2903 R=6988 -> Venta=4400 [ok]
[3923/10892] Samsung TAPA SAMSUNG GALAXY S21 MORADA S  : Costo=2903 R=6988 -> Venta=4400 [ok]
[3924/10892] Samsung TAPA SAMSUNG GALAXY S21 BLANCA S  : Costo=2903 R=6988 -> Venta=4400 [ok]
[3925/10892] Samsung TAPA SAMSUNG GALAXY S21 GRIS SIN  : Costo=2903 R=6988 -> Venta=4400 [ok]
[3926/10892] Samsung TAPA SAMSUNG GALAXY S20 ULTRA G9  : Costo=3939 R=8989 -> Venta=5400 [ok]
[3927/10892] Samsung TAPA SAMSUNG GALAXY S20 ULTRA G9  : Costo=3701 R=8446 -> Venta=5200 [ok]
[3928/10892] Samsung TAPA SAMSUNG GALAXY S20 ULTRA G9  : Costo=3939 R=8989 -> Venta=5400 [ok]
[3929/10892] Samsung TAPA SAMSUNG GALAXY S20 ULTRA G9  : Costo=14614 R=35185 -> Venta=18300 [ok]
[3930/10892] Samsung TAPA SAMSUNG GALAXY S20 ULTRA G9  : Costo=14437 R=34759 -> Venta=18000 [ok]
[3931/10892] Samsung TAPA SAMSUNG GALAXY S20 PLUS ROS  : Costo=5181 R=12473 -> Venta=8200 [ok]
[3932/10892] Samsung TAPA SAMSUNG GALAXY S20 PLUS CEL  : Costo=4251 R=10234 -> Venta=5800 [ok]
[3933/10892] Samsung TAPA SAMSUNG GALAXY S20 PLUS GRI  : Costo=3243 R=7807 -> Venta=4700 [ok]
[3934/10892] Samsung TAPA SAMSUNG GALAXY S20 PLUS ROJ  : Costo=5175 R=12460 -> Venta=8200 [ok]
[3935/10892] Samsung TAPA SAMSUNG GALAXY S20 PLUS BLA  : Costo=5175 R=12460 -> Venta=8200 [ok]
[3936/10892] Samsung TAPA SAMSUNG GALAXY S20 FE NARAN  : Costo=3087 R=7045 -> Venta=4600 [ok]
[3937/10892] Samsung TAPA SAMSUNG GALAXY S20 FE ROJA   : Costo=3087 R=7045 -> Venta=4600 [ok]
[3938/10892] Samsung TAPA SAMSUNG GALAXY S20 FE AZUL   : Costo=2245 R=5124 -> Venta=3700 [ok]
[3939/10892] Samsung TAPA SAMSUNG GALAXY S20 FE VERDE  : Costo=2245 R=5124 -> Venta=3700 [ok]
[3940/10892] Samsung TAPA SAMSUNG GALAXY S20 FE MORAD  : Costo=1757 R=2343 -> Venta=3300 [ok]
[3941/10892] Samsung TAPA SAMSUNG GALAXY S20 ROSADA S  : Costo=5167 R=12441 -> Venta=8200 [ok]
[3942/10892] Samsung TAPA SAMSUNG GALAXY S20 CELESTE   : Costo=5167 R=12441 -> Venta=8200 [ok]
[3943/10892] Samsung TAPA SAMSUNG GALAXY S20 BLANCA S  : Costo=2157 R=5192 -> Venta=3700 [ok]
[3944/10892] Samsung TAPA SAMSUNG GALAXY S20 GRIS SIN  : Costo=2977 R=3969 -> Venta=4500 [ok]
[3945/10892] Samsung TAPA SAMSUNG GALAXY S20 ROJA SIN  : Costo=5181 R=12473 -> Venta=8200 [ok]
[3946/10892] Samsung TAPA SAMSUNG GALAXY S10 G973 CEL  : Costo=2240 R=5373 -> Venta=3700 [ok]
[3947/10892] Samsung TAPA SAMSUNG GALAXY S10 + PLUS G  : Costo=2679 R=6113 -> Venta=4200 [ok]
[3948/10892] Samsung TAPA SAMSUNG GALAXY S10 + PLUS G  : Costo=2679 R=6113 -> Venta=4200 [ok]
[3949/10892] Samsung TAPA SAMSUNG GALAXY NOTE 20 ULTR  : Costo=12119 R=29102 -> Venta=15100 [ok]
[3950/10892] Samsung TAPA SAMSUNG GALAXY NOTE 20 ULTR  : Costo=2977 R=3969 -> Venta=4500 [ok]
[3951/10892] Samsung TAPA SAMSUNG GALAXY NOTE 20 ULTR  : Costo=3749 R=8556 -> Venta=5200 [ok]
[3952/10892] Samsung TAPA SAMSUNG GALAXY NOTE 20 ULTR  : Costo=2977 R=3969 -> Venta=4500 [ok]
[3953/10892] Samsung TAPA SAMSUNG GALAXY NOTE 10 N970  : Costo=15403 R=36947 -> Venta=19300 [ok]
[3954/10892] Samsung TAPA SAMSUNG GALAXY NOTE 10 N970  : Costo=15206 R=19550 -> Venta=19000 [ok]
[3955/10892] Samsung TAPA SAMSUNG GALAXY NOTE 10 N970  : Costo=2679 R=6113 -> Venta=4200 [ok]
[3956/10892] Samsung TAPA SAMSUNG GALAXY NOTE 10 N970  : Costo=2679 R=6113 -> Venta=4200 [ok]
[3957/10892] Samsung TAPA SAMSUNG GALAXY NOTE 10 N970  : Costo=2679 R=6113 -> Venta=4200 [ok]
[3958/10892] Samsung TAPA SAMSUNG GALAXY NOTE 10 N970  : Costo=2679 R=6113 -> Venta=4200 [ok]
[3959/10892] Samsung TAPA SAMSUNG GALAXY NOTE 10 N970  : Costo=3002 R=6850 -> Venta=4500 [ok]
[3960/10892] Samsung TAPA SAMSUNG GALAXY NOTE 10 + N9  : Costo=10731 R=25835 -> Venta=13700 [ok]
[3961/10892] Samsung TAPA SAMSUNG GALAXY NOTE 10 + N9  : Costo=18901 R=45506 -> Venta=23600 [ok]
[3962/10892] Samsung TAPA SAMSUNG GALAXY NOTE 10 + N9  : Costo=2385 R=3180 -> Venta=3900 [ok]
[3963/10892] Samsung TAPA SAMSUNG GALAXY NOTE 10 + N9  : Costo=2585 R=5955 -> Venta=4100 [ok]
[3964/10892] Samsung TAPA SAMSUNG GALAXY NOTE 10 + N9  : Costo=2364 R=5448 -> Venta=3900 [ok]
[3965/10892] Samsung TAPA SAMSUNG GALAXY NOTE 10 + N9  : Costo=2385 R=3180 -> Venta=3900 [ok]
[3966/10892] Samsung TAPA SAMSUNG GALAXY M53 CAFE SIN  : Costo=2167 R=5197 -> Venta=3700 [ok]
[3967/10892] Samsung TAPA SAMSUNG GALAXY M53 VERDE SI  : Costo=2167 R=5197 -> Venta=3700 [ok]
[3968/10892] Samsung TAPA SAMSUNG GALAXY M51 AZUL SIN  : Costo=1568 R=3760 -> Venta=3100 [ok]
[3969/10892] Samsung TAPA SAMSUNG GALAXY M51 NEGRO SI  : Costo=1568 R=3760 -> Venta=3100 [ok]
[3970/10892] Samsung TAPA SAMSUNG GALAXY M21 AZUL SIN  : Costo=3430 R=8259 -> Venta=4900 [ok]
[3971/10892] Samsung TAPA SAMSUNG GALAXY M21 NEGRA SI  : Costo=3430 R=8259 -> Venta=4900 [ok]
[3972/10892] Samsung TAPA SAMSUNG GALAXY M21 AZUL CON  : Costo=2843 R=3791 -> Venta=4300 [ok]
[3973/10892] Samsung TAPA SAMSUNG GALAXY M21 NEGRA CO  : Costo=3731 R=4974 -> Venta=5200 [ok]
[3974/10892] Samsung TAPA SAMSUNG GALAXY M20 NEGRA SI  : Costo=7625 R=9803 -> Venta=10600 [ok]
[3975/10892] Samsung TAPA SAMSUNG GALAXY M20 NEGRA CO  : Costo=4374 R=10530 -> Venta=5900 [ok]
[3976/10892] Samsung TAPA SAMSUNG GALAXY M13 CELESTE   : Costo=2581 R=2978 -> Venta=4100 [ok]
[3977/10892] Samsung TAPA SAMSUNG GALAXY M13 NARANJA   : Costo=2558 R=6134 -> Venta=4100 [ok]
[3978/10892] Samsung TAPA SAMSUNG GALAXY M13 VERDE SI  : Costo=2581 R=6191 -> Venta=4100 [ok]
[3979/10892] Samsung TAPA SAMSUNG GALAXY M10 AZUL CON  : Costo=2710 R=6525 -> Venta=4200 [ok]
[3980/10892] Samsung TAPA SAMSUNG GALAXY M10 NEGRA CO  : Costo=2710 R=6525 -> Venta=4200 [ok]
[3981/10892] Samsung TAPA SAMSUNG GALAXY M10 AZUL SIN  : Costo=2718 R=6518 -> Venta=4200 [ok]
[3982/10892] Samsung TAPA SAMSUNG GALAXY M10 NEGRA SI  : Costo=2718 R=6518 -> Venta=4200 [ok]
[3983/10892] Samsung TAPA SAMSUNG GALAXY M02 AZUL SIN  : Costo=2545 R=6127 -> Venta=4000 [ok]
[3984/10892] Samsung TAPA SAMSUNG GALAXY M02 NEGRA SI  : Costo=2545 R=6127 -> Venta=4000 [ok]
[3985/10892] Samsung TAPA SAMSUNG GALAXY FOLD 6 BLANC  : Costo=7780 R=18683 -> Venta=10800 [ok]
[3986/10892] Samsung TAPA SAMSUNG GALAXY FOLD 6 AZUL   : Costo=7780 R=18683 -> Venta=10800 [ok]
[3987/10892] Samsung TAPA SAMSUNG GALAXY FOLD 6 GRIS   : Costo=7780 R=18683 -> Venta=10800 [ok]
[3988/10892] Samsung TAPA SAMSUNG GALAXY FOLD 6 ROSAD  : Costo=7780 R=18683 -> Venta=10800 [ok]
[3989/10892] Samsung TAPA SAMSUNG GALAXY FOLD 6 NEGRA  : Costo=7780 R=18683 -> Venta=10800 [ok]
[3990/10892] Samsung TAPA SAMSUNG GALAXY FOLD 5 GRIS   : Costo=7005 R=16822 -> Venta=10000 [ok]
[3991/10892] Samsung TAPA SAMSUNG GALAXY FOLD 5 AMARI  : Costo=7005 R=16822 -> Venta=10000 [ok]
[3992/10892] Samsung TAPA SAMSUNG GALAXY FOLD 5 AZUL   : Costo=7005 R=16822 -> Venta=10000 [ok]
[3993/10892] Samsung TAPA SAMSUNG GALAXY FOLD 5 NEGRA  : Costo=7005 R=16822 -> Venta=10000 [ok]
[3994/10892] Samsung TAPA SAMSUNG GALAXY FLIP 6 NARAN  : Costo=7780 R=18683 -> Venta=10800 [ok]
[3995/10892] Samsung TAPA SAMSUNG GALAXY FLIP 6 BLANC  : Costo=7780 R=18683 -> Venta=10800 [ok]
[3996/10892] Samsung TAPA SAMSUNG GALAXY FLIP 6 AZUL   : Costo=7780 R=18683 -> Venta=10800 [ok]
[3997/10892] Samsung TAPA SAMSUNG GALAXY FLIP 6 MENTA  : Costo=7780 R=18683 -> Venta=10800 [ok]
[3998/10892] Samsung TAPA SAMSUNG GALAXY FLIP 6 PLATE  : Costo=7780 R=18683 -> Venta=10800 [ok]
[3999/10892] Samsung TAPA SAMSUNG GALAXY FLIP 6 AMARI  : Costo=7780 R=18683 -> Venta=10800 [ok]
[4000/10892] Samsung TAPA SAMSUNG GALAXY FLIP 6 NEGRA  : Costo=7780 R=18683 -> Venta=10800 [ok]
[4001/10892] Samsung TAPA SAMSUNG GALAXY FLIP 5 AMARI  : Costo=7780 R=18683 -> Venta=10800 [ok]
[4002/10892] Samsung TAPA SAMSUNG GALAXY FLIP 5 VERDE  : Costo=7780 R=18683 -> Venta=10800 [ok]
[4003/10892] Samsung TAPA SAMSUNG GALAXY FLIP 5 GRIS   : Costo=7780 R=18683 -> Venta=10800 [ok]
[4004/10892] Samsung TAPA SAMSUNG GALAXY FLIP 5 LILA   : Costo=7780 R=18683 -> Venta=10800 [ok]
[4005/10892] Samsung TAPA SAMSUNG GALAXY FLIP 5 CREMA  : Costo=7780 R=18683 -> Venta=10800 [ok]
[4006/10892] Samsung TAPA SAMSUNG GALAXY FLIP 5 MENTA  : Costo=7780 R=18683 -> Venta=10800 [ok]
[4007/10892] Samsung TAPA SAMSUNG GALAXY FLIP 5 NEGRA  : Costo=7780 R=18683 -> Venta=10800 [ok]
[4008/10892] Samsung TAPA SAMSUNG GALAXY A90 BLANCA S  : Costo=7316 R=17549 -> Venta=10300 [ok]
[4009/10892] Samsung TAPA SAMSUNG GALAXY A90 NEGRO SI  : Costo=7316 R=17549 -> Venta=10300 [ok]
[4010/10892] Samsung TAPA SAMSUNG GALAXY A80 NEGRA SI  : Costo=2326 R=5578 -> Venta=3800 [ok]
[4011/10892] Samsung TAPA SAMSUNG GALAXY A73 5G VERDE  : Costo=2616 R=5971 -> Venta=4100 [ok]
[4012/10892] Samsung TAPA SAMSUNG GALAXY A73 5G BLANC  : Costo=2616 R=5971 -> Venta=4100 [ok]
[4013/10892] Samsung TAPA SAMSUNG GALAXY A73 5G NEGRA  : Costo=2616 R=5971 -> Venta=4100 [ok]
[4014/10892] Samsung TAPA SAMSUNG GALAXY A71 5G PLATE  : Costo=3570 R=8227 -> Venta=5100 [ok]
[4015/10892] Samsung TAPA SAMSUNG GALAXY A71 5G NEGRA  : Costo=3570 R=8227 -> Venta=5100 [ok]
[4016/10892] Samsung TAPA SAMSUNG GALAXY A71 5G AZUL   : Costo=3570 R=8227 -> Venta=5100 [ok]
[4017/10892] Samsung TAPA SAMSUNG GALAXY A71 4G PLATE  : Costo=2060 R=4700 -> Venta=3600 [ok]
[4018/10892] Samsung TAPA SAMSUNG GALAXY A71 4G CELES  : Costo=1535 R=2047 -> Venta=3000 [ok]
[4019/10892] Samsung TAPA SAMSUNG GALAXY A71 4G NEGRA  : Costo=2060 R=4700 -> Venta=3600 [ok]
[4020/10892] Samsung TAPA SAMSUNG GALAXY A71 4G PLATE  : Costo=5028 R=11475 -> Venta=8000 [ok]
[4021/10892] Samsung TAPA SAMSUNG GALAXY A71 4G NEGRA  : Costo=5028 R=11475 -> Venta=8000 [ok]
[4022/10892] Samsung TAPA SAMSUNG GALAXY A71 PLATEADA  : Costo=4050 R=5400 -> Venta=5500 [ok]
[4023/10892] Samsung TAPA SAMSUNG GALAXY A71 AZUL CON  : Costo=4050 R=5400 -> Venta=5500 [ok]
[4024/10892] Samsung TAPA SAMSUNG GALAXY A70S BLANCA   : Costo=1857 R=4471 -> Venta=3400 [ok]
[4025/10892] Samsung TAPA SAMSUNG GALAXY A70S ROJA SI  : Costo=1857 R=4471 -> Venta=3400 [ok]
[4026/10892] Samsung TAPA SAMSUNG GALAXY A70S NEGRA S  : Costo=1857 R=4471 -> Venta=3400 [ok]
[4027/10892] Samsung TAPA SAMSUNG GALAXY A70 PLATEADA  : Costo=3496 R=7978 -> Venta=5000 [ok]
[4028/10892] Samsung TAPA SAMSUNG GALAXY A70 AZUL CON  : Costo=4310 R=9836 -> Venta=5800 [ok]
[4029/10892] Samsung TAPA SAMSUNG GALAXY A70 NEGRA CO  : Costo=4310 R=9836 -> Venta=5800 [ok]
[4030/10892] Samsung TAPA SAMSUNG GALAXY A70 PLATEADA  : Costo=1452 R=3313 -> Venta=3000 [ok]
[4031/10892] Samsung TAPA SAMSUNG GALAXY A70 AZUL SIN  : Costo=1452 R=3313 -> Venta=3000 [ok]
[4032/10892] Samsung TAPA SAMSUNG GALAXY A70 NEGRA SI  : Costo=2616 R=5971 -> Venta=4100 [ok]
[4033/10892] Samsung TAPA SAMSUNG GALAXY A56 NEGRA CO  : Costo=15802 R=36065 -> Venta=19800 [ok]
[4034/10892] Samsung TAPA SAMSUNG GALAXY A56 ROSADA S  : Costo=2445 R=5580 -> Venta=3900 [ok]
[4035/10892] Samsung TAPA SAMSUNG GALAXY A56 VERDE SI  : Costo=2445 R=5580 -> Venta=3900 [ok]
[4036/10892] Samsung TAPA SAMSUNG GALAXY A56 BLANCA S  : Costo=2445 R=5580 -> Venta=3900 [ok]
[4037/10892] Samsung TAPA SAMSUNG GALAXY A56 NEGRA SI  : Costo=2445 R=5580 -> Venta=3900 [ok]
[4038/10892] Samsung TAPA SAMSUNG GALAXY A55 BLANCA C  : Costo=12894 R=30963 -> Venta=16100 [ok]
[4039/10892] Samsung TAPA SAMSUNG GALAXY A55 VERDE SI  : Costo=1892 R=4542 -> Venta=3400 [ok]
[4040/10892] Samsung TAPA SAMSUNG GALAXY A55 AZUL NAV  : Costo=1867 R=2489 -> Venta=3400 [ok]
[4041/10892] Samsung TAPA SAMSUNG GALAXY A55 LILA SIN  : Costo=1867 R=2489 -> Venta=3400 [ok]
[4042/10892] Samsung TAPA SAMSUNG GALAXY A55 BLANCA S  : Costo=1867 R=2489 -> Venta=3400 [ok]
[4043/10892] Samsung TAPA SAMSUNG GALAXY A54 BLANCA S  : Costo=2545 R=5809 -> Venta=4000 [ok]
[4044/10892] Samsung TAPA SAMSUNG GALAXY A54 MORADA S  : Costo=2545 R=5809 -> Venta=4000 [ok]
[4045/10892] Samsung TAPA SAMSUNG GALAXY A54 VERDE SI  : Costo=2545 R=5809 -> Venta=4000 [ok]
[4046/10892] Samsung TAPA SAMSUNG GALAXY A54 NEGRA SI  : Costo=1867 R=2489 -> Venta=3400 [ok]
[4047/10892] Samsung TAPA SAMSUNG GALAXY A53 5G ANARA  : Costo=2121 R=5106 -> Venta=3600 [ok]
[4048/10892] Samsung TAPA SAMSUNG GALAXY A53 5G BLANC  : Costo=2053 R=2737 -> Venta=3600 [ok]
[4049/10892] Samsung TAPA SAMSUNG GALAXY A53 5G AZUL   : Costo=2053 R=2737 -> Venta=3600 [ok]
[4050/10892] Samsung TAPA SAMSUNG GALAXY A53 5G NEGRA  : Costo=2053 R=2737 -> Venta=3600 [ok]
[4051/10892] Samsung TAPA SAMSUNG GALAXY A52S VERDE S  : Costo=2726 R=6280 -> Venta=4200 [ok]
[4052/10892] Samsung TAPA SAMSUNG GALAXY A52S MORADA   : Costo=2053 R=2737 -> Venta=3600 [ok]
[4053/10892] Samsung TAPA SAMSUNG GALAXY A52S BLANCA   : Costo=2053 R=2737 -> Venta=3600 [ok]
[4054/10892] Samsung TAPA SAMSUNG GALAXY A52S NEGRA S  : Costo=2524 R=5817 -> Venta=4000 [ok]
[4055/10892] Samsung TAPA SAMSUNG GALAXY A51 4G BLANC  : Costo=2060 R=4700 -> Venta=3600 [ok]
[4056/10892] Samsung TAPA SAMSUNG GALAXY A51 4G AZUL   : Costo=2060 R=4700 -> Venta=3600 [ok]
[4057/10892] Samsung TAPA SAMSUNG GALAXY A51 4G NEGRA  : Costo=2060 R=4700 -> Venta=3600 [ok]
[4058/10892] Samsung TAPA SAMSUNG GALAXY A51 4G BLANC  : Costo=4657 R=10628 -> Venta=6200 [ok]
[4059/10892] Samsung TAPA SAMSUNG GALAXY A51 4G NEGRA  : Costo=3754 R=5006 -> Venta=5300 [ok]
[4060/10892] Samsung TAPA SAMSUNG GALAXY A51 BLANCA S  : Costo=3768 R=8683 -> Venta=5300 [ok]
[4061/10892] Samsung TAPA SAMSUNG GALAXY A51 NEGRA SI  : Costo=3768 R=8683 -> Venta=5300 [ok]
[4062/10892] Samsung TAPA SAMSUNG GALAXY A50S NEGRA C  : Costo=3965 R=9136 -> Venta=5500 [ok]
[4063/10892] Samsung TAPA SAMSUNG GALAXY A50S BLANCA   : Costo=1865 R=4490 -> Venta=3400 [ok]
[4064/10892] Samsung TAPA SAMSUNG GALAXY A50S AZUL SI  : Costo=1865 R=4490 -> Venta=3400 [ok]
[4065/10892] Samsung TAPA SAMSUNG GALAXY A50S NEGRA S  : Costo=1865 R=4490 -> Venta=3400 [ok]
[4066/10892] Samsung TAPA SAMSUNG GALAXY A42 5G GRIS   : Costo=1653 R=3979 -> Venta=3200 [ok]
[4067/10892] Samsung TAPA SAMSUNG GALAXY A42 5G NEGRA  : Costo=1653 R=3979 -> Venta=3200 [ok]
[4068/10892] Samsung TAPA SAMSUNG GALAXY A41 ROJA SIN  : Costo=1653 R=3979 -> Venta=3200 [ok]
[4069/10892] Samsung TAPA SAMSUNG GALAXY A41 AZUL SIN  : Costo=1653 R=3979 -> Venta=3200 [ok]
[4070/10892] Samsung TAPA SAMSUNG GALAXY A41 PLATEADA  : Costo=1653 R=3979 -> Venta=3200 [ok]
[4071/10892] Samsung TAPA SAMSUNG GALAXY A41 NEGRA SI  : Costo=1653 R=3979 -> Venta=3200 [ok]
[4072/10892] Samsung TAPA SAMSUNG GALAXY A40 NEGRA CO  : Costo=5694 R=13710 -> Venta=8700 [ok]
[4073/10892] Samsung TAPA SAMSUNG GALAXY A40 AZUL CON  : Costo=5694 R=13710 -> Venta=8700 [ok]
[4074/10892] Samsung TAPA SAMSUNG GALAXY A40 NEGRA SI  : Costo=1544 R=3716 -> Venta=3000 [ok]
[4075/10892] Samsung TAPA SAMSUNG GALAXY A40 AZUL  SI  : Costo=1544 R=3716 -> Venta=3000 [ok]
[4076/10892] Samsung TAPA SAMSUNG GALAXY A36 NEGRA CO  : Costo=6155 R=14048 -> Venta=9200 [ok]
[4077/10892] Samsung TAPA SAMSUNG GALAXY A36 MORADA S  : Costo=2445 R=5580 -> Venta=3900 [ok]
[4078/10892] Samsung TAPA SAMSUNG GALAXY A36 NEGRO SI  : Costo=2445 R=5580 -> Venta=3900 [ok]
[4079/10892] Samsung TAPA SAMSUNG GALAXY A36 VERDE SI  : Costo=2445 R=5580 -> Venta=3900 [ok]
[4080/10892] Samsung TAPA SAMSUNG GALAXY A36 BLANCA S  : Costo=2445 R=5580 -> Venta=3900 [ok]
[4081/10892] Samsung TAPA SAMSUNG GALAXY A35 BLANCA C  : Costo=5611 R=13473 -> Venta=8600 [ok]
[4082/10892] Samsung TAPA SAMSUNG GALAXY A35 VERDE SI  : Costo=2047 R=4915 -> Venta=3500 [ok]
[4083/10892] Samsung TAPA SAMSUNG GALAXY A35 AZUL NAV  : Costo=1719 R=2292 -> Venta=3200 [ok]
[4084/10892] Samsung TAPA SAMSUNG GALAXY A35 LILA SIN  : Costo=2047 R=4915 -> Venta=3500 [ok]
[4085/10892] Samsung TAPA SAMSUNG GALAXY A35 BLANCA S  : Costo=1719 R=2292 -> Venta=3200 [ok]
[4086/10892] Samsung TAPA SAMSUNG GALAXY A34 VERDE SI  : Costo=1806 R=4162 -> Venta=3300 [ok]
[4087/10892] Samsung TAPA SAMSUNG GALAXY A34 BLANCA S  : Costo=1609 R=2145 -> Venta=3100 [ok]
[4088/10892] Samsung TAPA SAMSUNG GALAXY A34 NEGRA SI  : Costo=1806 R=4162 -> Venta=3300 [ok]
[4089/10892] Samsung TAPA SAMSUNG GALAXY A33 5G ANARA  : Costo=2037 R=4903 -> Venta=3500 [ok]
[4090/10892] Samsung TAPA SAMSUNG GALAXY A33 5G BLANC  : Costo=2154 R=5186 -> Venta=3700 [ok]
[4091/10892] Samsung TAPA SAMSUNG GALAXY A33 5G AZUL   : Costo=2037 R=4903 -> Venta=3500 [ok]
[4092/10892] Samsung TAPA SAMSUNG GALAXY A33 5G NEGRA  : Costo=2154 R=5186 -> Venta=3700 [ok]
[4093/10892] Samsung TAPA SAMSUNG GALAXY A33 4G NARAN  : Costo=1964 R=4717 -> Venta=3500 [ok]
[4094/10892] Samsung TAPA SAMSUNG GALAXY A33 4G AZUL   : Costo=2185 R=5247 -> Venta=3700 [ok]
[4095/10892] Samsung TAPA SAMSUNG GALAXY A33 4G BLANC  : Costo=2185 R=5247 -> Venta=3700 [ok]
[4096/10892] Samsung TAPA SAMSUNG GALAXY A33 4G NEGRA  : Costo=1880 R=4513 -> Venta=3400 [ok]
[4097/10892] Samsung TAPA SAMSUNG GALAXY A32 4G MORAD  : Costo=2616 R=5971 -> Venta=4100 [ok]
[4098/10892] Samsung TAPA SAMSUNG GALAXY A32 4G AZUL   : Costo=2616 R=5971 -> Venta=4100 [ok]
[4099/10892] Samsung TAPA SAMSUNG GALAXY A32 4G BLANC  : Costo=2616 R=5971 -> Venta=4100 [ok]
[4100/10892] Samsung TAPA SAMSUNG GALAXY A32 4G NEGRA  : Costo=2616 R=5971 -> Venta=4100 [ok]
[4101/10892] Samsung TAPA SAMSUNG GALAXY A31 AZUL SIN  : Costo=1598 R=3683 -> Venta=3100 [ok]
[4102/10892] Samsung TAPA SAMSUNG GALAXY A31 BLANCA S  : Costo=1987 R=4579 -> Venta=3500 [ok]
[4103/10892] Samsung TAPA SAMSUNG GALAXY A31 NEGRA SI  : Costo=1461 R=1948 -> Venta=3000 [ok]
[4104/10892] Samsung TAPA SAMSUNG GALAXY A31 NEGRA CO  : Costo=3894 R=9351 -> Venta=5400 [ok]
[4105/10892] Samsung TAPA SAMSUNG GALAXY A30S BLANCA   : Costo=4957 R=11422 -> Venta=6500 [ok]
[4106/10892] Samsung TAPA SAMSUNG GALAXY A30S VERDE C  : Costo=4957 R=11422 -> Venta=6500 [ok]
[4107/10892] Samsung TAPA SAMSUNG GALAXY A30S NEGRA C  : Costo=4957 R=11422 -> Venta=6500 [ok]
[4108/10892] Samsung TAPA SAMSUNG GALAXY A30S VERDE S  : Costo=1656 R=3779 -> Venta=3200 [ok]
[4109/10892] Samsung TAPA SAMSUNG GALAXY A30S BLANCA   : Costo=1574 R=3591 -> Venta=3100 [ok]
[4110/10892] Samsung TAPA SAMSUNG GALAXY A30S NEGRA S  : Costo=2060 R=4700 -> Venta=3600 [ok]
[4111/10892] Samsung TAPA SAMSUNG GALAXY A30 A305 CEL  : Costo=2121 R=5106 -> Venta=3600 [ok]
[4112/10892] Samsung TAPA SAMSUNG GALAXY A26 NEGRA CO  : Costo=6155 R=14048 -> Venta=9200 [ok]
[4113/10892] Samsung TAPA SAMSUNG GALAXY A26 ROSADA S  : Costo=2445 R=5580 -> Venta=3900 [ok]
[4114/10892] Samsung TAPA SAMSUNG GALAXY A26 VERDE SI  : Costo=2445 R=5580 -> Venta=3900 [ok]
[4115/10892] Samsung TAPA SAMSUNG GALAXY A26 BLANCA S  : Costo=2445 R=5580 -> Venta=3900 [ok]
[4116/10892] Samsung TAPA SAMSUNG GALAXY A26 NEGRA SI  : Costo=2445 R=5580 -> Venta=3900 [ok]
[4117/10892] Samsung TAPA SAMSUNG GALAXY A25 AZUL SIN  : Costo=1461 R=1948 -> Venta=3000 [ok]
[4118/10892] Samsung TAPA SAMSUNG GALAXY A25 BLANCA S  : Costo=1415 R=3397 -> Venta=2900 [ok]
[4119/10892] Samsung TAPA SAMSUNG GALAXY A25 AMARILLA  : Costo=1415 R=3397 -> Venta=2900 [ok]
[4120/10892] Samsung TAPA SAMSUNG GALAXY A25 NEGRA SI  : Costo=1415 R=3397 -> Venta=2900 [ok]
[4121/10892] Samsung TAPA SAMSUNG GALAXY A24 ROJO SIN  : Costo=1706 R=3931 -> Venta=3200 [ok]
[4122/10892] Samsung TAPA SAMSUNG GALAXY A24 VERDE SI  : Costo=1683 R=2244 -> Venta=3200 [ok]
[4123/10892] Samsung TAPA SAMSUNG GALAXY A24 PLATEADA  : Costo=1706 R=3931 -> Venta=3200 [ok]
[4124/10892] Samsung TAPA SAMSUNG GALAXY A24 NEGRA SI  : Costo=1706 R=3931 -> Venta=3200 [ok]
[4125/10892] Samsung TAPA SAMSUNG GALAXY A23 ROSADA S  : Costo=2065 R=4712 -> Venta=3600 [ok]
[4126/10892] Samsung TAPA SAMSUNG GALAXY A23 NARANJA   : Costo=2358 R=5381 -> Venta=3900 [ok]
[4127/10892] Samsung TAPA SAMSUNG GALAXY A23 BLANCA S  : Costo=2245 R=5124 -> Venta=3700 [ok]
[4128/10892] Samsung TAPA SAMSUNG GALAXY A23 NEGRO SI  : Costo=2245 R=5124 -> Venta=3700 [ok]
[4129/10892] Samsung TAPA SAMSUNG GALAXY A22 5G VERDE  : Costo=2060 R=4700 -> Venta=3600 [ok]
[4130/10892] Samsung TAPA SAMSUNG GALAXY A22 5G BLANC  : Costo=2060 R=4700 -> Venta=3600 [ok]
[4131/10892] Samsung TAPA SAMSUNG GALAXY A22 5G NEGRA  : Costo=2060 R=4700 -> Venta=3600 [ok]
[4132/10892] Samsung TAPA SAMSUNG GALAXY A22 4G MORAD  : Costo=2037 R=4903 -> Venta=3500 [ok]
[4133/10892] Samsung TAPA SAMSUNG GALAXY A22 4G VERDE  : Costo=2053 R=2737 -> Venta=3600 [ok]
[4134/10892] Samsung TAPA SAMSUNG GALAXY A22 4G BLANC  : Costo=2154 R=5186 -> Venta=3700 [ok]
[4135/10892] Samsung TAPA SAMSUNG GALAXY A22 4G NEGRA  : Costo=2037 R=4903 -> Venta=3500 [ok]
[4136/10892] Samsung TAPA SAMSUNG GALAXY A21S ROJA CO  : Costo=4310 R=9836 -> Venta=5800 [ok]
[4137/10892] Samsung TAPA SAMSUNG GALAXY A21S AZUL CO  : Costo=3459 R=4611 -> Venta=5000 [ok]
[4138/10892] Samsung TAPA SAMSUNG GALAXY A21S BLANCA   : Costo=3459 R=4611 -> Venta=5000 [ok]
[4139/10892] Samsung TAPA SAMSUNG GALAXY A21S NEGRA C  : Costo=3459 R=4611 -> Venta=5000 [ok]
[4140/10892] Samsung TAPA SAMSUNG GALAXY A21S AZUL SI  : Costo=2060 R=4700 -> Venta=3600 [ok]
[4141/10892] Samsung TAPA SAMSUNG GALAXY A21S BLANCA   : Costo=1461 R=1948 -> Venta=3000 [ok]
[4142/10892] Samsung TAPA SAMSUNG GALAXY A21S NEGRA S  : Costo=2060 R=4700 -> Venta=3600 [ok]
[4143/10892] Samsung TAPA SAMSUNG GALAXY A20S NEGRA C  : Costo=3780 R=4860 -> Venta=5300 [ok]
[4144/10892] Samsung TAPA SAMSUNG GALAXY A20S VERDE S  : Costo=1574 R=3591 -> Venta=3100 [ok]
[4145/10892] Samsung TAPA SAMSUNG GALAXY A20S AZUL SI  : Costo=1656 R=3779 -> Venta=3200 [ok]
[4146/10892] Samsung TAPA SAMSUNG GALAXY A20S NEGRA S  : Costo=2060 R=4700 -> Venta=3600 [ok]
[4147/10892] Samsung TAPA SAMSUNG GALAXY A20E BLANCO   : Costo=4751 R=11438 -> Venta=6300 [ok]
[4148/10892] Samsung TAPA SAMSUNG GALAXY A20E AZUL CO  : Costo=4751 R=11438 -> Venta=6300 [ok]
[4149/10892] Samsung TAPA SAMSUNG GALAXY A20E AZUL SI  : Costo=2487 R=5987 -> Venta=4000 [ok]
[4150/10892] Samsung TAPA SAMSUNG GALAXY A20E BLANCA   : Costo=2487 R=5987 -> Venta=4000 [ok]
[4151/10892] Samsung TAPA SAMSUNG GALAXY A20E NEGRA S  : Costo=2487 R=5987 -> Venta=4000 [ok]
[4152/10892] Samsung TAPA SAMSUNG GALAXY A15 AZUL CLA  : Costo=2387 R=5499 -> Venta=3900 [ok]
[4153/10892] Samsung TAPA SAMSUNG GALAXY A15 NEGRA SI  : Costo=2387 R=5499 -> Venta=3900 [ok]
[4154/10892] Samsung TAPA SAMSUNG GALAXY A15 AZUL SIN  : Costo=2387 R=5499 -> Venta=3900 [ok]
[4155/10892] Samsung TAPA SAMSUNG GALAXY A14 VERDE SI  : Costo=2261 R=2907 -> Venta=3800 [ok]
[4156/10892] Samsung TAPA SAMSUNG GALAXY A14 PLATEADA  : Costo=2035 R=4886 -> Venta=3500 [ok]
[4157/10892] Samsung TAPA SAMSUNG GALAXY A14 ROJA SIN  : Costo=2035 R=4886 -> Venta=3500 [ok]
[4158/10892] Samsung TAPA SAMSUNG GALAXY A14 NEGRA SI  : Costo=2035 R=4886 -> Venta=3500 [ok]
[4159/10892] Samsung TAPA SAMSUNG GALAXY A13 5G NEGRA  : Costo=2802 R=6394 -> Venta=4300 [ok]
[4160/10892] Samsung TAPA SAMSUNG GALAXY A13 4G BLANC  : Costo=2802 R=6394 -> Venta=4300 [ok]
[4161/10892] Samsung TAPA SAMSUNG GALAXY A13 4G AZUL   : Costo=2395 R=5518 -> Venta=3900 [ok]
[4162/10892] Samsung TAPA SAMSUNG GALAXY A13 4G NEGRA  : Costo=2201 R=2935 -> Venta=3700 [ok]
[4163/10892] Samsung TAPA SAMSUNG GALAXY A12S A127 AZ  : Costo=2395 R=5518 -> Venta=3900 [ok]
[4164/10892] Samsung TAPA SAMSUNG GALAXY A12S A127 RO  : Costo=2395 R=5518 -> Venta=3900 [ok]
[4165/10892] Samsung TAPA SAMSUNG GALAXY A12S A127 NE  : Costo=2395 R=5518 -> Venta=3900 [ok]
[4166/10892] Samsung TAPA SAMSUNG GALAXY A12 BLANCA S  : Costo=3578 R=8245 -> Venta=5100 [ok]
[4167/10892] Samsung TAPA SAMSUNG GALAXY A12 NEGRO SI  : Costo=3578 R=8245 -> Venta=5100 [ok]
[4168/10892] Samsung TAPA SAMSUNG GALAXY A11 ROJA SIN  : Costo=1706 R=3931 -> Venta=3200 [ok]
[4169/10892] Samsung TAPA SAMSUNG GALAXY A11 AZUL SIN  : Costo=1796 R=4137 -> Venta=3300 [ok]
[4170/10892] Samsung TAPA SAMSUNG GALAXY A11 BLANCA S  : Costo=1796 R=4137 -> Venta=3300 [ok]
[4171/10892] Samsung TAPA SAMSUNG GALAXY A11 NEGRA SI  : Costo=2053 R=2737 -> Venta=3600 [ok]
[4172/10892] Samsung TAPA SAMSUNG GALAXY A10S VERDE C  : Costo=3915 R=8934 -> Venta=5400 [ok]
[4173/10892] Samsung TAPA SAMSUNG GALAXY A10S AZUL CO  : Costo=3915 R=8934 -> Venta=5400 [ok]
[4174/10892] Samsung TAPA SAMSUNG GALAXY A10S NEGRA C  : Costo=3915 R=8934 -> Venta=5400 [ok]
[4175/10892] Samsung TAPA SAMSUNG GALAXY A10S VERDE S  : Costo=2408 R=5783 -> Venta=3900 [ok]
[4176/10892] Samsung TAPA SAMSUNG GALAXY A10S ROJA SI  : Costo=2650 R=6364 -> Venta=4200 [ok]
[4177/10892] Samsung TAPA SAMSUNG GALAXY A10S AZUL SI  : Costo=2650 R=6364 -> Venta=4200 [ok]
[4178/10892] Samsung TAPA SAMSUNG GALAXY A10S NEGRA S  : Costo=2190 R=5258 -> Venta=3700 [ok]
[4179/10892] Samsung TAPA SAMSUNG GALAXY A06 AZUL CON  : Costo=5130 R=12318 -> Venta=8100 [ok]
[4180/10892] Samsung TAPA SAMSUNG GALAXY A06 NEGRA CO  : Costo=6529 R=15677 -> Venta=9500 [ok]
[4181/10892] Samsung TAPA SAMSUNG GALAXY A06 AZUL SIN  : Costo=1566 R=3759 -> Venta=3100 [ok]
[4182/10892] Samsung TAPA SAMSUNG GALAXY A06 CREMA SI  : Costo=1566 R=3759 -> Venta=3100 [ok]
[4183/10892] Samsung TAPA SAMSUNG GALAXY A06 BLANCA S  : Costo=1566 R=3759 -> Venta=3100 [ok]
[4184/10892] Samsung TAPA SAMSUNG GALAXY A06 NEGRA SI  : Costo=2035 R=4886 -> Venta=3500 [ok]
[4185/10892] Samsung TAPA SAMSUNG GALAXY A05S MORADA   : Costo=2190 R=5046 -> Venta=3700 [ok]
[4186/10892] Samsung TAPA SAMSUNG GALAXY A05S VERDE S  : Costo=2190 R=5046 -> Venta=3700 [ok]
[4187/10892] Samsung TAPA SAMSUNG GALAXY A05S PLATEAD  : Costo=2190 R=5046 -> Venta=3700 [ok]
[4188/10892] Samsung TAPA SAMSUNG GALAXY A05S NEGRA S  : Costo=2190 R=5046 -> Venta=3700 [ok]
[4189/10892] Samsung TAPA SAMSUNG GALAXY A05 VERDE SI  : Costo=2189 R=5045 -> Venta=3700 [ok]
[4190/10892] Samsung TAPA SAMSUNG GALAXY A05 BLANCA S  : Costo=2189 R=5045 -> Venta=3700 [ok]
[4191/10892] Samsung TAPA SAMSUNG GALAXY A05 NEGRA SI  : Costo=2189 R=5045 -> Venta=3700 [ok]
[4192/10892] Samsung TAPA SAMSUNG GALAXY A04S COBRE S  : Costo=2363 R=5445 -> Venta=3900 [ok]
[4193/10892] Samsung TAPA SAMSUNG GALAXY A04S BLANCA   : Costo=2657 R=6122 -> Venta=4200 [ok]
[4194/10892] Samsung TAPA SAMSUNG GALAXY A04S VERDE S  : Costo=2657 R=6122 -> Venta=4200 [ok]
[4195/10892] Samsung TAPA SAMSUNG GALAXY A04S NEGRA S  : Costo=2363 R=5445 -> Venta=3900 [ok]
[4196/10892] Samsung TAPA SAMSUNG GALAXY A04 COBRE SI  : Costo=2154 R=5166 -> Venta=3700 [ok]
[4197/10892] Samsung TAPA SAMSUNG GALAXY A04 BLANCA S  : Costo=2053 R=2737 -> Venta=3600 [ok]
[4198/10892] Samsung TAPA SAMSUNG GALAXY A04 VERDE SI  : Costo=2035 R=4880 -> Venta=3500 [ok]
[4199/10892] Samsung TAPA SAMSUNG GALAXY A04 NEGRO SI  : Costo=2154 R=5166 -> Venta=3700 [ok]
[4200/10892] Samsung TAPA SAMSUNG GALAXY A03 CORE A03  : Costo=2802 R=6394 -> Venta=4300 [ok]
[4201/10892] Samsung TAPA SAMSUNG GALAXY A03 CORE A03  : Costo=2802 R=6394 -> Venta=4300 [ok]
[4202/10892] Samsung TAPA SAMSUNG GALAXY A03 A035 AZU  : Costo=2245 R=5124 -> Venta=3700 [ok]
[4203/10892] Samsung TAPA SAMSUNG GALAXY A03 A035 ROJ  : Costo=3570 R=8227 -> Venta=5100 [ok]
[4204/10892] Samsung TAPA SAMSUNG GALAXY A03 A035 NEG  : Costo=1831 R=2441 -> Venta=3300 [ok]
[4205/10892] Samsung TAPA SAMSUNG GALAXY A02S BLANCA   : Costo=2198 R=5064 -> Venta=3700 [ok]
[4206/10892] Samsung TAPA SAMSUNG GALAXY A02S ROJA SI  : Costo=2198 R=5064 -> Venta=3700 [ok]
[4207/10892] Samsung TAPA SAMSUNG GALAXY A02S NEGRO S  : Costo=2198 R=5064 -> Venta=3700 [ok]
[4208/10892] Samsung TAPA SAMSUNG GALAXY A01 CORE ROJ  : Costo=1844 R=4250 -> Venta=3300 [ok]
[4209/10892] Samsung TAPA SAMSUNG GALAXY A01 CORE AZU  : Costo=1294 R=2982 -> Venta=2800 [ok]
[4210/10892] Samsung TAPA SAMSUNG GALAXY A01 CORE NEG  : Costo=1294 R=2982 -> Venta=2800 [ok]
[4211/10892] HONOR TAPA PURA 70 PRO BLANCA SIN MARCO   : Costo=4216 R=10124 -> Venta=5700 [ok]
[4212/10892] HONOR TAPA PURA 70 PRO NEGRA SIN MARCO    : Costo=4216 R=10124 -> Venta=5700 [ok]
[4213/10892] HONOR TAPA PURA 70 ROSADA SIN MARCO       : Costo=4216 R=10124 -> Venta=5700 [ok]
[4214/10892] HONOR TAPA PURA 70 CELESTE SIN MARCO      : Costo=4216 R=10124 -> Venta=5700 [ok]
[4215/10892] HONOR TAPA PURA 70 BLANCA SIN MARCO       : Costo=4216 R=10124 -> Venta=5700 [ok]
[4216/10892] HONOR TAPA PURA 70 NEGRA SIN MARCO        : Costo=4216 R=10124 -> Venta=5700 [ok]
[4217/10892] MOTOROLA TAPA MOTOROLA ONE MACRO CELESTE  : Costo=3046 R=7334 -> Venta=4500 [ok]
[4218/10892] MOTOROLA TAPA MOTOROLA ONE FUSION AZUL S  : Costo=3544 R=8088 -> Venta=5000 [ok]
[4219/10892] MOTOROLA TAPA MOTOROLA ONE FUSION VERDE   : Costo=3544 R=8088 -> Venta=5000 [ok]
[4220/10892] MOTOROLA TAPA MOTOROLA MOTO G85 5G VERDE  : Costo=4657 R=10628 -> Venta=6200 [ok]
[4221/10892] MOTOROLA TAPA MOTOROLA MOTO G85 5G AZUL   : Costo=4657 R=10628 -> Venta=6200 [ok]
[4222/10892] MOTOROLA TAPA MOTOROLA MOTO G85 5G GRIS   : Costo=4657 R=10628 -> Venta=6200 [ok]
[4223/10892] MOTOROLA TAPA MOTOROLA MOTO G8 POWER LIT  : Costo=3544 R=8088 -> Venta=5000 [ok]
[4224/10892] MOTOROLA TAPA MOTOROLA MOTO G8 POWER LIT  : Costo=3544 R=8088 -> Venta=5000 [ok]
[4225/10892] MOTOROLA TAPA MOTOROLA MOTO G72 BLANCA S  : Costo=3104 R=7446 -> Venta=4600 [ok]
[4226/10892] MOTOROLA TAPA MOTOROLA MOTO G72 NEGRA SI  : Costo=3287 R=7884 -> Venta=4800 [ok]
[4227/10892] MOTOROLA TAPA MOTOROLA MOTO G72 NEGRA CO  : Costo=5179 R=12423 -> Venta=8200 [ok]
[4228/10892] MOTOROLA TAPA MOTOROLA MOTO G72 BLANCA C  : Costo=5179 R=12423 -> Venta=8200 [ok]
[4229/10892] MOTOROLA TAPA MOTOROLA MOTO G30 MORADA S  : Costo=2896 R=6973 -> Venta=4400 [ok]
[4230/10892] MOTOROLA TAPA MOTOROLA MOTO G30 VERDE/ M  : Costo=3046 R=7334 -> Venta=4500 [ok]
[4231/10892] MOTOROLA TAPA MOTOROLA MOTO G30 NEGRA SI  : Costo=2918 R=7025 -> Venta=4400 [ok]
[4232/10892] MOTOROLA TAPA MOTOROLA MOTO G30 CELESTE   : Costo=3046 R=7334 -> Venta=4500 [ok]
[4233/10892] MOTOROLA TAPA MOTOROLA MOTO G20 ROSADA S  : Costo=3570 R=8226 -> Venta=5100 [ok]
[4234/10892] MOTOROLA TAPA MOTOROLA MOTO G20 AZUL SIN  : Costo=3419 R=7879 -> Venta=4900 [ok]
[4235/10892] MOTOROLA TAPA MOTOROLA MOTO G15 GRIS CON  : Costo=5970 R=13625 -> Venta=9000 [ok]
[4236/10892] MOTOROLA TAPA MOTOROLA MOTO G15 NARANJA   : Costo=4100 R=9358 -> Venta=5600 [ok]
[4237/10892] MOTOROLA TAPA MOTOROLA MOTO G15 VERDE SI  : Costo=4100 R=9358 -> Venta=5600 [ok]
[4238/10892] MOTOROLA TAPA MOTOROLA MOTO G15 NEGRA SI  : Costo=4100 R=9358 -> Venta=5600 [ok]
[4239/10892] MOTOROLA TAPA MOTOROLA MOTO G100 AZUL SI  : Costo=3426 R=8226 -> Venta=4900 [ok]
[4240/10892] MOTOROLA TAPA MOTOROLA MOTO G100 (CELEST  : Costo=3274 R=7862 -> Venta=4800 [ok]
[4241/10892] MOTOROLA TAPA MOTOROLA MOTO EDGE 50 PRO   : Costo=4657 R=10628 -> Venta=6200 [ok]
[4242/10892] MOTOROLA TAPA MOTOROLA MOTO EDGE 50 PRO   : Costo=4657 R=10628 -> Venta=6200 [ok]
[4243/10892] MOTOROLA TAPA MOTOROLA MOTO EDGE 50 PRO   : Costo=4657 R=10628 -> Venta=6200 [ok]
[4244/10892] MOTOROLA TAPA MOTOROLA MOTO EDGE 40 NEO   : Costo=5754 R=13816 -> Venta=8800 [ok]
[4245/10892] MOTOROLA TAPA MOTOROLA MOTO EDGE 40 NEO   : Costo=5754 R=13816 -> Venta=8800 [ok]
[4246/10892] MOTOROLA TAPA MOTOROLA MOTO EDGE 20 PRO   : Costo=4671 R=10661 -> Venta=6200 [ok]
[4247/10892] MOTOROLA TAPA MOTOROLA MOTO EDGE 20 PRO   : Costo=4671 R=10661 -> Venta=6200 [ok]
[4248/10892] MOTOROLA TAPA MOTOROLA MOTO EDGE 20 LITE  : Costo=4671 R=10661 -> Venta=6200 [ok]
[4249/10892] MOTOROLA TAPA MOTOROLA MOTO EDGE 20 LITE  : Costo=4657 R=10628 -> Venta=6200 [ok]
[4250/10892] MOTOROLA TAPA MOTOROLA MOTO EDGE 20 LITE  : Costo=4657 R=10628 -> Venta=6200 [ok]
[4251/10892] MOTOROLA TAPA MOTOROLA MOTO EDGE 20 VERD  : Costo=3729 R=8511 -> Venta=5200 [ok]
[4252/10892] MOTOROLA TAPA MOTOROLA MOTO EDGE 20 CELE  : Costo=3729 R=8511 -> Venta=5200 [ok]
[4253/10892] MOTOROLA TAPA MOTOROLA MOTO EDGE 20 GRIS  : Costo=3729 R=8511 -> Venta=5200 [ok]
[4254/10892] MOTOROLA TAPA MOTOROLA MOTO EDGE  50 FUS  : Costo=14741 R=35399 -> Venta=18400 [ok]
[4255/10892] MOTOROLA TAPA MOTOROLA MOTO EDGE  50 FUS  : Costo=6529 R=15677 -> Venta=9500 [ok]
[4256/10892] MOTOROLA TAPA MOTOROLA MOTO EDGE  50 FUS  : Costo=6529 R=15677 -> Venta=9500 [ok]
[4257/10892] MOTOROLA TAPA MOTOROLA MOTO EDGE  50 FUS  : Costo=6529 R=15677 -> Venta=9500 [ok]
[4258/10892] MOTOROLA TAPA MOTOROLA MOTO EDGE  50 NAR  : Costo=4657 R=10628 -> Venta=6200 [ok]
[4259/10892] MOTOROLA TAPA MOTOROLA MOTO EDGE  50 VER  : Costo=4657 R=10628 -> Venta=6200 [ok]
[4260/10892] MOTOROLA TAPA MOTOROLA MOTO EDGE  50 GRI  : Costo=4657 R=10628 -> Venta=6200 [ok]
[4261/10892] MOTOROLA TAPA MOTOROLA MOTO E6S NEGRA SI  : Costo=3429 R=8235 -> Venta=4900 [ok]
[4262/10892] MOTOROLA TAPA MOTOROLA MOTO E6I GRIS SIN  : Costo=3394 R=7821 -> Venta=4900 [ok]
[4263/10892] MOTOROLA TAPA MOTOROLA MOTO E22I PLATEAD  : Costo=4671 R=10661 -> Venta=6200 [ok]
[4264/10892] MOTOROLA TAPA MOTOROLA MOTO E22I NEGRA C  : Costo=4671 R=10661 -> Venta=6200 [ok]
[4265/10892] MOTOROLA TAPA MOTOROLA MOTO E22I BLANCA   : Costo=3287 R=7884 -> Venta=4800 [ok]
[4266/10892] MOTOROLA TAPA MOTOROLA MOTO E22I GRIS SI  : Costo=3287 R=7884 -> Venta=4800 [ok]
[4267/10892] MOTOROLA TAPA MOTOROLA MOTO E22 CELESTE   : Costo=2616 R=5971 -> Venta=4100 [ok]
[4268/10892] MOTOROLA TAPA MOTOROLA MOTO E22 NEGRA SI  : Costo=2616 R=5971 -> Venta=4100 [ok]
[4269/10892] MOTOROLA TAPA MOTOROLA MOTO E14 NEGRA CO  : Costo=3568 R=4758 -> Venta=5100 [ok]
[4270/10892] MOTOROLA TAPA MOTOROLA MOTO E14 VERDE SI  : Costo=3173 R=7241 -> Venta=4700 [ok]
[4271/10892] MOTOROLA TAPA MOTOROLA MOTO E14 MORADO S  : Costo=3173 R=7241 -> Venta=4700 [ok]
[4272/10892] MOTOROLA TAPA MOTOROLA MOTO E14 NEGRA SI  : Costo=3173 R=7241 -> Venta=4700 [ok]
[4273/10892] MOTOROLA TAPA MOTOROLA G84 ROJA SIN MARC  : Costo=4162 R=9590 -> Venta=5700 [ok]
[4274/10892] MOTOROLA TAPA MOTOROLA G72 GRIS SIN MARC  : Costo=3582 R=8254 -> Venta=5100 [ok]
[4275/10892] MOTOROLA TAPA MOTOROLA G72 AZUL SIN MARC  : Costo=3582 R=8254 -> Venta=5100 [ok]
[4276/10892] MOTOROLA TAPA MOTOROLA G54 VERDE SIN MAR  : Costo=4162 R=9590 -> Venta=5700 [ok]
[4277/10892] MOTOROLA TAPA MOTOROLA G54 AZUL SIN MARC  : Costo=4162 R=9590 -> Venta=5700 [ok]
[4278/10892] MOTOROLA TAPA MOTOROLA G51 PLATEADA SIN   : Costo=2385 R=3180 -> Venta=3900 [ok]
[4279/10892] MOTOROLA TAPA MOTOROLA G51 AZUL SIN MARC  : Costo=2385 R=3180 -> Venta=3900 [ok]
[4280/10892] MOTOROLA TAPA MOTOROLA G32 ROSADA SIN MA  : Costo=4903 R=11298 -> Venta=6400 [ok]
[4281/10892] MOTOROLA TAPA MOTOROLA G32 PLATEADA SIN   : Costo=4903 R=11298 -> Venta=6400 [ok]
[4282/10892] MOTOROLA TAPA MOTOROLA G32 GRIS SIN MARC  : Costo=4903 R=11298 -> Venta=6400 [ok]
[4283/10892] MOTOROLA TAPA MOTOROLA G22 VERDE SIN MAR  : Costo=1941 R=2588 -> Venta=3400 [ok]
[4284/10892] MOTOROLA TAPA MOTOROLA G22 GRIS SIN MARC  : Costo=2887 R=6653 -> Venta=4400 [ok]
[4285/10892] MOTOROLA TAPA MOTOROLA G22 BLANCO SIN MA  : Costo=1941 R=2588 -> Venta=3400 [ok]
[4286/10892] MOTOROLA TAPA MOTOROLA G13 GRIS SIN MARC  : Costo=3373 R=7772 -> Venta=4900 [ok]
[4287/10892] MOTOROLA TAPA MOTOROLA G13 ROSADA SIN MA  : Costo=3373 R=7772 -> Venta=4900 [ok]
[4288/10892] MOTOROLA TAPA MOTOROLA G13 AZUL SIN MARC  : Costo=3373 R=7772 -> Venta=4900 [ok]
[4289/10892] MOTOROLA TAPA MOTOROLA EDGE 30 NEO EDGE   : Costo=3019 R=6956 -> Venta=4500 [ok]
[4290/10892] MOTOROLA TAPA MOTOROLA EDGE 30 NEO EDGE   : Costo=3019 R=6956 -> Venta=4500 [ok]
[4291/10892] MOTOROLA TAPA MOTOROLA E40 ROSADA SIN MA  : Costo=3544 R=8088 -> Venta=5000 [ok]
[4292/10892] MOTOROLA TAPA MOTOROLA E40 NEGRA SIN MAR  : Costo=3544 R=8088 -> Venta=5000 [ok]
[4293/10892] MOTOROLA TAPA MOTOROLA E20 AZUL SIN MARC  : Costo=3173 R=7241 -> Venta=4700 [ok]
[4294/10892] MOTOROLA TAPA MOTOROLA E20 GRIS SIN MARC  : Costo=3173 R=7241 -> Venta=4700 [ok]
[4295/10892] MOTOROLA TAPA MOTOROLA E13 GRIS SIN MARC  : Costo=3207 R=7389 -> Venta=4700 [ok]
[4296/10892] MOTOROLA TAPA MOTOROLA E13 AZUL SIN MARC  : Costo=3207 R=7389 -> Venta=4700 [ok]
[4297/10892] Lg TAPA LG K50S AZUL SIN MARCO            : Costo=3237 R=7792 -> Venta=4700 [ok]
[4298/10892] Lg TAPA LG K50S NEGRA SIN MARCO           : Costo=3383 R=8145 -> Venta=4900 [ok]
[4299/10892] Lg TAPA LG K50 AZUL SIN MARCO             : Costo=3287 R=7884 -> Venta=4800 [ok]
[4300/10892] Lg TAPA LG K50 NEGRA SIN MARCO            : Costo=3287 R=7884 -> Venta=4800 [ok]
[4301/10892] Lg TAPA LG K40S NEGRA SIN MARCO           : Costo=2898 R=6976 -> Venta=4400 [ok]
[4302/10892] Lg TAPA LG K40 GRIS SIN MARCO             : Costo=3808 R=9167 -> Venta=5300 [ok]
[4303/10892] APPLE TAPA IPHONE XR AMARILLA SIN MARCO   : Costo=1141 R=2604 -> Venta=2600 [ok]
[4304/10892] APPLE TAPA IPHONE IP 16 PRO GRIS SIN MAR  : Costo=5624 R=12836 -> Venta=8600 [ok]
[4305/10892] APPLE TAPA IPHONE IP 16 PRO DORADO SIN M  : Costo=5624 R=12836 -> Venta=8600 [ok]
[4306/10892] APPLE TAPA IPHONE IP 16 PRO BLANCA SIN M  : Costo=5624 R=12836 -> Venta=8600 [ok]
[4307/10892] APPLE TAPA IPHONE IP 16 PRO NEGRA SIN MA  : Costo=5624 R=12836 -> Venta=8600 [ok]
[4308/10892] APPLE TAPA IPHONE 8G PLUS ROJA SIN MARCO  : Costo=915 R=2109 -> Venta=2400 [ok]
[4309/10892] APPLE TAPA IPHONE 8G PLUS DORADA SIN MAR  : Costo=698 R=930 -> Venta=2200 [ok]
[4310/10892] APPLE TAPA IPHONE 8G PLUS GRIS SIN MARCO  : Costo=698 R=930 -> Venta=2200 [ok]
[4311/10892] APPLE TAPA IPHONE 8G PLUS PLATEADA SIN M  : Costo=956 R=2180 -> Venta=2500 [ok]
[4312/10892] APPLE TAPA IPHONE 8G ROJA SIN MARCO       : Costo=698 R=930 -> Venta=2200 [ok]
[4313/10892] APPLE TAPA IPHONE 8G DORADA SIN MARCO     : Costo=949 R=2165 -> Venta=2400 [ok]
[4314/10892] APPLE TAPA IPHONE 8G GRIS SIN MARCO       : Costo=698 R=930 -> Venta=2200 [ok]
[4315/10892] APPLE TAPA IPHONE 8G PLATEADA SIN MARCO   : Costo=698 R=930 -> Venta=2200 [ok]
[4316/10892] APPLE TAPA IPHONE 16E BLANCA SIN MARCO    : Costo=9309 R=21246 -> Venta=12300 [ok]
[4317/10892] APPLE TAPA IPHONE 16E NEGRA SIN MARCO     : Costo=9309 R=21246 -> Venta=12300 [ok]
[4318/10892] APPLE TAPA IPHONE 16 PRO MAX GRIS SIN MA  : Costo=5624 R=12836 -> Venta=8600 [ok]
[4319/10892] APPLE TAPA IPHONE 16 PRO MAX DORADO SIN   : Costo=5624 R=12836 -> Venta=8600 [ok]
[4320/10892] APPLE TAPA IPHONE 16 PRO MAX BLANCA SIN   : Costo=5624 R=12836 -> Venta=8600 [ok]
[4321/10892] APPLE TAPA IPHONE 16 PRO MAX NEGRA SIN M  : Costo=3139 R=4185 -> Venta=4600 [ok]
[4322/10892] APPLE TAPA IPHONE 16 PLUS AZUL SIN MARCO  : Costo=4882 R=11143 -> Venta=6400 [ok]
[4323/10892] APPLE TAPA IPHONE 16 PLUS VERDE SIN MARC  : Costo=4882 R=11143 -> Venta=6400 [ok]
[4324/10892] APPLE TAPA IPHONE 16 PLUS ROSADA SIN MAR  : Costo=4882 R=11143 -> Venta=6400 [ok]
[4325/10892] APPLE TAPA IPHONE 16 PLUS BLANCA SIN MAR  : Costo=4882 R=11143 -> Venta=6400 [ok]
[4326/10892] APPLE TAPA IPHONE 16 PLUS NEGRA SIN MARC  : Costo=4882 R=11143 -> Venta=6400 [ok]
[4327/10892] APPLE TAPA IPHONE 16 AZUL SIN MARCO       : Costo=4882 R=11143 -> Venta=6400 [ok]
[4328/10892] APPLE TAPA IPHONE 16 VERDE SIN MARCO      : Costo=4882 R=11143 -> Venta=6400 [ok]
[4329/10892] APPLE TAPA IPHONE 16 ROSADA SIN MARCO     : Costo=4882 R=11143 -> Venta=6400 [ok]
[4330/10892] APPLE TAPA IPHONE 16 BLANCA SIN MARCO     : Costo=4882 R=11143 -> Venta=6400 [ok]
[4331/10892] APPLE TAPA IPHONE 16 NEGRA SIN MARCO      : Costo=4882 R=11143 -> Venta=6400 [ok]
[4332/10892] APPLE TAPA IPHONE 15 PRO MAX GRIS SIN MA  : Costo=4681 R=10683 -> Venta=6200 [ok]
[4333/10892] APPLE TAPA IPHONE 15 PRO MAX AZUL  SIN M  : Costo=3139 R=4185 -> Venta=4600 [ok]
[4334/10892] APPLE TAPA IPHONE 15 PRO MAX BLANCO SIN   : Costo=4681 R=10683 -> Venta=6200 [ok]
[4335/10892] APPLE TAPA IPHONE 15 PRO MAX NEGRA SIN M  : Costo=4681 R=10683 -> Venta=6200 [ok]
[4336/10892] APPLE TAPA IPHONE 15 PRO AZUL CON MARCO   : Costo=4836 R=11613 -> Venta=6300 [ok]
[4337/10892] APPLE TAPA IPHONE 15 PRO GRIS SIN MARCO   : Costo=4697 R=10719 -> Venta=6200 [ok]
[4338/10892] APPLE TAPA IPHONE 15 PRO AZUL SIN MARCO   : Costo=4697 R=10719 -> Venta=6200 [ok]
[4339/10892] APPLE TAPA IPHONE 15 PRO BLANCO SIN MARC  : Costo=4697 R=10719 -> Venta=6200 [ok]
[4340/10892] APPLE TAPA IPHONE 15 PRO NEGRA SIN MARCO  : Costo=4697 R=10719 -> Venta=6200 [ok]
[4341/10892] APPLE TAPA IPHONE 15 PLUS AMARILLA SIN M  : Costo=2359 R=5383 -> Venta=3900 [ok]
[4342/10892] APPLE TAPA IPHONE 15 PLUS VERDE SIN MARC  : Costo=3753 R=8566 -> Venta=5300 [ok]
[4343/10892] APPLE TAPA IPHONE 15 PLUS ROSADO SIN MAR  : Costo=3753 R=8566 -> Venta=5300 [ok]
[4344/10892] APPLE TAPA IPHONE 15 PLUS CELESTE SIN MA  : Costo=2359 R=5383 -> Venta=3900 [ok]
[4345/10892] APPLE TAPA IPHONE 15 PLUS NEGRA SIN MARC  : Costo=3753 R=8566 -> Venta=5300 [ok]
[4346/10892] APPLE TAPA IPHONE 15 AMARILLA SIN MARCO   : Costo=3769 R=8602 -> Venta=5300 [ok]
[4347/10892] APPLE TAPA IPHONE 15 ROSADA SIN MARCO     : Costo=3769 R=8602 -> Venta=5300 [ok]
[4348/10892] APPLE TAPA IPHONE 15 VERDE SIN MARCO      : Costo=3769 R=8602 -> Venta=5300 [ok]
[4349/10892] APPLE TAPA IPHONE 15 CELESTE SIN MARCO    : Costo=3769 R=8602 -> Venta=5300 [ok]
[4350/10892] APPLE TAPA IPHONE 15 NEGRA SIN MARCO      : Costo=3759 R=8601 -> Venta=5300 [ok]
[4351/10892] APPLE TAPA IPHONE 14 PRO MAX MORADA SIN   : Costo=1733 R=2311 -> Venta=3200 [ok]
[4352/10892] APPLE TAPA IPHONE 14 PRO MAX DORADA SIN   : Costo=1733 R=2311 -> Venta=3200 [ok]
[4353/10892] APPLE TAPA IPHONE 14 PRO MAX BLANCA SIN   : Costo=1733 R=2311 -> Venta=3200 [ok]
[4354/10892] APPLE TAPA IPHONE 14 PRO MAX NEGRA SIN M  : Costo=1733 R=2311 -> Venta=3200 [ok]
[4355/10892] APPLE TAPA IPHONE 14 PRO MORADA SIN MARC  : Costo=1733 R=2311 -> Venta=3200 [ok]
[4356/10892] APPLE TAPA IPHONE 14 PRO DORADA SIN MARC  : Costo=1733 R=2311 -> Venta=3200 [ok]
[4357/10892] APPLE TAPA IPHONE 14 PRO BLANCA SIN MARC  : Costo=1733 R=2311 -> Venta=3200 [ok]
[4358/10892] APPLE TAPA IPHONE 14 PRO NEGRA SIN MARCO  : Costo=1733 R=2311 -> Venta=3200 [ok]
[4359/10892] APPLE TAPA IPHONE 14 PLUS MORADO SIN MAR  : Costo=1974 R=4735 -> Venta=3500 [ok]
[4360/10892] APPLE TAPA IPHONE 14 PLUS AZUL SIN MARCO  : Costo=1974 R=4735 -> Venta=3500 [ok]
[4361/10892] APPLE TAPA IPHONE 14 PLUS ROJO SIN MARCO  : Costo=1974 R=4735 -> Venta=3500 [ok]
[4362/10892] APPLE TAPA IPHONE 14 PLUS BLANCO SIN MAR  : Costo=1974 R=4735 -> Venta=3500 [ok]
[4363/10892] APPLE TAPA IPHONE 14 PLUS NEGRA SIN MARC  : Costo=1974 R=4735 -> Venta=3500 [ok]
[4364/10892] APPLE TAPA IPHONE 14 NEGRA CON MARCO      : Costo=2251 R=3001 -> Venta=3800 [ok]
[4365/10892] APPLE TAPA IPHONE 14 MORADA SIN MARCO     : Costo=2361 R=5387 -> Venta=3900 [ok]
[4366/10892] APPLE TAPA IPHONE 14 AZUL SIN MARCO       : Costo=3027 R=6909 -> Venta=4500 [ok]
[4367/10892] APPLE TAPA IPHONE 14 ROJA SIN MARCO       : Costo=1368 R=3122 -> Venta=2900 [ok]
[4368/10892] APPLE TAPA IPHONE 14 BLANCA SIN MARCO     : Costo=3027 R=6909 -> Venta=4500 [ok]
[4369/10892] APPLE TAPA IPHONE 14 NEGRA SIN MARCO      : Costo=3027 R=6909 -> Venta=4500 [ok]
[4370/10892] APPLE TAPA IPHONE 13 PRO MAX DORADA SIN   : Costo=1659 R=2212 -> Venta=3200 [ok]
[4371/10892] APPLE TAPA IPHONE 13 PRO MAX AZUL SIN MA  : Costo=1659 R=2212 -> Venta=3200 [ok]
[4372/10892] APPLE TAPA IPHONE 13 PRO MAX BLANCA SIN   : Costo=1728 R=4149 -> Venta=3200 [ok]
[4373/10892] APPLE TAPA IPHONE 13 PRO MAX NEGRO SIN M  : Costo=1659 R=2212 -> Venta=3200 [ok]
[4374/10892] APPLE TAPA IPHONE 13 PRO VERDE SIN MARCO  : Costo=1659 R=2212 -> Venta=3200 [ok]
[4375/10892] APPLE TAPA IPHONE 13 PRO DORADA SIN MARC  : Costo=2069 R=4721 -> Venta=3600 [ok]
[4376/10892] APPLE TAPA IPHONE 13 PRO AZUL SIN MARCO   : Costo=2069 R=4721 -> Venta=3600 [ok]
[4377/10892] APPLE TAPA IPHONE 13 PRO BLANCA SIN MARC  : Costo=2069 R=4721 -> Venta=3600 [ok]
[4378/10892] APPLE TAPA IPHONE 13 PRO NEGRO SIN MARCO  : Costo=2069 R=4721 -> Venta=3600 [ok]
[4379/10892] APPLE TAPA IPHONE 13 MINI AZUL OSCURO     : Costo=1660 R=3789 -> Venta=3200 [ok]
[4380/10892] APPLE TAPA IPHONE 13 MINI ROSADA SIN MAR  : Costo=1660 R=3789 -> Venta=3200 [ok]
[4381/10892] APPLE TAPA IPHONE 13 MINI ROJA SIN MARCO  : Costo=1660 R=3789 -> Venta=3200 [ok]
[4382/10892] APPLE TAPA IPHONE 13 MINI BLANCA SIN MAR  : Costo=1660 R=3789 -> Venta=3200 [ok]
[4383/10892] APPLE TAPA IPHONE 13 MINI AZUL SIN MARCO  : Costo=772 R=1029 -> Venta=2300 [ok]
[4384/10892] APPLE TAPA IPHONE 13 MINI NEGRO SIN MARC  : Costo=1141 R=2604 -> Venta=2600 [ok]
[4385/10892] APPLE TAPA IPHONE 13 ROSADA SIN MARCO     : Costo=1141 R=2604 -> Venta=2600 [ok]
[4386/10892] APPLE TAPA IPHONE 13 ROJA SIN MARCO       : Costo=772 R=1029 -> Venta=2300 [ok]
[4387/10892] APPLE TAPA IPHONE 13 BLANCA SIN MARCO     : Costo=1141 R=2604 -> Venta=2600 [ok]
[4388/10892] APPLE TAPA IPHONE 13 AZUL SIN MARCO       : Costo=772 R=1029 -> Venta=2300 [ok]
[4389/10892] APPLE TAPA IPHONE 13 NEGRO SIN MARCO      : Costo=1141 R=2604 -> Venta=2600 [ok]
[4390/10892] APPLE TAPA IPHONE 12 PRO MAX BLANCA SIN   : Costo=1659 R=2212 -> Venta=3200 [ok]
[4391/10892] APPLE TAPA IPHONE 12 PRO MAX AZUL SIN MA  : Costo=2069 R=4721 -> Venta=3600 [ok]
[4392/10892] APPLE TAPA IPHONE 12 PRO MAX DORADA SIN   : Costo=2069 R=4721 -> Venta=3600 [ok]
[4393/10892] APPLE TAPA IPHONE 12 PRO MAX PLATEADA SI  : Costo=2164 R=4939 -> Venta=3700 [ok]
[4394/10892] APPLE TAPA IPHONE 12 PRO MAX GRIS SIN MA  : Costo=2069 R=4721 -> Venta=3600 [ok]
[4395/10892] APPLE TAPA IPHONE 12 PRO AZUL SIN MARCO   : Costo=1659 R=2212 -> Venta=3200 [ok]
[4396/10892] APPLE TAPA IPHONE 12 PRO DORADA SIN MARC  : Costo=2278 R=5197 -> Venta=3800 [ok]
[4397/10892] APPLE TAPA IPHONE 12 PRO PLATEADA SIN MA  : Costo=2069 R=4721 -> Venta=3600 [ok]
[4398/10892] APPLE TAPA IPHONE 12 PRO GRIS SIN MARCO   : Costo=2069 R=4721 -> Venta=3600 [ok]
[4399/10892] APPLE TAPA IPHONE 12 MINI VERDE SIN MARC  : Costo=2079 R=4986 -> Venta=3600 [ok]
[4400/10892] APPLE TAPA IPHONE 12 MINI ROJA SIN MARCO  : Costo=2079 R=4986 -> Venta=3600 [ok]
[4401/10892] APPLE TAPA IPHONE 12 MINI AZUL SIN MARCO  : Costo=2079 R=4986 -> Venta=3600 [ok]
[4402/10892] APPLE TAPA IPHONE 12 MINI BLANCA SIN MAR  : Costo=2079 R=4986 -> Venta=3600 [ok]
[4403/10892] APPLE TAPA IPHONE 12 MINI NEGRO SIN MARC  : Costo=2079 R=4986 -> Venta=3600 [ok]
[4404/10892] APPLE TAPA IPHONE 12 AZUL SIN MARCO       : Costo=772 R=1029 -> Venta=2300 [ok]
[4405/10892] APPLE TAPA IPHONE 12 VERDE SIN MARCO      : Costo=772 R=1029 -> Venta=2300 [ok]
[4406/10892] APPLE TAPA IPHONE 12 ROJA SIN MARCO       : Costo=1141 R=2604 -> Venta=2600 [ok]
[4407/10892] APPLE TAPA IPHONE 12 BLANCA SIN MARCO     : Costo=772 R=1029 -> Venta=2300 [ok]
[4408/10892] APPLE TAPA IPHONE 12 NEGRO SIN MARCO      : Costo=1141 R=2604 -> Venta=2600 [ok]
[4409/10892] APPLE TAPA IPHONE 11 PRO MAX VERDE SIN M  : Costo=2069 R=4721 -> Venta=3600 [ok]
[4410/10892] APPLE TAPA IPHONE 11 PRO MAX PLATEADA SI  : Costo=2278 R=5197 -> Venta=3800 [ok]
[4411/10892] APPLE TAPA IPHONE 11 PRO MAX DORADA SIN   : Costo=2069 R=4721 -> Venta=3600 [ok]
[4412/10892] APPLE TAPA IPHONE 11 PRO MAX GRIS SIN MA  : Costo=2069 R=4721 -> Venta=3600 [ok]
[4413/10892] APPLE TAPA IPHONE 11 PRO VERDE SIN MARCO  : Costo=2278 R=5197 -> Venta=3800 [ok]
[4414/10892] APPLE TAPA IPHONE 11 PRO PLATEADA SIN MA  : Costo=2069 R=4721 -> Venta=3600 [ok]
[4415/10892] APPLE TAPA IPHONE 11 PRO DORADA SIN MARC  : Costo=1807 R=2410 -> Venta=3300 [ok]
[4416/10892] APPLE TAPA IPHONE 11 PRO GRIS SIN MARCO   : Costo=2069 R=4721 -> Venta=3600 [ok]
[4417/10892] APPLE TAPA IPHONE 11 6.1&quot; BLANCA SI  : Costo=772 R=1029 -> Venta=2300 [ok]
[4418/10892] APPLE TAPA IPHONE 11 6.1&quot; VERDE SIN  : Costo=1141 R=2604 -> Venta=2600 [ok]
[4419/10892] APPLE TAPA IPHONE 11 6.1&quot; ROJA SIN   : Costo=1141 R=2604 -> Venta=2600 [ok]
[4420/10892] APPLE TAPA IPHONE 11 6.1&quot; AMARILLA   : Costo=1141 R=2604 -> Venta=2600 [ok]
[4421/10892] APPLE TAPA IPHONE 11 6.1&quot; MORADA SI  : Costo=1141 R=2604 -> Venta=2600 [ok]
[4422/10892] APPLE TAPA IPHONE 11 6.1&quot; NEGRA SIN  : Costo=772 R=1029 -> Venta=2300 [ok]
[4423/10892] HUAWEI TAPA HUAWEI Y9A ROSADA SIN MARCO   : Costo=1992 R=4589 -> Venta=3500 [ok]
[4424/10892] HUAWEI TAPA HUAWEI Y90 AZUL SIN MARCO     : Costo=3065 R=7063 -> Venta=4600 [ok]
[4425/10892] HUAWEI TAPA HUAWEI Y90 VERDE SIN MARCO    : Costo=3065 R=7063 -> Venta=4600 [ok]
[4426/10892] HUAWEI TAPA HUAWEI Y90 NEGRA SIN MARCO    : Costo=3065 R=7063 -> Venta=4600 [ok]
[4427/10892] HUAWEI TAPA HUAWEI Y9 2019 ROJA           : Costo=1992 R=4589 -> Venta=3500 [ok]
[4428/10892] HUAWEI TAPA HUAWEI Y8S VERDE CON MARCO    : Costo=4895 R=11754 -> Venta=6400 [ok]
[4429/10892] HUAWEI TAPA HUAWEI Y8S NEGRA CON MARCO    : Costo=5444 R=13072 -> Venta=8400 [ok]
[4430/10892] HUAWEI TAPA HUAWEI Y8P MORADA SIN MARCO   : Costo=7414 R=17849 -> Venta=10400 [ok]
[4431/10892] HUAWEI TAPA HUAWEI Y8P VERDE SIN MARCO    : Costo=7414 R=17849 -> Venta=10400 [ok]
[4432/10892] HUAWEI TAPA HUAWEI Y8P NEGRA CON MARCO    : Costo=7414 R=17849 -> Venta=10400 [ok]
[4433/10892] HUAWEI TAPA HUAWEI Y7A DORADA SIN MARCO   : Costo=2642 R=6336 -> Venta=4100 [ok]
[4434/10892] HUAWEI TAPA HUAWEI Y7A VERDE SIN MARCO    : Costo=2642 R=6336 -> Venta=4100 [ok]
[4435/10892] HUAWEI TAPA HUAWEI Y7A NEGRO SIN MARCO    : Costo=2642 R=6336 -> Venta=4100 [ok]
[4436/10892] HUAWEI TAPA HUAWEI Y70 PLUS NOVA 70 AZUL  : Costo=2362 R=5666 -> Venta=3900 [ok]
[4437/10892] HUAWEI TAPA HUAWEI Y70 PLUS NOVA 70 NEGR  : Costo=2362 R=5666 -> Venta=3900 [ok]
[4438/10892] HUAWEI TAPA HUAWEI Y6P VERDE CON MARCO    : Costo=6386 R=15334 -> Venta=9400 [ok]
[4439/10892] HUAWEI TAPA HUAWEI Y6P MORADA CON MARCO   : Costo=6386 R=15334 -> Venta=9400 [ok]
[4440/10892] HUAWEI TAPA HUAWEI Y6P NEGRO CON MARCO    : Costo=3274 R=7862 -> Venta=4800 [ok]
[4441/10892] HUAWEI TAPA HUAWEI Y6P VERDE SIN MARCO    : Costo=3892 R=9335 -> Venta=5400 [ok]
[4442/10892] HUAWEI TAPA HUAWEI Y6P MORADA SIN MARCO   : Costo=3892 R=9335 -> Venta=5400 [ok]
[4443/10892] HUAWEI TAPA HUAWEI Y6P NEGRO SIN MARCO    : Costo=3693 R=8857 -> Venta=5200 [ok]
[4444/10892] HUAWEI TAPA HUAWEI Y5P VERDE SIN MARCO    : Costo=2642 R=6336 -> Venta=4100 [ok]
[4445/10892] HUAWEI TAPA HUAWEI Y5P AZUL SIN MARCO     : Costo=2642 R=6336 -> Venta=4100 [ok]
[4446/10892] HUAWEI TAPA HUAWEI Y5P NEGRO SIN MARCO    : Costo=2642 R=6336 -> Venta=4100 [ok]
[4447/10892] HUAWEI TAPA HUAWEI P60 MORADO SIN MARCO   : Costo=4359 R=10044 -> Venta=5900 [ok]
[4448/10892] HUAWEI TAPA HUAWEI P60 VERDE SIN MARCO    : Costo=4359 R=10044 -> Venta=5900 [ok]
[4449/10892] HUAWEI TAPA HUAWEI P60 NEGRA SIN MARCO    : Costo=4359 R=10044 -> Venta=5900 [ok]
[4450/10892] HUAWEI TAPA HUAWEI P50 PRO BLANCA SIN MA  : Costo=3558 R=8121 -> Venta=5100 [ok]
[4451/10892] HUAWEI TAPA HUAWEI P50 PRO DORADA SIN MA  : Costo=3558 R=8121 -> Venta=5100 [ok]
[4452/10892] HUAWEI TAPA HUAWEI P50 PRO NEGRA SIN MAR  : Costo=3558 R=8121 -> Venta=5100 [ok]
[4453/10892] HUAWEI TAPA HUAWEI P50 NEGRA SIN MARCO    : Costo=3558 R=8121 -> Venta=5100 [ok]
[4454/10892] HUAWEI TAPA HUAWEI P40 PRO DORADA SIN MA  : Costo=2710 R=6523 -> Venta=4200 [ok]
[4455/10892] HUAWEI TAPA HUAWEI P40 PRO PLATEADA SIN   : Costo=2710 R=6523 -> Venta=4200 [ok]
[4456/10892] HUAWEI TAPA HUAWEI P40 PRO NEGRA SIN MAR  : Costo=2710 R=6523 -> Venta=4200 [ok]
[4457/10892] HUAWEI TAPA HUAWEI P40 LITE CELESTE SIN   : Costo=1795 R=4135 -> Venta=3300 [ok]
[4458/10892] HUAWEI TAPA HUAWEI P40 DORADA SIN MARCO   : Costo=3019 R=6956 -> Venta=4500 [ok]
[4459/10892] HUAWEI TAPA HUAWEI P40 PLATEADA SIN MARC  : Costo=3373 R=7697 -> Venta=4900 [ok]
[4460/10892] HUAWEI TAPA HUAWEI P40 NEGRA SIN MARCO    : Costo=3373 R=7697 -> Venta=4900 [ok]
[4461/10892] HUAWEI TAPA HUAWEI P SMART S CELESTE SIN  : Costo=2713 R=6531 -> Venta=4200 [ok]
[4462/10892] HUAWEI TAPA HUAWEI P SMART S NEGRA SIN M  : Costo=2713 R=6531 -> Venta=4200 [ok]
[4463/10892] HUAWEI TAPA HUAWEI P SMART 2021 DORADA S  : Costo=2713 R=6531 -> Venta=4200 [ok]
[4464/10892] HUAWEI TAPA HUAWEI P SMART 2021 VERDE SI  : Costo=2713 R=6531 -> Venta=4200 [ok]
[4465/10892] HUAWEI TAPA HUAWEI P SMART 2021 NEGRA SI  : Costo=2713 R=6531 -> Venta=4200 [ok]
[4466/10892] HUAWEI TAPA HUAWEI NOVA Y71 DORADA SIN M  : Costo=2599 R=6232 -> Venta=4100 [ok]
[4467/10892] HUAWEI TAPA HUAWEI NOVA Y71 NEGRA SIN MA  : Costo=2599 R=6232 -> Venta=4100 [ok]
[4468/10892] HUAWEI TAPA HUAWEI NOVA 9SE BLANCA SIN M  : Costo=3504 R=7997 -> Venta=5000 [ok]
[4469/10892] HUAWEI TAPA HUAWEI NOVA 9SE AZUL SIN MAR  : Costo=3558 R=8121 -> Venta=5100 [ok]
[4470/10892] HUAWEI TAPA HUAWEI NOVA 9SE NEGRA SIN MA  : Costo=3558 R=8121 -> Venta=5100 [ok]
[4471/10892] HUAWEI TAPA HUAWEI NOVA 9 SE NEGRA  CON   : Costo=9483 R=22747 -> Venta=12500 [ok]
[4472/10892] HUAWEI TAPA HUAWEI NOVA 9 PRO MORADA SIN  : Costo=3667 R=8827 -> Venta=5200 [ok]
[4473/10892] HUAWEI TAPA HUAWEI NOVA 9 PRO NEGRA SIN   : Costo=3667 R=8827 -> Venta=5200 [ok]
[4474/10892] HUAWEI TAPA HUAWEI NOVA 9 AZUL SIN MARCO  : Costo=3558 R=8121 -> Venta=5100 [ok]
[4475/10892] HUAWEI TAPA HUAWEI NOVA 9 MORADA SIN MAR  : Costo=3495 R=7977 -> Venta=5000 [ok]
[4476/10892] HUAWEI TAPA HUAWEI NOVA 9 VERDE SIN MARC  : Costo=3558 R=8121 -> Venta=5100 [ok]
[4477/10892] HUAWEI TAPA HUAWEI NOVA 9 NEGRA SIN MARC  : Costo=3558 R=8121 -> Venta=5100 [ok]
[4478/10892] HUAWEI TAPA HUAWEI NOVA 9 CELESTE SIN MA  : Costo=3558 R=8121 -> Venta=5100 [ok]
[4479/10892] HUAWEI TAPA HUAWEI NOVA 5T AZUL SIN MARC  : Costo=2684 R=6125 -> Venta=4200 [ok]
[4480/10892] HUAWEI TAPA HUAWEI NOVA 5T MORADA SIN MA  : Costo=2816 R=6427 -> Venta=4300 [ok]
[4481/10892] HUAWEI TAPA HUAWEI NOVA 5T VERDE SIN MAR  : Costo=2684 R=6125 -> Venta=4200 [ok]
[4482/10892] HUAWEI TAPA HUAWEI NOVA 5T NEGRA SIN MAR  : Costo=2816 R=6427 -> Venta=4300 [ok]
[4483/10892] HUAWEI TAPA HUAWEI NOVA 13 VERDE SIN MAR  : Costo=3744 R=8544 -> Venta=5200 [ok]
[4484/10892] HUAWEI TAPA HUAWEI NOVA 13 MORADO SIN MA  : Costo=3744 R=8544 -> Venta=5200 [ok]
[4485/10892] HUAWEI TAPA HUAWEI NOVA 13 BLANCA SIN MA  : Costo=3744 R=8544 -> Venta=5200 [ok]
[4486/10892] HUAWEI TAPA HUAWEI NOVA 13 NEGRA SIN MAR  : Costo=3744 R=8544 -> Venta=5200 [ok]
[4487/10892] HUAWEI TAPA HUAWEI NOVA 12S BLANCA SIN M  : Costo=3429 R=8235 -> Venta=4900 [ok]
[4488/10892] HUAWEI TAPA HUAWEI NOVA 12S NEGRA SIN MA  : Costo=3429 R=8235 -> Venta=4900 [ok]
[4489/10892] HUAWEI TAPA HUAWEI NOVA 12I VERDE SIN MA  : Costo=3429 R=8235 -> Venta=4900 [ok]
[4490/10892] HUAWEI TAPA HUAWEI NOVA 12I NEGRA SIN MA  : Costo=3429 R=8235 -> Venta=4900 [ok]
[4491/10892] HUAWEI TAPA HUAWEI NOVA 12 SE VERDE SIN   : Costo=3429 R=8235 -> Venta=4900 [ok]
[4492/10892] HUAWEI TAPA HUAWEI NOVA 12 SE NEGRA SIN   : Costo=3429 R=8235 -> Venta=4900 [ok]
[4493/10892] HUAWEI TAPA HUAWEI NOVA 10 SE MENTA SIN   : Costo=2810 R=6746 -> Venta=4300 [ok]
[4494/10892] HUAWEI TAPA HUAWEI NOVA 10 VERDE SIN  MA  : Costo=3678 R=8475 -> Venta=5200 [ok]
[4495/10892] HUAWEI TAPA HUAWEI NOVA 10 NEGRA SIN MAR  : Costo=2533 R=3377 -> Venta=4000 [ok]
[4496/10892] HUAWEI TAPA HUAWEI MATE 40 PRO PLATEADA   : Costo=4496 R=10824 -> Venta=6000 [ok]
[4497/10892] HUAWEI TAPA HUAWEI MATE 40 PRO BLANCA SI  : Costo=4496 R=10824 -> Venta=6000 [ok]
[4498/10892] HUAWEI TAPA HUAWEI MATE 40 PRO NEGRA SIN  : Costo=4496 R=10824 -> Venta=6000 [ok]
[4499/10892] HUAWEI TAPA HUAWEI MATE 40 PLATEADA SIN   : Costo=4496 R=10824 -> Venta=6000 [ok]
[4500/10892] HUAWEI TAPA HUAWEI MATE 40 BLANCA SIN MA  : Costo=4496 R=10824 -> Venta=6000 [ok]
[4501/10892] HUAWEI TAPA HUAWEI MATE 40 NEGRA SIN MAR  : Costo=4496 R=10824 -> Venta=6000 [ok]
[4502/10892] HUAWEI TAPA HUAWEI MATE 30 PRO CELESTE S  : Costo=3824 R=9207 -> Venta=5300 [ok]
[4503/10892] HUAWEI TAPA HUAWEI MATE 30 PRO VERDE SIN  : Costo=3824 R=9207 -> Venta=5300 [ok]
[4504/10892] HUAWEI TAPA HUAWEI MATE 30 PRO PLATEADA   : Costo=3824 R=9207 -> Venta=5300 [ok]
[4505/10892] HUAWEI TAPA HUAWEI MATE 30 PRO MORADA SI  : Costo=3824 R=9207 -> Venta=5300 [ok]
[4506/10892] HUAWEI TAPA HUAWEI MATE 20 ROSADA BLANCO  : Costo=2959 R=7123 -> Venta=4500 [ok]
[4507/10892] HONOR TAPA HONOR X9 2022 PLATEADA SIN MA  : Costo=2978 R=6863 -> Venta=4500 [ok]
[4508/10892] HONOR TAPA HONOR X9 2022 NEGRA SIN MARCO  : Costo=2601 R=5993 -> Venta=4100 [ok]
[4509/10892] HONOR TAPA HONOR X8C NEGRA CON MARCO      : Costo=5599 R=12778 -> Venta=8600 [ok]
[4510/10892] HONOR TAPA HONOR X8C MORADA SIN MARCO     : Costo=3358 R=7664 -> Venta=4900 [ok]
[4511/10892] HONOR TAPA HONOR X8C BLANCO SIN MARCO     : Costo=3358 R=7664 -> Venta=4900 [ok]
[4512/10892] HONOR TAPA HONOR X8C VERDE SIN MARCO      : Costo=3358 R=7664 -> Venta=4900 [ok]
[4513/10892] HONOR TAPA HONOR X8C NEGRA SIN MARCO      : Costo=3358 R=7664 -> Venta=4900 [ok]
[4514/10892] HONOR TAPA HONOR X8A PLATEADA SIN MARCO   : Costo=2345 R=5630 -> Venta=3800 [ok]
[4515/10892] HONOR TAPA HONOR X8A AZUL SIN MARCO       : Costo=2185 R=5247 -> Venta=3700 [ok]
[4516/10892] HONOR TAPA HONOR X8A NEGRA SIN MARCO      : Costo=1941 R=2588 -> Venta=3400 [ok]
[4517/10892] HONOR TAPA HONOR X8 5G AZUL SIN MARCO     : Costo=2362 R=5666 -> Venta=3900 [ok]
[4518/10892] HONOR TAPA HONOR X8 5G PLATEADA SIN MARC  : Costo=2362 R=5666 -> Venta=3900 [ok]
[4519/10892] HONOR TAPA HONOR X8 5G NEGRA SIN MARCO    : Costo=2362 R=5666 -> Venta=3900 [ok]
[4520/10892] HONOR TAPA HONOR X8 2022 AZUL SIN MARCO   : Costo=1947 R=4674 -> Venta=3400 [ok]
[4521/10892] HONOR TAPA HONOR X8 2022 PLATEADA SIN MA  : Costo=2185 R=5247 -> Venta=3700 [ok]
[4522/10892] HONOR TAPA HONOR X8 2022 NEGRA SIN MARCO  : Costo=1941 R=2588 -> Venta=3400 [ok]
[4523/10892] HONOR TAPA HONOR X7C BLANCO SIN MARCO     : Costo=2802 R=6394 -> Venta=4300 [ok]
[4524/10892] HONOR TAPA HONOR X7C VERDE SIN MARCO      : Costo=2802 R=6394 -> Venta=4300 [ok]
[4525/10892] HONOR TAPA HONOR X7C NEGRA SIN MARCO      : Costo=2802 R=6394 -> Venta=4300 [ok]
[4526/10892] HONOR TAPA HONOR X7B VERDE SIN MARCO      : Costo=1941 R=2588 -> Venta=3400 [ok]
[4527/10892] HONOR TAPA HONOR X7B PLATEADA SIN MARCO   : Costo=1941 R=2588 -> Venta=3400 [ok]
[4528/10892] HONOR TAPA HONOR X7B NEGRA SIN MARCO      : Costo=1941 R=2588 -> Venta=3400 [ok]
[4529/10892] HONOR TAPA HONOR X7A AZUL SIN MARCO       : Costo=1941 R=2588 -> Venta=3400 [ok]
[4530/10892] HONOR TAPA HONOR X7A NEGRA SIN MARCO      : Costo=2343 R=5619 -> Venta=3800 [ok]
[4531/10892] HONOR TAPA HONOR X7 2022 PLATEADA SIN MA  : Costo=2802 R=6394 -> Venta=4300 [ok]
[4532/10892] HONOR TAPA HONOR X7 2022 AZUL SIN MARCO   : Costo=2802 R=6394 -> Venta=4300 [ok]
[4533/10892] HONOR TAPA HONOR X6B CELESTE SIN MARCO    : Costo=2802 R=6394 -> Venta=4300 [ok]
[4534/10892] HONOR TAPA HONOR X6B MORADO SIN MARCO     : Costo=2802 R=6394 -> Venta=4300 [ok]
[4535/10892] HONOR TAPA HONOR X6B VERDE SIN MARCO      : Costo=1793 R=2391 -> Venta=3300 [ok]
[4536/10892] HONOR TAPA HONOR X6B NEGRA SIN MARCO      : Costo=2802 R=6394 -> Venta=4300 [ok]
[4537/10892] HONOR TAPA HONOR X6A CELESTE SIN MARCO    : Costo=1941 R=2588 -> Venta=3400 [ok]
[4538/10892] HONOR TAPA HONOR X6A NEGRA SIN MARCO      : Costo=3544 R=8088 -> Venta=5000 [ok]
[4539/10892] HONOR TAPA HONOR MAGIC 6 PRO VERDE SIN M  : Costo=3744 R=8544 -> Venta=5200 [ok]
[4540/10892] HONOR TAPA HONOR MAGIC 6 PRO NEGRA SIN M  : Costo=2977 R=3969 -> Venta=4500 [ok]
[4541/10892] HONOR TAPA HONOR MAGIC 5 LITE PLATEADA S  : Costo=3119 R=7490 -> Venta=4600 [ok]
[4542/10892] HONOR TAPA HONOR MAGIC 5 LITE VERDE SIN   : Costo=3119 R=7490 -> Venta=4600 [ok]
[4543/10892] HONOR TAPA HONOR MAGIC 5 LITE NEGRA SIN   : Costo=3119 R=7490 -> Venta=4600 [ok]
[4544/10892] HONOR TAPA HONOR HONOR X8B PLATEADA SIN   : Costo=3429 R=8235 -> Venta=4900 [ok]
[4545/10892] HONOR TAPA HONOR HONOR X8B VERDE SIN MAR  : Costo=3429 R=8235 -> Venta=4900 [ok]
[4546/10892] HONOR TAPA HONOR HONOR X8B NEGRA SIN MAR  : Costo=3429 R=8235 -> Venta=4900 [ok]
[4547/10892] HONOR TAPA HONOR HONOR X7B NEGRA CON MAR  : Costo=4159 R=5347 -> Venta=5700 [ok]
[4548/10892] HONOR TAPA HONOR HONOR X5 PLUS VERDE SIN  : Costo=2364 R=3039 -> Venta=3900 [ok]
[4549/10892] HONOR TAPA HONOR HONOR X5 PLUS NEGRA SIN  : Costo=2364 R=3039 -> Venta=3900 [ok]
[4550/10892] HONOR TAPA HONOR 90 LITE NEGRA SIN MARCO  : Costo=4951 R=11409 -> Venta=6500 [ok]
[4551/10892] HONOR TAPA HONOR 90 LITE AZUL SIN MARCO   : Costo=4951 R=11409 -> Venta=6500 [ok]
[4552/10892] HONOR TAPA HONOR 90 LITE PLATEADA SIN MA  : Costo=4951 R=11409 -> Venta=6500 [ok]
[4553/10892] HONOR TAPA HONOR 70 CELESTE SIN MARCO     : Costo=2829 R=3772 -> Venta=4300 [ok]
[4554/10892] HONOR TAPA HONOR 70 VERDE SIN MARCO       : Costo=3558 R=8121 -> Venta=5100 [ok]
[4555/10892] HONOR TAPA HONOR 70 NEGRA SIN MARCO       : Costo=3558 R=8121 -> Venta=5100 [ok]
[4556/10892] HONOR TAPA HONOR 50 LITE NEGRA SIN MARCO  : Costo=2237 R=2982 -> Venta=3700 [ok]
[4557/10892] HONOR TAPA HONOR 50 NEGRA SIN MARCO       : Costo=3181 R=7331 -> Venta=4700 [ok]
[4558/10892] HONOR TAPA HONOR 50 VERDE SIN MARCO       : Costo=3433 R=7911 -> Venta=4900 [ok]
[4559/10892] HONOR TAPA HONOR 50 ROJA SIN MARCO        : Costo=3181 R=7331 -> Venta=4700 [ok]
[4560/10892] HONOR TAPA HONOR 50 BLANCA SIN MARCO      : Costo=3181 R=7331 -> Venta=4700 [ok]
[4561/10892] HONOR TAPA HONOR  MAGIC 7 PRO GRIS SIN M  : Costo=3744 R=8544 -> Venta=5200 [ok]
[4562/10892] HONOR TAPA HONOR  MAGIC 7 PRO CELESTE SI  : Costo=3744 R=8544 -> Venta=5200 [ok]
[4563/10892] HONOR TAPA HONOR  MAGIC 7 PRO BLANCA SIN  : Costo=3744 R=8544 -> Venta=5200 [ok]
[4564/10892] HONOR TAPA HONOR  MAGIC 7 PRO NEGRA SIN   : Costo=2977 R=3969 -> Venta=4500 [ok]
[4565/10892] HONOR TAPA HONOR  90 NEGRA CON MARCO      : Costo=8245 R=19799 -> Venta=11200 [ok]
[4566/10892] HONOR TAPA HONOR  90 BLANCA SIN MARCO     : Costo=2640 R=3394 -> Venta=4100 [ok]
[4567/10892] HONOR TAPA HONOR  90 PLATEADA SIN MARCO   : Costo=2640 R=3394 -> Venta=4100 [ok]
[4568/10892] HONOR TAPA HONOR  90 VERDE SIN MARCO      : Costo=2640 R=3394 -> Venta=4100 [ok]
[4569/10892] HONOR TAPA HONOR  90 NEGRA SIN MARCO      : Costo=2640 R=3394 -> Venta=4100 [ok]
[4570/10892] HONOR TAPA HONOR  200 PRO CELESTE SIN MA  : Costo=3054 R=3927 -> Venta=4600 [ok]
[4571/10892] HONOR TAPA HONOR  200 PRO ROSADA SIN MAR  : Costo=4681 R=11241 -> Venta=6200 [ok]
[4572/10892] HONOR TAPA HONOR  200 PRO BLANCA SIN MAR  : Costo=3054 R=3927 -> Venta=4600 [ok]
[4573/10892] HONOR TAPA HONOR  200 PRO NEGRA SIN MARC  : Costo=3054 R=3927 -> Venta=4600 [ok]
[4574/10892] HONOR TAPA HONOR  200 BLANCA SIN MARCO    : Costo=3054 R=3927 -> Venta=4600 [ok]
[4575/10892] HONOR TAPA HONOR  200 ROSADA SIN MARCO    : Costo=4681 R=11241 -> Venta=6200 [ok]
[4576/10892] HONOR TAPA HONOR  200 CELESTE SIN MARCO   : Costo=3054 R=3927 -> Venta=4600 [ok]
[4577/10892] HONOR TAPA HONOR  200 NEGRA SIN MARCO     : Costo=3054 R=3927 -> Venta=4600 [ok]
[4578/10892] Samsung TAPA  SAMSUNG GALAXY M30 A40S NE  : Costo=3919 R=9031 -> Venta=5400 [ok]
[4579/10892] APPLE TACTIL IPHONE XS 5.8&quot; NEGRO C  : Costo=14401 R=34671 -> Venta=18000 [ok]
[4580/10892] APPLE TACTIL IPHONE XR 6.1&quot; NEGRO C  : Costo=6106 R=14701 -> Venta=9100 [ok]
[4581/10892] APPLE TACTIL IPHONE X 5.8&quot; CON MARC  : Costo=3972 R=9561 -> Venta=5500 [ok]
[4582/10892] APPLE TACTIL IPHONE 11 PRO MAX CON MARCO  : Costo=29884 R=71951 -> Venta=35900 [ok]
[4583/10892] APPLE TACTIL IPHONE 11 PRO NEGRO CON MAR  : Costo=28852 R=69465 -> Venta=34600 [ok]
[4584/10892] APPLE TACTIL IPHONE 11 A2221 A2111 A2223  : Costo=6175 R=14867 -> Venta=9200 [ok]
[4585/10892] APPLE TACTIL IPAD PRO 9.7&quot; (2016) (  : Costo=8265 R=19898 -> Venta=11300 [ok]
[4586/10892] APPLE TACTIL IPAD PRO 10.5&quot; (2017)   : Costo=8451 R=20348 -> Venta=11500 [ok]
[4587/10892] APPLE TACTIL IPAD PRO 10.5&quot; (2017)   : Costo=6113 R=14718 -> Venta=9100 [ok]
[4588/10892] APPLE TACTIL IPAD MINI 5 (2019) (5.&ordf  : Costo=10462 R=25187 -> Venta=13500 [ok]
[4589/10892] APPLE TACTIL IPAD MINI 5 (2019) (5.&ordf  : Costo=10462 R=25187 -> Venta=13500 [ok]
[4590/10892] APPLE TACTIL IPAD 10.2&quot; ( 2019 ) 7T  : Costo=4886 R=6981 -> Venta=6400 [ok]
[4591/10892] APPLE TACTIL IPAD 10.2&quot; ( 2019 ) 7T  : Costo=4886 R=6981 -> Venta=6400 [ok]
[4592/10892] AMAZON TACTIL FIRE HD 10.0 NEGRO          : Costo=8651 R=20827 -> Venta=11700 [ok]
[4593/10892] APPLE TACTIL APPLE IPAD 9&ordm; GENERACI  : Costo=4585 R=6550 -> Venta=6100 [ok]
[4594/10892] APPLE SET TIMBRE IPAD 9 IPAD 10.2 2021    : Costo=4164 R=10025 -> Venta=5700 [ok]
[4595/10892] APPLE SET TIMBRE IPAD 5 IPAD PRO 10.2 20  : Costo=4164 R=10025 -> Venta=5700 [ok]
[4596/10892] Lg SET FLEX BOTON ENCENDIDO VOLUMEN LG K  : Costo=1821 R=3921 -> Venta=3300 [ok]
[4597/10892] Lg SET FLEX BOTON ENCENDIDO VOLUMEN LG K  : Costo=774 R=1657 -> Venta=2300 [ok]
[4598/10892] Lg SET FLEX BOTON ENCENDIDO VOLUMEN LG K  : Costo=1001 R=2154 -> Venta=2500 [ok]
[4599/10892] Lg SET FLEX BOTON ENCENDIDO LG K71        : Costo=2001 R=4308 -> Venta=3500 [ok]
[4600/10892] XIAOMI SET ANTENA COAXIAL XIAOMI REDMI N  : Costo=607 R=1308 -> Venta=2100 [ok]
[4601/10892] Samsung RACK DE CARGA USB TIPO C A320 A5  : Costo=5825 R=17998 -> Venta=8800 [ok]
[4602/10892] HUAWEI RACK DE CARGA USB TIPO C 26 ES HU  : Costo=1038 R=2148 -> Venta=2500 [ok]
[4603/10892] MOTOROLA RACK DE CARGA USB TIPO C 26 ES   : Costo=687 R=252 -> Venta=2200 [ok]
[4604/10892] Samsung RACK DE CARGA USB TIPO C 18 ES S  : Costo=801 R=1609 -> Venta=2300 [ok]
[4605/10892] Samsung RACK DE CARGA USB TIPO C 16 ES S  : Costo=1076 R=2141 -> Venta=2600 [ok]
[4606/10892] Samsung RACK DE CARGA USB TIPO C 16 ES S  : Costo=567 R=1213 -> Venta=2100 [ok]
[4607/10892] HUAWEI RACK DE CARGA USB MICRO TIPO B 5   : Costo=230 R=84 -> Venta=1700 [ok]
[4608/10892] Samsung RACK DE CARGA USB MICRO TIPO B 5  : Costo=1050 R=2087 -> Venta=2600 [ok]
[4609/10892] HUAWEI RACK DE CARGA USB MICRO TIPO B 5   : Costo=345 R=126 -> Venta=1800 [ok]
[4610/10892] Samsung RACK DE CARGA USB MICRO TIPO B 1  : Costo=1253 R=2491 -> Venta=2800 [ok]
[4611/10892] Samsung RACK DE CARGA TAB A 10.1 T510 T5  : Costo=1180 R=2345 -> Venta=2700 [ok]
[4612/10892] Samsung RACK DE CARGA SAMSUNG GALAXY TAB  : Costo=1038 R=2063 -> Venta=2500 [ok]
[4613/10892] Samsung RACK DE CARGA SAMSUNG GALAXY S21  : Costo=2059 R=756 -> Venta=3600 [ok]
[4614/10892] Samsung RACK DE CARGA SAMSUNG GALAXY S20  : Costo=1622 R=4124 -> Venta=3100 [ok]
[4615/10892] MOTOROLA RACK DE CARGA MICRO USB TIPO B   : Costo=189 R=84 -> Venta=1700 [ok]
[4616/10892] Lg RACK DE CARGA MICRO USB TIPO B 5 ES L  : Costo=459 R=168 -> Venta=2000 [ok]
[4617/10892] Samsung RACK DE CARGA MICRO USB TIPO B 5  : Costo=377 R=139 -> Venta=1900 [ok]
[4618/10892] AMAZON RACK DE CARGA AMAZON FIRE HD KIND  : Costo=1251 R=2486 -> Venta=2800 [ok]
[4619/10892] AMAZON RACK DE CARGA AMAZON FIRE HD KIND  : Costo=876 R=1742 -> Venta=2400 [ok]
[4620/10892] Samsung RACK DE CARGA A52 5G A72 5G       : Costo=1228 R=2628 -> Venta=2700 [ok]
[4621/10892] Samsung RACK DE CARGA A51 A515 A71 A715   : Costo=1323 R=2684 -> Venta=2800 [ok]
[4622/10892] Samsung RACK DE CARGA A11 A115            : Costo=567 R=1213 -> Venta=2100 [ok]
[4623/10892] Samsung RACK DE CARGA A01 A015            : Costo=401 R=147 -> Venta=1900 [ok]
[4624/10892] Samsung MICR&Oacute;FONO SAMSUNG GALAXY   : Costo=619 R=1324 -> Venta=2100 [ok]
[4625/10892] XIAOMI LENTE CAMARA XIOAMI REDMI NOTE 9   : Costo=662 R=1426 -> Venta=2200 [ok]
[4626/10892] XIAOMI LENTE CAMARA XIOAMI REDMI NOTE 13  : Costo=945 R=2035 -> Venta=2400 [ok]
[4627/10892] XIAOMI LENTE CAMARA XIOAMI REDMI NOTE 13  : Costo=918 R=420 -> Venta=2400 [ok]
[4628/10892] XIAOMI LENTE CAMARA XIOAMI REDMI NOTE 12  : Costo=1010 R=462 -> Venta=2500 [ok]
[4629/10892] XIAOMI LENTE CAMARA XIOAMI REDMI NOTE 11  : Costo=808 R=1739 -> Venta=2300 [ok]
[4630/10892] XIAOMI LENTE CAMARA XIOAMI REDMI NOTE 11  : Costo=1153 R=2478 -> Venta=2700 [ok]
[4631/10892] XIAOMI LENTE CAMARA XIOAMI REDMI NOTE 11  : Costo=936 R=2015 -> Venta=2400 [ok]
[4632/10892] XIAOMI LENTE CAMARA XIOAMI REDMI 9C SIN   : Costo=655 R=1410 -> Venta=2200 [ok]
[4633/10892] XIAOMI LENTE CAMARA XIOAMI REDMI 9A SIN   : Costo=673 R=1447 -> Venta=2200 [ok]
[4634/10892] XIAOMI LENTE CAMARA XIOAMI REDMI 13 4G S  : Costo=630 R=420 -> Venta=2100 [ok]
[4635/10892] XIAOMI LENTE CAMARA XIOAMI REDMI 12 4G S  : Costo=1010 R=2174 -> Venta=2500 [ok]
[4636/10892] XIAOMI LENTE CAMARA XIOAMI REDMI 10A SIN  : Costo=662 R=1426 -> Venta=2200 [ok]
[4637/10892] XIAOMI LENTE CAMARA XIOAMI POCO X5 5G RE  : Costo=954 R=2054 -> Venta=2500 [ok]
[4638/10892] XIAOMI LENTE CAMARA XIOAMI POCO M5 SIN M  : Costo=808 R=1739 -> Venta=2300 [ok]
[4639/10892] XIAOMI LENTE CAMARA XIOAMI POCO M4 SIN M  : Costo=808 R=1739 -> Venta=2300 [ok]
[4640/10892] XIAOMI LENTE CAMARA XIOAMI NOTE 13 PRO 5  : Costo=945 R=2035 -> Venta=2400 [ok]
[4641/10892] XIAOMI LENTE CAMARA XIOAMI NOTE 13 PRO 4  : Costo=888 R=1900 -> Venta=2400 [ok]
[4642/10892] XIAOMI LENTE CAMARA XIAOMI XIAOMI MI 11T  : Costo=2749 R=6992 -> Venta=4200 [ok]
[4643/10892] XIAOMI LENTE CAMARA XIAOMI REDMI NOTE 15  : Costo=1042 R=2240 -> Venta=2500 [ok]
[4644/10892] XIAOMI LENTE CAMARA XIAOMI REDMI NOTE 15  : Costo=924 R=1986 -> Venta=2400 [ok]
[4645/10892] XIAOMI LENTE CAMARA XIAOMI REDMI NOTE 15  : Costo=868 R=1283 -> Venta=2400 [ok]
[4646/10892] XIAOMI LENTE CAMARA XIAOMI REDMI NOTE 14  : Costo=924 R=420 -> Venta=2400 [ok]
[4647/10892] XIAOMI LENTE CAMARA XIAOMI REDMI NOTE 14  : Costo=918 R=1975 -> Venta=2400 [ok]
[4648/10892] XIAOMI LENTE CAMARA XIAOMI REDMI NOTE 14  : Costo=918 R=1975 -> Venta=2400 [ok]
[4649/10892] XIAOMI LENTE CAMARA XIAOMI REDMI NOTE 12  : Costo=826 R=1778 -> Venta=2300 [ok]
[4650/10892] XIAOMI LENTE CAMARA XIAOMI REDMI NOTE 12  : Costo=863 R=395 -> Venta=2400 [ok]
[4651/10892] XIAOMI LENTE CAMARA XIAOMI REDMI NOTE 11  : Costo=1002 R=2156 -> Venta=2500 [ok]
[4652/10892] XIAOMI LENTE CAMARA XIAOMI REDMI NOTE 11  : Costo=2749 R=6992 -> Venta=4200 [ok]
[4653/10892] XIAOMI LENTE CAMARA XIAOMI REDMI NOTE 11  : Costo=2749 R=6992 -> Venta=4200 [ok]
[4654/10892] XIAOMI LENTE CAMARA XIAOMI REDMI NOTE 11  : Costo=1313 R=2826 -> Venta=2800 [ok]
[4655/10892] XIAOMI LENTE CAMARA XIAOMI REDMI NOTE 11  : Costo=937 R=2017 -> Venta=2400 [ok]
[4656/10892] XIAOMI LENTE CAMARA XIAOMI REDMI NOTE 11  : Costo=3301 R=7948 -> Venta=4800 [ok]
[4657/10892] XIAOMI LENTE CAMARA XIAOMI REDMI NOTE 11  : Costo=1021 R=2468 -> Venta=2500 [ok]
[4658/10892] XIAOMI LENTE CAMARA XIAOMI REDMI NOTE 11  : Costo=769 R=1654 -> Venta=2300 [ok]
[4659/10892] XIAOMI LENTE CAMARA XIAOMI REDMI NOTE 10  : Costo=702 R=1511 -> Venta=2200 [ok]
[4660/10892] XIAOMI LENTE CAMARA XIAOMI REDMI NOTE 10  : Costo=2499 R=6015 -> Venta=4000 [ok]
[4661/10892] XIAOMI LENTE CAMARA XIAOMI REDMI NOTE 10  : Costo=2847 R=6853 -> Venta=4300 [ok]
[4662/10892] XIAOMI LENTE CAMARA XIAOMI REDMI NOTE 10  : Costo=324 R=147 -> Venta=1800 [ok]
[4663/10892] XIAOMI LENTE CAMARA XIAOMI REDMI NOTE 10  : Costo=1009 R=2429 -> Venta=2500 [ok]
[4664/10892] XIAOMI LENTE CAMARA XIAOMI REDMI NOTE 10  : Costo=604 R=1301 -> Venta=2100 [ok]
[4665/10892] XIAOMI LENTE CAMARA XIAOMI REDMI NOTE 10  : Costo=1146 R=2327 -> Venta=2600 [ok]
[4666/10892] XIAOMI LENTE CAMARA XIAOMI REDMI NOTE 10  : Costo=1146 R=2327 -> Venta=2600 [ok]
[4667/10892] XIAOMI LENTE CAMARA XIAOMI REDMI NOTE 10  : Costo=1146 R=2327 -> Venta=2600 [ok]
[4668/10892] XIAOMI LENTE CAMARA XIAOMI REDMI NOTE 10  : Costo=662 R=294 -> Venta=2200 [ok]
[4669/10892] XIAOMI LENTE CAMARA XIAOMI REDMI K50 NEG  : Costo=1488 R=3204 -> Venta=3000 [ok]
[4670/10892] XIAOMI LENTE CAMARA XIAOMI REDMI A1 SIN   : Costo=1031 R=2206 -> Venta=2500 [ok]
[4671/10892] XIAOMI LENTE CAMARA XIAOMI REDMI 14C SIN  : Costo=918 R=1975 -> Venta=2400 [ok]
[4672/10892] XIAOMI LENTE CAMARA XIAOMI REDMI 13C      : Costo=918 R=420 -> Venta=2400 [ok]
[4673/10892] XIAOMI LENTE CAMARA XIAOMI REDMI 12C      : Costo=734 R=336 -> Venta=2200 [ok]
[4674/10892] XIAOMI LENTE CAMARA XIAOMI REDMI 12 4G    : Costo=1010 R=2174 -> Venta=2500 [ok]
[4675/10892] XIAOMI LENTE CAMARA XIAOMI REDMI 10C NEG  : Costo=920 R=1830 -> Venta=2400 [ok]
[4676/10892] XIAOMI LENTE CAMARA XIAOMI REDMI 10A NEG  : Costo=920 R=1830 -> Venta=2400 [ok]
[4677/10892] XIAOMI LENTE CAMARA XIAOMI REDMI 10 NEGR  : Costo=688 R=1472 -> Venta=2200 [ok]
[4678/10892] XIAOMI LENTE CAMARA XIAOMI REDMI 10 NEGR  : Costo=1070 R=2575 -> Venta=2600 [ok]
[4679/10892] XIAOMI LENTE CAMARA XIAOMI POCO X3 PRO X  : Costo=1097 R=2652 -> Venta=2600 [ok]
[4680/10892] XIAOMI LENTE CAMARA XIAOMI POCO X3 PRO X  : Costo=896 R=1780 -> Venta=2400 [ok]
[4681/10892] XIAOMI LENTE CAMARA XIAOMI POCO F3 BLANC  : Costo=1719 R=3679 -> Venta=3200 [ok]
[4682/10892] XIAOMI LENTE CAMARA XIAOMI POCO F3 NEGRO  : Costo=2749 R=6992 -> Venta=4200 [ok]
[4683/10892] XIAOMI LENTE CAMARA XIAOMI POCO F3 NEGRO  : Costo=662 R=1426 -> Venta=2200 [ok]
[4684/10892] XIAOMI LENTE CAMARA XIAOMI NOTE 9 NEGRO   : Costo=751 R=1493 -> Venta=2300 [ok]
[4685/10892] XIAOMI LENTE CAMARA XIAOMI MI 12 NEGRO S  : Costo=952 R=2049 -> Venta=2500 [ok]
[4686/10892] XIAOMI LENTE CAMARA XIAOMI MI 11T MI 11T  : Costo=802 R=1727 -> Venta=2300 [ok]
[4687/10892] XIAOMI LENTE CAMARA XIAOMI MI 11 LITE AZ  : Costo=1667 R=4030 -> Venta=3200 [ok]
[4688/10892] XIAOMI LENTE CAMARA XIAOMI MI 11 LITE NE  : Costo=1062 R=2567 -> Venta=2600 [ok]
[4689/10892] XIAOMI LENTE CAMARA XIAOMI MI 11 LITE SI  : Costo=702 R=1511 -> Venta=2200 [ok]
[4690/10892] XIAOMI LENTE CAMARA XIAOMI 13T            : Costo=588 R=840 -> Venta=2100 [ok]
[4691/10892] Samsung LENTE CAMARA SAMSUNG M13 M135 SI  : Costo=1010 R=2174 -> Venta=2500 [ok]
[4692/10892] Samsung LENTE CAMARA SAMSUNG GALAXY Z FO  : Costo=716 R=1541 -> Venta=2200 [ok]
[4693/10892] Samsung LENTE CAMARA SAMSUNG GALAXY Z FO  : Costo=895 R=1780 -> Venta=2400 [ok]
[4694/10892] Samsung LENTE CAMARA SAMSUNG GALAXY Z FO  : Costo=2082 R=5012 -> Venta=3600 [ok]
[4695/10892] Samsung LENTE CAMARA SAMSUNG GALAXY Z FL  : Costo=2022 R=4994 -> Venta=3500 [ok]
[4696/10892] Samsung LENTE CAMARA SAMSUNG GALAXY Z FL  : Costo=716 R=1541 -> Venta=2200 [ok]
[4697/10892] Samsung LENTE CAMARA SAMSUNG GALAXY Z FL  : Costo=716 R=1541 -> Venta=2200 [ok]
[4698/10892] Samsung LENTE CAMARA SAMSUNG GALAXY Z FL  : Costo=2498 R=6014 -> Venta=4000 [ok]
[4699/10892] Samsung LENTE CAMARA SAMSUNG GALAXY SAM   : Costo=1060 R=2282 -> Venta=2600 [ok]
[4700/10892] Samsung LENTE CAMARA SAMSUNG GALAXY S25   : Costo=1129 R=513 -> Venta=2600 [ok]
[4701/10892] Samsung LENTE CAMARA SAMSUNG GALAXY S25   : Costo=924 R=420 -> Venta=2400 [ok]
[4702/10892] Samsung LENTE CAMARA SAMSUNG GALAXY S24   : Costo=756 R=1534 -> Venta=2300 [ok]
[4703/10892] Samsung LENTE CAMARA SAMSUNG GALAXY S24   : Costo=597 R=1187 -> Venta=2100 [ok]
[4704/10892] Samsung LENTE CAMARA SAMSUNG GALAXY S24   : Costo=918 R=1975 -> Venta=2400 [ok]
[4705/10892] Samsung LENTE CAMARA SAMSUNG GALAXY S24   : Costo=478 R=1028 -> Venta=2000 [ok]
[4706/10892] Samsung LENTE CAMARA SAMSUNG GALAXY S22   : Costo=1121 R=2414 -> Venta=2600 [ok]
[4707/10892] Samsung LENTE CAMARA SAMSUNG GALAXY S22   : Costo=1134 R=2441 -> Venta=2600 [ok]
[4708/10892] Samsung LENTE CAMARA SAMSUNG GALAXY S21   : Costo=911 R=2200 -> Venta=2400 [ok]
[4709/10892] Samsung LENTE CAMARA SAMSUNG GALAXY S21   : Costo=1629 R=3238 -> Venta=3100 [ok]
[4710/10892] Samsung LENTE CAMARA SAMSUNG GALAXY S21   : Costo=954 R=2054 -> Venta=2500 [ok]
[4711/10892] Samsung LENTE CAMARA SAMSUNG GALAXY S21   : Costo=675 R=1342 -> Venta=2200 [ok]
[4712/10892] Samsung LENTE CAMARA SAMSUNG GALAXY S21   : Costo=1189 R=2558 -> Venta=2700 [ok]
[4713/10892] Samsung LENTE CAMARA SAMSUNG GALAXY S20   : Costo=1041 R=2241 -> Venta=2500 [ok]
[4714/10892] Samsung LENTE CAMARA SAMSUNG GALAXY S20   : Costo=2066 R=4994 -> Venta=3600 [ok]
[4715/10892] Samsung LENTE CAMARA SAMSUNG GALAXY S20   : Costo=2076 R=4997 -> Venta=3600 [ok]
[4716/10892] Samsung LENTE CAMARA SAMSUNG GALAXY S20   : Costo=2066 R=4994 -> Venta=3600 [ok]
[4717/10892] Samsung LENTE CAMARA SAMSUNG GALAXY S20   : Costo=902 R=2179 -> Venta=2400 [ok]
[4718/10892] Samsung LENTE CAMARA SAMSUNG GALAXY S20   : Costo=1506 R=3243 -> Venta=3000 [ok]
[4719/10892] Samsung LENTE CAMARA SAMSUNG GALAXY S20   : Costo=833 R=1793 -> Venta=2300 [ok]
[4720/10892] Samsung LENTE CAMARA SAMSUNG GALAXY S20   : Costo=1769 R=3810 -> Venta=3300 [ok]
[4721/10892] Samsung LENTE CAMARA SAMSUNG GALAXY S20   : Costo=1769 R=3810 -> Venta=3300 [ok]
[4722/10892] Samsung LENTE CAMARA SAMSUNG GALAXY S20   : Costo=1171 R=2521 -> Venta=2700 [ok]
[4723/10892] Samsung LENTE CAMARA SAMSUNG GALAXY S20   : Costo=1626 R=3502 -> Venta=3100 [ok]
[4724/10892] Samsung LENTE CAMARA SAMSUNG GALAXY S20   : Costo=1741 R=3749 -> Venta=3200 [ok]
[4725/10892] Samsung LENTE CAMARA SAMSUNG GALAXY S20   : Costo=1626 R=3502 -> Venta=3100 [ok]
[4726/10892] Samsung LENTE CAMARA SAMSUNG GALAXY S20   : Costo=1626 R=3502 -> Venta=3100 [ok]
[4727/10892] Samsung LENTE CAMARA SAMSUNG GALAXY S20   : Costo=833 R=1793 -> Venta=2300 [ok]
[4728/10892] Samsung LENTE CAMARA SAMSUNG GALAXY S20   : Costo=1606 R=4084 -> Venta=3100 [ok]
[4729/10892] Samsung LENTE CAMARA SAMSUNG GALAXY S20   : Costo=688 R=1472 -> Venta=2200 [ok]
[4730/10892] Samsung LENTE CAMARA SAMSUNG GALAXY NOTE  : Costo=1120 R=2411 -> Venta=2600 [ok]
[4731/10892] Samsung LENTE CAMARA SAMSUNG GALAXY NOTE  : Costo=1041 R=2240 -> Venta=2500 [ok]
[4732/10892] Samsung LENTE CAMARA SAMSUNG GALAXY NOTE  : Costo=763 R=1643 -> Venta=2300 [ok]
[4733/10892] Samsung LENTE CAMARA SAMSUNG GALAXY NOTE  : Costo=973 R=2082 -> Venta=2500 [ok]
[4734/10892] Samsung LENTE CAMARA SAMSUNG GALAXY NOTE  : Costo=1889 R=4804 -> Venta=3400 [ok]
[4735/10892] Samsung LENTE CAMARA SAMSUNG GALAXY NOTE  : Costo=669 R=1440 -> Venta=2200 [ok]
[4736/10892] Samsung LENTE CAMARA SAMSUNG GALAXY NOTE  : Costo=649 R=1398 -> Venta=2100 [ok]
[4737/10892] Samsung LENTE CAMARA SAMSUNG GALAXY NOTE  : Costo=649 R=1398 -> Venta=2100 [ok]
[4738/10892] Samsung LENTE CAMARA SAMSUNG GALAXY NOTE  : Costo=1179 R=2540 -> Venta=2700 [ok]
[4739/10892] Samsung LENTE CAMARA SAMSUNG GALAXY NOTE  : Costo=920 R=1829 -> Venta=2400 [ok]
[4740/10892] Samsung LENTE CAMARA SAMSUNG GALAXY NOTE  : Costo=1590 R=3423 -> Venta=3100 [ok]
[4741/10892] Samsung LENTE CAMARA SAMSUNG GALAXY NOTE  : Costo=1018 R=2191 -> Venta=2500 [ok]
[4742/10892] Samsung LENTE CAMARA SAMSUNG GALAXY M51   : Costo=1041 R=2242 -> Venta=2500 [ok]
[4743/10892] Samsung LENTE CAMARA SAMSUNG GALAXY M30   : Costo=813 R=1750 -> Venta=2300 [ok]
[4744/10892] Samsung LENTE CAMARA SAMSUNG GALAXY M30   : Costo=1451 R=3124 -> Venta=3000 [ok]
[4745/10892] Samsung LENTE CAMARA SAMSUNG GALAXY M20   : Costo=1451 R=3124 -> Venta=3000 [ok]
[4746/10892] Samsung LENTE CAMARA SAMSUNG GALAXY M20   : Costo=813 R=1750 -> Venta=2300 [ok]
[4747/10892] Samsung LENTE CAMARA SAMSUNG GALAXY J8 2  : Costo=1590 R=3423 -> Venta=3100 [ok]
[4748/10892] Samsung LENTE CAMARA SAMSUNG GALAXY J8 2  : Costo=1590 R=3423 -> Venta=3100 [ok]
[4749/10892] Samsung LENTE CAMARA SAMSUNG GALAXY J8 2  : Costo=1590 R=3423 -> Venta=3100 [ok]
[4750/10892] Samsung LENTE CAMARA SAMSUNG GALAXY J6 J  : Costo=1881 R=4645 -> Venta=3400 [ok]
[4751/10892] Samsung LENTE CAMARA SAMSUNG GALAXY J4 2  : Costo=1119 R=2694 -> Venta=2600 [ok]
[4752/10892] Samsung LENTE CAMARA SAMSUNG GALAXY FOLD  : Costo=2264 R=5451 -> Venta=3800 [ok]
[4753/10892] Samsung LENTE CAMARA SAMSUNG GALAXY FOLD  : Costo=1348 R=2959 -> Venta=2800 [ok]
[4754/10892] Samsung LENTE CAMARA SAMSUNG GALAXY A9 2  : Costo=1615 R=3238 -> Venta=3100 [ok]
[4755/10892] Samsung LENTE CAMARA SAMSUNG GALAXY A9 2  : Costo=1615 R=3238 -> Venta=3100 [ok]
[4756/10892] Samsung LENTE CAMARA SAMSUNG GALAXY A8 A  : Costo=1377 R=2966 -> Venta=2900 [ok]
[4757/10892] Samsung LENTE CAMARA SAMSUNG GALAXY A8 A  : Costo=1604 R=3454 -> Venta=3100 [ok]
[4758/10892] Samsung LENTE CAMARA SAMSUNG GALAXY A8 A  : Costo=1604 R=3454 -> Venta=3100 [ok]
[4759/10892] Samsung LENTE CAMARA SAMSUNG GALAXY A8 A  : Costo=847 R=1824 -> Venta=2300 [ok]
[4760/10892] Samsung LENTE CAMARA SAMSUNG GALAXY A72   : Costo=1291 R=2782 -> Venta=2800 [ok]
[4761/10892] Samsung LENTE CAMARA SAMSUNG GALAXY A71   : Costo=1247 R=2687 -> Venta=2700 [ok]
[4762/10892] Samsung LENTE CAMARA SAMSUNG GALAXY A71   : Costo=1190 R=2565 -> Venta=2700 [ok]
[4763/10892] Samsung LENTE CAMARA SAMSUNG GALAXY A71   : Costo=1190 R=2565 -> Venta=2700 [ok]
[4764/10892] Samsung LENTE CAMARA SAMSUNG GALAXY A71   : Costo=804 R=1599 -> Venta=2300 [ok]
[4765/10892] Samsung LENTE CAMARA SAMSUNG GALAXY A70   : Costo=2066 R=5101 -> Venta=3600 [ok]
[4766/10892] Samsung LENTE CAMARA SAMSUNG GALAXY A56   : Costo=924 R=420 -> Venta=2400 [ok]
[4767/10892] Samsung LENTE CAMARA SAMSUNG GALAXY A54   : Costo=888 R=1900 -> Venta=2400 [ok]
[4768/10892] Samsung LENTE CAMARA SAMSUNG GALAXY A54   : Costo=1190 R=2565 -> Venta=2700 [ok]
[4769/10892] Samsung LENTE CAMARA SAMSUNG GALAXY A53   : Costo=1031 R=2206 -> Venta=2500 [ok]
[4770/10892] Samsung LENTE CAMARA SAMSUNG GALAXY A52   : Costo=961 R=2065 -> Venta=2500 [ok]
[4771/10892] Samsung LENTE CAMARA SAMSUNG GALAXY A51   : Costo=1190 R=2565 -> Venta=2700 [ok]
[4772/10892] Samsung LENTE CAMARA SAMSUNG GALAXY A51   : Costo=1038 R=2063 -> Venta=2500 [ok]
[4773/10892] Samsung LENTE CAMARA SAMSUNG GALAXY A42   : Costo=876 R=1742 -> Venta=2400 [ok]
[4774/10892] Samsung LENTE CAMARA SAMSUNG GALAXY A42   : Costo=1769 R=3810 -> Venta=3300 [ok]
[4775/10892] Samsung LENTE CAMARA SAMSUNG GALAXY A41   : Costo=1393 R=2999 -> Venta=2900 [ok]
[4776/10892] Samsung LENTE CAMARA SAMSUNG GALAXY A405  : Costo=1451 R=3124 -> Venta=3000 [ok]
[4777/10892] Samsung LENTE CAMARA SAMSUNG GALAXY A405  : Costo=1451 R=3124 -> Venta=3000 [ok]
[4778/10892] Samsung LENTE CAMARA SAMSUNG GALAXY A405  : Costo=1451 R=3124 -> Venta=3000 [ok]
[4779/10892] Samsung LENTE CAMARA SAMSUNG GALAXY A405  : Costo=813 R=1750 -> Venta=2300 [ok]
[4780/10892] Samsung LENTE CAMARA SAMSUNG GALAXY A405  : Costo=1451 R=3124 -> Venta=3000 [ok]
[4781/10892] Samsung LENTE CAMARA SAMSUNG GALAXY A36   : Costo=370 R=675 -> Venta=1900 [ok]
[4782/10892] Samsung LENTE CAMARA SAMSUNG GALAXY A34   : Costo=961 R=2065 -> Venta=2500 [ok]
[4783/10892] Samsung LENTE CAMARA SAMSUNG GALAXY A34   : Costo=1637 R=4164 -> Venta=3100 [ok]
[4784/10892] Samsung LENTE CAMARA SAMSUNG GALAXY A32   : Costo=801 R=1724 -> Venta=2300 [ok]
[4785/10892] Samsung LENTE CAMARA SAMSUNG GALAXY A31   : Costo=1637 R=4164 -> Venta=3100 [ok]
[4786/10892] Samsung LENTE CAMARA SAMSUNG GALAXY A31   : Costo=801 R=294 -> Venta=2300 [ok]
[4787/10892] Samsung LENTE CAMARA SAMSUNG GALAXY A25   : Costo=1010 R=2174 -> Venta=2500 [ok]
[4788/10892] Samsung LENTE CAMARA SAMSUNG GALAXY A24   : Costo=1041 R=2241 -> Venta=2500 [ok]
[4789/10892] Samsung LENTE CAMARA SAMSUNG GALAXY A24   : Costo=1421 R=3060 -> Venta=2900 [ok]
[4790/10892] Samsung LENTE CAMARA SAMSUNG GALAXY A23   : Costo=954 R=2054 -> Venta=2500 [ok]
[4791/10892] Samsung LENTE CAMARA SAMSUNG GALAXY A22   : Costo=827 R=1644 -> Venta=2300 [ok]
[4792/10892] Samsung LENTE CAMARA SAMSUNG GALAXY A21S  : Costo=681 R=1458 -> Venta=2200 [ok]
[4793/10892] Samsung LENTE CAMARA SAMSUNG GALAXY A20S  : Costo=943 R=2032 -> Venta=2400 [ok]
[4794/10892] Samsung LENTE CAMARA SAMSUNG GALAXY A205  : Costo=1451 R=3124 -> Venta=3000 [ok]
[4795/10892] Samsung LENTE CAMARA SAMSUNG GALAXY A205  : Costo=1451 R=3124 -> Venta=3000 [ok]
[4796/10892] Samsung LENTE CAMARA SAMSUNG GALAXY A205  : Costo=1451 R=3124 -> Venta=3000 [ok]
[4797/10892] Samsung LENTE CAMARA SAMSUNG GALAXY A205  : Costo=1041 R=2242 -> Venta=2500 [ok]
[4798/10892] Samsung LENTE CAMARA SAMSUNG GALAXY A205  : Costo=1474 R=3175 -> Venta=3000 [ok]
[4799/10892] Samsung LENTE CAMARA SAMSUNG GALAXY A15   : Costo=924 R=1986 -> Venta=2400 [ok]
[4800/10892] Samsung LENTE CAMARA SAMSUNG GALAXY A13   : Costo=1041 R=2241 -> Venta=2500 [ok]
[4801/10892] Samsung LENTE CAMARA SAMSUNG GALAXY A13   : Costo=868 R=1867 -> Venta=2400 [ok]
[4802/10892] Samsung LENTE CAMARA SAMSUNG GALAXY A12S  : Costo=668 R=1438 -> Venta=2200 [ok]
[4803/10892] Samsung LENTE CAMARA SAMSUNG GALAXY A12   : Costo=827 R=1644 -> Venta=2300 [ok]
[4804/10892] Samsung LENTE CAMARA SAMSUNG GALAXY A11   : Costo=710 R=1412 -> Venta=2200 [ok]
[4805/10892] Samsung LENTE CAMARA SAMSUNG GALAXY A11   : Costo=1018 R=2191 -> Venta=2500 [ok]
[4806/10892] Samsung LENTE CAMARA SAMSUNG GALAXY A10S  : Costo=802 R=1726 -> Venta=2300 [ok]
[4807/10892] Samsung LENTE CAMARA SAMSUNG GALAXY A10   : Costo=911 R=1812 -> Venta=2400 [ok]
[4808/10892] Samsung LENTE CAMARA SAMSUNG GALAXY A06   : Costo=504 R=336 -> Venta=2000 [ok]
[4809/10892] Samsung LENTE CAMARA SAMSUNG GALAXY A05S  : Costo=1006 R=2166 -> Venta=2500 [ok]
[4810/10892] Samsung LENTE CAMARA SAMSUNG GALAXY A05   : Costo=1006 R=2166 -> Venta=2500 [ok]
[4811/10892] Samsung LENTE CAMARA SAMSUNG GALAXY A04S  : Costo=1272 R=2738 -> Venta=2800 [ok]
[4812/10892] Samsung LENTE CAMARA SAMSUNG GALAXY A04   : Costo=1024 R=2204 -> Venta=2500 [ok]
[4813/10892] Samsung LENTE CAMARA SAMSUNG GALAXY A03   : Costo=361 R=773 -> Venta=1900 [ok]
[4814/10892] Samsung LENTE CAMARA SAMSUNG GALAXY A03   : Costo=850 R=1829 -> Venta=2400 [ok]
[4815/10892] Samsung LENTE CAMARA SAMSUNG GALAXY A02S  : Costo=662 R=1417 -> Venta=2200 [ok]
[4816/10892] Samsung LENTE CAMARA SAMSUNG GALAXY A02   : Costo=802 R=1726 -> Venta=2300 [ok]
[4817/10892] Samsung LENTE CAMARA SAMSUNG GALAXY A01   : Costo=826 R=1778 -> Venta=2300 [ok]
[4818/10892] Samsung LENTE CAMARA SAMSUNG GALAXY A01   : Costo=964 R=2075 -> Venta=2500 [ok]
[4819/10892] Samsung LENTE CAMARA SAMSUNG GALAXY  S25  : Costo=924 R=420 -> Venta=2400 [ok]
[4820/10892] Samsung LENTE CAMARA SAMSUNG GALAXY  S20  : Costo=769 R=1654 -> Venta=2300 [ok]
[4821/10892] Samsung LENTE CAMARA SAMSUNG GALAXY  NOT  : Costo=961 R=2065 -> Venta=2500 [ok]
[4822/10892] Samsung LENTE CAMARA SAMSUNG A55 SIN MAR  : Costo=918 R=420 -> Venta=2400 [ok]
[4823/10892] Samsung LENTE CAMARA SAMSUNG A35 SIN MAR  : Costo=918 R=420 -> Venta=2400 [ok]
[4824/10892] Samsung LENTE CAMARA SAMSUNG A14 SIN MAR  : Costo=1010 R=2174 -> Venta=2500 [ok]
[4825/10892] REALME LENTE CAMARA REALME X2 PRO NEGRO   : Costo=1952 R=4204 -> Venta=3500 [ok]
[4826/10892] HUAWEI LENTE CAMARA NOVA 8 SIN MARCO      : Costo=1526 R=3286 -> Venta=3000 [ok]
[4827/10892] NOKIA LENTE CAMARA NOKIA G10 G20 SIN MAR  : Costo=918 R=1975 -> Venta=2400 [ok]
[4828/10892] NOKIA LENTE CAMARA NOKIA C32 SIN MARCO    : Costo=1212 R=2609 -> Venta=2700 [ok]
[4829/10892] NOKIA LENTE CAMARA NOKIA C21 PLUS SIN MA  : Costo=1010 R=2174 -> Venta=2500 [ok]
[4830/10892] MOTOROLA LENTE CAMARA MOTOROLA ONE MACRO  : Costo=662 R=1426 -> Venta=2200 [ok]
[4831/10892] MOTOROLA LENTE CAMARA MOTOROLA ONE FUSIO  : Costo=841 R=1810 -> Venta=2300 [ok]
[4832/10892] MOTOROLA LENTE CAMARA MOTOROLA MOTO ONE   : Costo=847 R=1824 -> Venta=2300 [ok]
[4833/10892] MOTOROLA LENTE CAMARA MOTOROLA MOTO ONE   : Costo=1881 R=4645 -> Venta=3400 [ok]
[4834/10892] MOTOROLA LENTE CAMARA MOTOROLA MOTO ONE   : Costo=801 R=1725 -> Venta=2300 [ok]
[4835/10892] MOTOROLA LENTE CAMARA MOTOROLA MOTO ONE   : Costo=763 R=1643 -> Venta=2300 [ok]
[4836/10892] MOTOROLA LENTE CAMARA MOTOROLA MOTO G85   : Costo=954 R=2054 -> Venta=2500 [ok]
[4837/10892] MOTOROLA LENTE CAMARA MOTOROLA MOTO G84   : Costo=918 R=1975 -> Venta=2400 [ok]
[4838/10892] MOTOROLA LENTE CAMARA MOTOROLA MOTO G54   : Costo=936 R=2015 -> Venta=2400 [ok]
[4839/10892] MOTOROLA LENTE CAMARA MOTOROLA MOTO G51   : Costo=1907 R=4103 -> Venta=3400 [ok]
[4840/10892] MOTOROLA LENTE CAMARA MOTOROLA MOTO G50   : Costo=1050 R=2260 -> Venta=2600 [ok]
[4841/10892] MOTOROLA LENTE CAMARA MOTOROLA MOTO G40   : Costo=1182 R=2350 -> Venta=2700 [ok]
[4842/10892] MOTOROLA LENTE CAMARA MOTOROLA MOTO G31   : Costo=1575 R=3391 -> Venta=3100 [ok]
[4843/10892] MOTOROLA LENTE CAMARA MOTOROLA MOTO G30   : Costo=1031 R=2206 -> Venta=2500 [ok]
[4844/10892] MOTOROLA LENTE CAMARA MOTOROLA MOTO G30   : Costo=825 R=1765 -> Venta=2300 [ok]
[4845/10892] MOTOROLA LENTE CAMARA MOTOROLA MOTO G20   : Costo=945 R=2035 -> Venta=2400 [ok]
[4846/10892] MOTOROLA LENTE CAMARA MOTOROLA MOTO G100  : Costo=1031 R=2206 -> Venta=2500 [ok]
[4847/10892] MOTOROLA LENTE CAMARA MOTOROLA MOTO EDGE  : Costo=918 R=420 -> Venta=2400 [ok]
[4848/10892] MOTOROLA LENTE CAMARA MOTOROLA G9 PLAY G  : Costo=808 R=1739 -> Venta=2300 [ok]
[4849/10892] MOTOROLA LENTE CAMARA MOTOROLA G60S SIN   : Costo=945 R=2035 -> Venta=2400 [ok]
[4850/10892] MOTOROLA LENTE CAMARA MOTOROLA G24 POWER  : Costo=918 R=1975 -> Venta=2400 [ok]
[4851/10892] MOTOROLA LENTE CAMARA MOTOROLA G13        : Costo=1253 R=2491 -> Venta=2800 [ok]
[4852/10892] MOTOROLA LENTE CAMARA MOTOROLA G10 SIN M  : Costo=954 R=2054 -> Venta=2500 [ok]
[4853/10892] MOTOROLA LENTE CAMARA MOTOROLA EDGE 50 F  : Costo=954 R=2054 -> Venta=2500 [ok]
[4854/10892] MOTOROLA LENTE CAMARA MOTOROLA E13        : Costo=1509 R=3249 -> Venta=3000 [ok]
[4855/10892] Lg LENTE CAMARA LG K71 NEGRO SIN MARCO    : Costo=1502 R=3234 -> Venta=3000 [ok]
[4856/10892] Lg LENTE CAMARA LG K50S NEGRO CON MARCO   : Costo=1719 R=4250 -> Venta=3200 [ok]
[4857/10892] Lg LENTE CAMARA LG K50S NEGRO SIN MARCO   : Costo=516 R=1105 -> Venta=2000 [ok]
[4858/10892] Lg LENTE CAMARA LG K42 K52 NEGRO SIN MAR  : Costo=795 R=1580 -> Venta=2300 [ok]
[4859/10892] Lg LENTE CAMARA LG K40S NEGRO SIN MARCO   : Costo=1301 R=2802 -> Venta=2800 [ok]
[4860/10892] Lg LENTE CAMARA LG K22 PLUS K22 NEGRO SI  : Costo=955 R=2056 -> Venta=2500 [ok]
[4861/10892] APPLE LENTE CAMARA IPHONE 7G PLUS 5.5 NE  : Costo=626 R=1244 -> Venta=2100 [ok]
[4862/10892] APPLE LENTE CAMARA IPHONE 6S 6G 4.7 A168  : Costo=1391 R=2995 -> Venta=2900 [ok]
[4863/10892] APPLE LENTE CAMARA IPHONE 14 PRO 14 PRO   : Costo=888 R=1677 -> Venta=2400 [ok]
[4864/10892] APPLE LENTE CAMARA IPHONE 14 PLUS SIN MA  : Costo=983 R=2102 -> Venta=2500 [ok]
[4865/10892] APPLE LENTE CAMARA IPHONE 14 SIN MARCO    : Costo=924 R=1986 -> Venta=2400 [ok]
[4866/10892] APPLE LENTE CAMARA IPHONE 13 PRO 13 PRO   : Costo=2578 R=6555 -> Venta=4100 [ok]
[4867/10892] APPLE LENTE CAMARA IPHONE 13 PRO 13 PRO   : Costo=2578 R=6555 -> Venta=4100 [ok]
[4868/10892] APPLE LENTE CAMARA IPHONE 13 PRO 13 PRO   : Costo=3602 R=9159 -> Venta=5100 [ok]
[4869/10892] APPLE LENTE CAMARA IPHONE 13 PRO 13 PRO   : Costo=3602 R=9159 -> Venta=5100 [ok]
[4870/10892] APPLE LENTE CAMARA IPHONE 13 PRO 13 PRO   : Costo=945 R=2021 -> Venta=2400 [ok]
[4871/10892] APPLE LENTE CAMARA IPHONE 13 MINI NEGRO   : Costo=961 R=2065 -> Venta=2500 [ok]
[4872/10892] APPLE LENTE CAMARA IPHONE 13 13 MINI ROS  : Costo=541 R=1158 -> Venta=2000 [ok]
[4873/10892] APPLE LENTE CAMARA IPHONE 13 13 MINI AZU  : Costo=541 R=1158 -> Venta=2000 [ok]
[4874/10892] APPLE LENTE CAMARA IPHONE 13 13 MINI ROJ  : Costo=541 R=1158 -> Venta=2000 [ok]
[4875/10892] APPLE LENTE CAMARA IPHONE 13 13 MINI PLA  : Costo=541 R=1158 -> Venta=2000 [ok]
[4876/10892] APPLE LENTE CAMARA IPHONE 13 13 MINI NEG  : Costo=1547 R=3933 -> Venta=3000 [ok]
[4877/10892] APPLE LENTE CAMARA IPHONE 13 NEGRO SIN M  : Costo=924 R=420 -> Venta=2400 [ok]
[4878/10892] APPLE LENTE CAMARA IPHONE 12 PRO MAX NEG  : Costo=945 R=420 -> Venta=2400 [ok]
[4879/10892] APPLE LENTE CAMARA IPHONE 12 PRO MAX AZU  : Costo=2162 R=5498 -> Venta=3700 [ok]
[4880/10892] APPLE LENTE CAMARA IPHONE 12 PRO MAX DOR  : Costo=1890 R=4807 -> Venta=3400 [ok]
[4881/10892] APPLE LENTE CAMARA IPHONE 12 PRO MAX NEG  : Costo=924 R=420 -> Venta=2400 [ok]
[4882/10892] APPLE LENTE CAMARA IPHONE 12 PRO MAX PLA  : Costo=4095 R=10413 -> Venta=5600 [ok]
[4883/10892] APPLE LENTE CAMARA IPHONE 12 PRO MAX NEG  : Costo=1801 R=4580 -> Venta=3300 [ok]
[4884/10892] APPLE LENTE CAMARA IPHONE 12 PRO DORADA   : Costo=1911 R=4600 -> Venta=3400 [ok]
[4885/10892] APPLE LENTE CAMARA IPHONE 12 PRO NEGRO S  : Costo=595 R=1183 -> Venta=2100 [ok]
[4886/10892] APPLE LENTE CAMARA IPHONE 12 PRO AZUL CO  : Costo=1911 R=4600 -> Venta=3400 [ok]
[4887/10892] APPLE LENTE CAMARA IPHONE 12 PRO PLATEAD  : Costo=1911 R=4600 -> Venta=3400 [ok]
[4888/10892] APPLE LENTE CAMARA IPHONE 12 PRO NEGRO C  : Costo=2687 R=6468 -> Venta=4200 [ok]
[4889/10892] APPLE LENTE CAMARA IPHONE 12 MINI AZUL C  : Costo=414 R=998 -> Venta=1900 [ok]
[4890/10892] APPLE LENTE CAMARA IPHONE 12 MINI PLATEA  : Costo=1029 R=2477 -> Venta=2500 [ok]
[4891/10892] APPLE LENTE CAMARA IPHONE 12 MINI MORADA  : Costo=1029 R=2477 -> Venta=2500 [ok]
[4892/10892] APPLE LENTE CAMARA IPHONE 12 MINI VERDE   : Costo=1029 R=2477 -> Venta=2500 [ok]
[4893/10892] APPLE LENTE CAMARA IPHONE 12 MINI ROJO C  : Costo=1029 R=2477 -> Venta=2500 [ok]
[4894/10892] APPLE LENTE CAMARA IPHONE 12 MINI NEGRO   : Costo=1846 R=4445 -> Venta=3300 [ok]
[4895/10892] APPLE LENTE CAMARA IPHONE 12 MINI NEGRO   : Costo=1051 R=2263 -> Venta=2600 [ok]
[4896/10892] APPLE LENTE CAMARA IPHONE 12 AZUL CON MA  : Costo=2401 R=6107 -> Venta=3900 [ok]
[4897/10892] APPLE LENTE CAMARA IPHONE 12 NEGRO SIN M  : Costo=918 R=1975 -> Venta=2400 [ok]
[4898/10892] APPLE LENTE CAMARA IPHONE 12 MORADO CON   : Costo=1890 R=4806 -> Venta=3400 [ok]
[4899/10892] APPLE LENTE CAMARA IPHONE 12 ROJO CON MA  : Costo=1890 R=4806 -> Venta=3400 [ok]
[4900/10892] APPLE LENTE CAMARA IPHONE 12 VERDE CON M  : Costo=1890 R=4806 -> Venta=3400 [ok]
[4901/10892] APPLE LENTE CAMARA IPHONE 12 PLATEADO CO  : Costo=1890 R=4806 -> Venta=3400 [ok]
[4902/10892] APPLE LENTE CAMARA IPHONE 12 NEGRO CON M  : Costo=2062 R=5244 -> Venta=3600 [ok]
[4903/10892] APPLE LENTE CAMARA IPHONE 11 PRO MAX 11   : Costo=918 R=1975 -> Venta=2400 [ok]
[4904/10892] APPLE LENTE CAMARA IPHONE 11 PRO 11 PRO   : Costo=238 R=523 -> Venta=1700 [ok]
[4905/10892] APPLE LENTE CAMARA IPHONE 11 PRO 11 PRO   : Costo=1665 R=3655 -> Venta=3200 [ok]
[4906/10892] APPLE LENTE CAMARA IPHONE 11 MORADO CON   : Costo=2058 R=5234 -> Venta=3600 [ok]
[4907/10892] APPLE LENTE CAMARA IPHONE 11 VERDE CON M  : Costo=2058 R=5234 -> Venta=3600 [ok]
[4908/10892] APPLE LENTE CAMARA IPHONE 11 MORADO CON   : Costo=1148 R=2472 -> Venta=2600 [ok]
[4909/10892] APPLE LENTE CAMARA IPHONE 11 ROJO CON MA  : Costo=1588 R=3419 -> Venta=3100 [ok]
[4910/10892] APPLE LENTE CAMARA IPHONE 11 PLATEADO CO  : Costo=1588 R=3419 -> Venta=3100 [ok]
[4911/10892] APPLE LENTE CAMARA IPHONE 11 DORADO CON   : Costo=2058 R=5234 -> Venta=3600 [ok]
[4912/10892] APPLE LENTE CAMARA IPHONE 11 PLATEADO CO  : Costo=1965 R=4996 -> Venta=3500 [ok]
[4913/10892] APPLE LENTE CAMARA IPHONE 11 NEGRO CON M  : Costo=1574 R=4004 -> Venta=3100 [ok]
[4914/10892] APPLE LENTE CAMARA IPHONE 11 NEGRO SIN M  : Costo=945 R=2035 -> Venta=2400 [ok]
[4915/10892] HUAWEI LENTE CAMARA HUAWEI Y9S P SMART Z  : Costo=688 R=1472 -> Venta=2200 [ok]
[4916/10892] HUAWEI LENTE CAMARA HUAWEI Y9P NEGRO SIN  : Costo=838 R=1804 -> Venta=2300 [ok]
[4917/10892] HUAWEI LENTE CAMARA HUAWEI Y9A NEGRO SIN  : Costo=961 R=2065 -> Venta=2500 [ok]
[4918/10892] HUAWEI LENTE CAMARA HUAWEI Y8S NEGRO SIN  : Costo=786 R=1682 -> Venta=2300 [ok]
[4919/10892] HUAWEI LENTE CAMARA HUAWEI Y70 PLUS NOVA  : Costo=825 R=1765 -> Venta=2300 [ok]
[4920/10892] HUAWEI LENTE CAMARA HUAWEI Y6P 2020 HONO  : Costo=1050 R=2260 -> Venta=2600 [ok]
[4921/10892] HUAWEI LENTE CAMARA HUAWEI Y60 SIN MARCO  : Costo=801 R=1724 -> Venta=2300 [ok]
[4922/10892] HUAWEI LENTE CAMARA HUAWEI Y6 PRIME 2019  : Costo=825 R=1641 -> Venta=2300 [ok]
[4923/10892] HUAWEI LENTE CAMARA HUAWEI Y6 II NEGRO S  : Costo=1394 R=3356 -> Venta=2900 [ok]
[4924/10892] HUAWEI LENTE CAMARA HUAWEI Y5P P SMART 2  : Costo=702 R=1511 -> Venta=2200 [ok]
[4925/10892] HUAWEI LENTE CAMARA HUAWEI PURA 70 PRO S  : Costo=1386 R=3424 -> Venta=2900 [ok]
[4926/10892] HUAWEI LENTE CAMARA HUAWEI PURA 70 SIN M  : Costo=1386 R=3424 -> Venta=2900 [ok]
[4927/10892] HUAWEI LENTE CAMARA HUAWEI P9 BLANCO SIN  : Costo=944 R=2032 -> Venta=2400 [ok]
[4928/10892] HUAWEI LENTE CAMARA HUAWEI P9 NEGRO SIN   : Costo=980 R=2110 -> Venta=2500 [ok]
[4929/10892] HUAWEI LENTE CAMARA HUAWEI P40 PRO NEGRO  : Costo=802 R=1727 -> Venta=2300 [ok]
[4930/10892] HUAWEI LENTE CAMARA HUAWEI P40 LITE E Y7  : Costo=681 R=1458 -> Venta=2200 [ok]
[4931/10892] HUAWEI LENTE CAMARA HUAWEI P40 LITE E Y7  : Costo=877 R=1744 -> Venta=2400 [ok]
[4932/10892] HUAWEI LENTE CAMARA HUAWEI P40 LITE NEGR  : Costo=642 R=1383 -> Venta=2100 [ok]
[4933/10892] HUAWEI LENTE CAMARA HUAWEI P40 CAMERA NE  : Costo=769 R=1654 -> Venta=2300 [ok]
[4934/10892] HUAWEI LENTE CAMARA HUAWEI P40 CAMERA NE  : Costo=943 R=1875 -> Venta=2400 [ok]
[4935/10892] HUAWEI LENTE CAMARA HUAWEI P30 PRO NEGRO  : Costo=1513 R=3643 -> Venta=3000 [ok]
[4936/10892] HUAWEI LENTE CAMARA HUAWEI P30 NEGRO SIN  : Costo=920 R=1829 -> Venta=2400 [ok]
[4937/10892] HUAWEI LENTE CAMARA HUAWEI P30 ROJO CON   : Costo=1725 R=4154 -> Venta=3200 [ok]
[4938/10892] HUAWEI LENTE CAMARA HUAWEI P30 CELESTE C  : Costo=1469 R=3537 -> Venta=3000 [ok]
[4939/10892] HUAWEI LENTE CAMARA HUAWEI P20 LITE AZUL  : Costo=482 R=977 -> Venta=2000 [ok]
[4940/10892] HUAWEI LENTE CAMARA HUAWEI P20 LITE NEGR  : Costo=1637 R=3323 -> Venta=3100 [ok]
[4941/10892] HUAWEI LENTE CAMARA HUAWEI P20 PLATEADO   : Costo=1457 R=1457 -> Venta=3000 [ok]
[4942/10892] HUAWEI LENTE CAMARA HUAWEI P20 ROSADO CO  : Costo=1730 R=3796 -> Venta=3200 [ok]
[4943/10892] HUAWEI LENTE CAMARA HUAWEI P20 AZUL CON   : Costo=1746 R=3833 -> Venta=3200 [ok]
[4944/10892] HUAWEI LENTE CAMARA HUAWEI P10 NOVA 2 PL  : Costo=1283 R=3088 -> Venta=2800 [ok]
[4945/10892] HUAWEI LENTE CAMARA HUAWEI P10 NOVA 2 PL  : Costo=2290 R=5514 -> Venta=3800 [ok]
[4946/10892] HUAWEI LENTE CAMARA HUAWEI P SMART 2021   : Costo=1180 R=2540 -> Venta=2700 [ok]
[4947/10892] HUAWEI LENTE CAMARA HUAWEI P SMART 2020   : Costo=944 R=2032 -> Venta=2400 [ok]
[4948/10892] HUAWEI LENTE CAMARA HUAWEI NOVA Y71 SIN   : Costo=1010 R=2174 -> Venta=2500 [ok]
[4949/10892] HUAWEI LENTE CAMARA HUAWEI NOVA Y61 SIN   : Costo=756 R=1628 -> Venta=2300 [ok]
[4950/10892] HUAWEI LENTE CAMARA HUAWEI NOVA 9 PRO PL  : Costo=1561 R=3361 -> Venta=3100 [ok]
[4951/10892] HUAWEI LENTE CAMARA HUAWEI NOVA 9 NEGRO   : Costo=1751 R=2519 -> Venta=3300 [ok]
[4952/10892] HUAWEI LENTE CAMARA HUAWEI NOVA 9 VERDE   : Costo=1301 R=2801 -> Venta=2800 [ok]
[4953/10892] HUAWEI LENTE CAMARA HUAWEI NOVA 8SE SIN   : Costo=1272 R=2738 -> Venta=2800 [ok]
[4954/10892] HUAWEI LENTE CAMARA HUAWEI NOVA 5T NEGRO  : Costo=655 R=1410 -> Venta=2200 [ok]
[4955/10892] HUAWEI LENTE CAMARA HUAWEI NOVA 12S SIN   : Costo=620 R=1335 -> Venta=2100 [ok]
[4956/10892] HUAWEI LENTE CAMARA HUAWEI NOVA 12I NOVA  : Costo=918 R=420 -> Venta=2400 [ok]
[4957/10892] HUAWEI LENTE CAMARA HUAWEI NOVA 12 SE SI  : Costo=573 R=1234 -> Venta=2100 [ok]
[4958/10892] HUAWEI LENTE CAMARA HUAWEI NOVA 12 NOVA   : Costo=620 R=1335 -> Venta=2100 [ok]
[4959/10892] HUAWEI LENTE CAMARA HUAWEI NOVA 11I       : Costo=516 R=1105 -> Venta=2000 [ok]
[4960/10892] HUAWEI LENTE CAMARA HUAWEI NOVA 11 PRO    : Costo=1308 R=2816 -> Venta=2800 [ok]
[4961/10892] HUAWEI LENTE CAMARA HUAWEI NOVA 11 SIN M  : Costo=1313 R=2826 -> Venta=2800 [ok]
[4962/10892] HUAWEI LENTE CAMARA HUAWEI NOVA 11        : Costo=1308 R=2816 -> Venta=2800 [ok]
[4963/10892] HUAWEI LENTE CAMARA HUAWEI NOVA 10 SE     : Costo=955 R=2056 -> Venta=2500 [ok]
[4964/10892] HUAWEI LENTE CAMARA HUAWEI NOVA 10 SIN M  : Costo=1010 R=2174 -> Venta=2500 [ok]
[4965/10892] HUAWEI LENTE CAMARA HUAWEI MATE 9 LITE D  : Costo=1001 R=2154 -> Venta=2500 [ok]
[4966/10892] HUAWEI LENTE CAMARA HUAWEI MATE 50 PRO N  : Costo=1821 R=4496 -> Venta=3300 [ok]
[4967/10892] HUAWEI LENTE CAMARA HUAWEI MATE 40 PRO P  : Costo=1176 R=2831 -> Venta=2700 [ok]
[4968/10892] HUAWEI LENTE CAMARA HUAWEI MATE 40 PRO N  : Costo=1176 R=2831 -> Venta=2700 [ok]
[4969/10892] HUAWEI LENTE CAMARA HUAWEI MATE 40 NEGRO  : Costo=1176 R=2831 -> Venta=2700 [ok]
[4970/10892] HUAWEI LENTE CAMARA HUAWEI MATE 20 LITE   : Costo=1997 R=4304 -> Venta=3500 [ok]
[4971/10892] HUAWEI LENTE CAMARA HUAWEI MATE 20 LITE   : Costo=1570 R=3384 -> Venta=3100 [ok]
[4972/10892] HUAWEI LENTE CAMARA HUAWEI MATE 20 LITE   : Costo=2441 R=5262 -> Venta=3900 [ok]
[4973/10892] HUAWEI LENTE CAMARA HUAWEI MATE 20 LITE   : Costo=1190 R=2565 -> Venta=2700 [ok]
[4974/10892] HUAWEI LENTE CAMARA HUAWEI MATE 10 LITE   : Costo=826 R=1778 -> Venta=2300 [ok]
[4975/10892] HONOR LENTE CAMARA HUAWEI HONOR 90        : Costo=918 R=1975 -> Venta=2400 [ok]
[4976/10892] HUAWEI LENTE CAMARA HUAWEI  Y5P Y9 PRIME  : Costo=351 R=756 -> Venta=1900 [ok]
[4977/10892] HONOR LENTE CAMARA HONOR X9 2022 5G NEGR  : Costo=937 R=2017 -> Venta=2400 [ok]
[4978/10892] HONOR LENTE CAMARA HONOR X9 2022 4G NEGR  : Costo=924 R=1986 -> Venta=2400 [ok]
[4979/10892] HONOR LENTE CAMARA HONOR X8A AZUL CON MA  : Costo=4183 R=10071 -> Venta=5700 [ok]
[4980/10892] HONOR LENTE CAMARA HONOR X8A NEGRO CON M  : Costo=3666 R=8827 -> Venta=5200 [ok]
[4981/10892] HONOR LENTE CAMARA HONOR X8A NEGRO SIN M  : Costo=954 R=2054 -> Venta=2500 [ok]
[4982/10892] HONOR LENTE CAMARA HONOR X8 2022 5G SIN   : Costo=918 R=1975 -> Venta=2400 [ok]
[4983/10892] HONOR LENTE CAMARA HONOR X7C HONOR 200 S  : Costo=868 R=1867 -> Venta=2400 [ok]
[4984/10892] HONOR LENTE CAMARA HONOR X7A NEGRO CON M  : Costo=3116 R=6839 -> Venta=4600 [ok]
[4985/10892] HONOR LENTE CAMARA HONOR X7A BLANCO CON   : Costo=1528 R=3354 -> Venta=3000 [ok]
[4986/10892] HONOR LENTE CAMARA HONOR X7A AZUL CON MA  : Costo=2938 R=2938 -> Venta=4400 [ok]
[4987/10892] HONOR LENTE CAMARA HONOR X7A NEGRO SIN M  : Costo=918 R=1975 -> Venta=2400 [ok]
[4988/10892] HONOR LENTE CAMARA HONOR X7 2022 SIN MAR  : Costo=945 R=2021 -> Venta=2400 [ok]
[4989/10892] HONOR LENTE CAMARA HONOR X6B PLUS X6B SI  : Costo=739 R=1589 -> Venta=2200 [ok]
[4990/10892] HONOR LENTE CAMARA HONOR X6A ROSADA CON   : Costo=2896 R=6973 -> Venta=4400 [ok]
[4991/10892] HONOR LENTE CAMARA HONOR X6A              : Costo=918 R=420 -> Venta=2400 [ok]
[4992/10892] HONOR LENTE CAMARA HONOR X6 2022 X6S X8   : Costo=756 R=1617 -> Venta=2300 [ok]
[4993/10892] HONOR LENTE CAMARA HONOR X6 2022 X6S X8   : Costo=786 R=1682 -> Venta=2300 [ok]
[4994/10892] HONOR LENTE CAMARA HONOR X6 2022 X6S X8   : Costo=756 R=336 -> Venta=2300 [ok]
[4995/10892] HONOR LENTE CAMARA HONOR X6 2022 CELESTE  : Costo=3063 R=6604 -> Venta=4600 [ok]
[4996/10892] HONOR LENTE CAMARA HONOR X6 2022 NEGRO C  : Costo=3063 R=6604 -> Venta=4600 [ok]
[4997/10892] HONOR LENTE CAMARA HONOR X5B SIN MARCO    : Costo=739 R=336 -> Venta=2200 [ok]
[4998/10892] HONOR LENTE CAMARA HONOR X5 NEGRO SIN MA  : Costo=786 R=1682 -> Venta=2300 [ok]
[4999/10892] HONOR LENTE CAMARA HONOR MAGIC 7 LITE HO  : Costo=918 R=420 -> Venta=2400 [ok]
[5000/10892] HONOR LENTE CAMARA HONOR MAGIC 6 PRO SIN  : Costo=1386 R=2978 -> Venta=2900 [ok]
[5001/10892] HONOR LENTE CAMARA HONOR MAGIC 5 LITE X9  : Costo=2309 R=4744 -> Venta=3800 [ok]
[5002/10892] HONOR LENTE CAMARA HONOR MAGIC 5 LITE X9  : Costo=863 R=1857 -> Venta=2400 [ok]
[5003/10892] HONOR LENTE CAMARA HONOR HONOR 90 LITE    : Costo=945 R=2021 -> Venta=2400 [ok]
[5004/10892] HONOR LENTE CAMARA HONOR 70 NEGRO SIN MA  : Costo=954 R=2054 -> Venta=2500 [ok]
[5005/10892] HONOR LENTE CAMARA HONOR 50 LITE NOVA 8I  : Costo=1238 R=2648 -> Venta=2700 [ok]
[5006/10892] HONOR LENTE CAMARA HONOR 50 NEGRO SIN MA  : Costo=954 R=2054 -> Venta=2500 [ok]
[5007/10892] HONOR LENTE CAMARA HONOR 200 PRO SIN MAR  : Costo=924 R=420 -> Venta=2400 [ok]
[5008/10892] HONOR LENTE CAMARA HONOR 200 LITE SIN MA  : Costo=918 R=420 -> Venta=2400 [ok]
[5009/10892] HONOR LENTE CAMARA HONOR 200 SIN MARCO    : Costo=924 R=1986 -> Venta=2400 [ok]
[5010/10892] XIAOMI LENTE CAMARA  XIAOMI REDMI NOTE 1  : Costo=924 R=1986 -> Venta=2400 [ok]
[5011/10892] XIAOMI LENTE CAMARA  XIAOMI REDMI NOTE 1  : Costo=945 R=420 -> Venta=2400 [ok]
[5012/10892] XIAOMI LENTE CAMARA  XIAOMI REDMI NOTE 1  : Costo=973 R=2082 -> Venta=2500 [ok]
[5013/10892] HUAWEI LENTA CAMARA HUAWEI NOVA 8 PRO SI  : Costo=1272 R=2738 -> Venta=2800 [ok]
[5014/10892] APPLE LECTOR SIM IPHONE 12 12 PRO         : Costo=3331 R=8018 -> Venta=4800 [ok]
[5015/10892] HUAWEI LECTOR SIM HUAWEI P30 LITE         : Costo=425 R=1023 -> Venta=1900 [ok]
[5016/10892] APPLE LECTOR PORTA SIM IPHONE 11 PRO A22  : Costo=4284 R=10315 -> Venta=5800 [ok]
[5017/10892] HUAWEI LECTOR PORTA SIM HUAWEI Y5P Y6 PR  : Costo=1859 R=4474 -> Venta=3400 [ok]
[5018/10892] Samsung LCD SAMSUNG GALAXY A90 5G A908 C  : Costo=135560 R=326383 -> Venta=155900 [ok]
[5019/10892] XIAOMI LCD PANTALLA XIAOMI REDMI REDMI N  : Costo=58277 R=140280 -> Venta=69900 [ok]
[5020/10892] XIAOMI LCD PANTALLA XIAOMI REDMI NOTE 9   : Costo=6959 R=9943 -> Venta=10000 [ok]
[5021/10892] XIAOMI LCD PANTALLA XIAOMI REDMI NOTE 8   : Costo=6996 R=16842 -> Venta=10000 [ok]
[5022/10892] XIAOMI LCD PANTALLA XIAOMI REDMI NOTE 7   : Costo=7259 R=17477 -> Venta=10300 [ok]
[5023/10892] XIAOMI LCD PANTALLA XIAOMI REDMI NOTE 5   : Costo=7079 R=17043 -> Venta=10100 [ok]
[5024/10892] XIAOMI LCD PANTALLA XIAOMI REDMI NOTE 14  : Costo=23002 R=55369 -> Venta=28000 [ok]
[5025/10892] XIAOMI LCD PANTALLA XIAOMI REDMI NOTE 13  : Costo=25234 R=60742 -> Venta=30300 [ok]
[5026/10892] XIAOMI LCD PANTALLA XIAOMI REDMI NOTE 13  : Costo=31167 R=75039 -> Venta=37400 [ok]
[5027/10892] XIAOMI LCD PANTALLA XIAOMI REDMI NOTE 13  : Costo=25840 R=62201 -> Venta=31000 [ok]
[5028/10892] XIAOMI LCD PANTALLA XIAOMI REDMI NOTE 13  : Costo=61074 R=147045 -> Venta=73300 [ok]
[5029/10892] XIAOMI LCD PANTALLA XIAOMI REDMI NOTE 12  : Costo=63473 R=152788 -> Venta=76200 [ok]
[5030/10892] XIAOMI LCD PANTALLA XIAOMI REDMI NOTE 12  : Costo=27256 R=65608 -> Venta=32700 [ok]
[5031/10892] XIAOMI LCD PANTALLA XIAOMI REDMI NOTE 11  : Costo=69098 R=166365 -> Venta=82900 [ok]
[5032/10892] XIAOMI LCD PANTALLA XIAOMI REDMI NOTE 11  : Costo=69098 R=166365 -> Venta=82900 [ok]
[5033/10892] XIAOMI LCD PANTALLA XIAOMI REDMI NOTE 10  : Costo=74022 R=178218 -> Venta=88800 [ok]
[5034/10892] XIAOMI LCD PANTALLA XIAOMI REDMI NOTE 10  : Costo=8126 R=11610 -> Venta=11100 [ok]
[5035/10892] XIAOMI LCD PANTALLA XIAOMI REDMI NOTE 10  : Costo=31364 R=75513 -> Venta=37600 [ok]
[5036/10892] XIAOMI LCD PANTALLA XIAOMI REDMI NOTE 10  : Costo=33021 R=79503 -> Venta=39600 [ok]
[5037/10892] XIAOMI LCD PANTALLA XIAOMI REDMI NOTE 10  : Costo=79210 R=190711 -> Venta=95100 [ok]
[5038/10892] XIAOMI LCD PANTALLA XIAOMI REDMI A2 NEGR  : Costo=9217 R=22190 -> Venta=12200 [ok]
[5039/10892] XIAOMI LCD PANTALLA XIAOMI REDMI A1 COMP  : Costo=7037 R=16939 -> Venta=10000 [ok]
[5040/10892] XIAOMI LCD PANTALLA XIAOMI REDMI A1 COMP  : Costo=7156 R=17229 -> Venta=10200 [ok]
[5041/10892] XIAOMI LCD PANTALLA XIAOMI REDMI 9T COMP  : Costo=6977 R=9969 -> Venta=10000 [ok]
[5042/10892] XIAOMI LCD PANTALLA XIAOMI REDMI 9A 9C 1  : Costo=8876 R=21365 -> Venta=11900 [ok]
[5043/10892] XIAOMI LCD PANTALLA XIAOMI REDMI 9A 9C 1  : Costo=6514 R=15683 -> Venta=9500 [ok]
[5044/10892] XIAOMI LCD PANTALLA XIAOMI REDMI 9 FLYCD  : Costo=11149 R=26836 -> Venta=14100 [ok]
[5045/10892] XIAOMI LCD PANTALLA XIAOMI REDMI 9 COMPL  : Costo=7483 R=18012 -> Venta=10500 [ok]
[5046/10892] XIAOMI LCD PANTALLA XIAOMI REDMI 9 NEGRA  : Costo=8708 R=12439 -> Venta=11700 [ok]
[5047/10892] XIAOMI LCD PANTALLA XIAOMI REDMI 15C NEG  : Costo=18721 R=45064 -> Venta=23400 [ok]
[5048/10892] XIAOMI LCD PANTALLA XIAOMI REDMI 14T PRO  : Costo=19025 R=45794 -> Venta=23800 [ok]
[5049/10892] XIAOMI LCD PANTALLA XIAOMI REDMI 12C SER  : Costo=7419 R=17859 -> Venta=10400 [ok]
[5050/10892] XIAOMI LCD PANTALLA XIAOMI REDMI 12C NEG  : Costo=9315 R=22428 -> Venta=12300 [ok]
[5051/10892] XIAOMI LCD PANTALLA XIAOMI REDMI 12 SERV  : Costo=8747 R=21054 -> Venta=11700 [ok]
[5052/10892] XIAOMI LCD PANTALLA XIAOMI REDMI 10C POC  : Costo=7296 R=17562 -> Venta=10300 [ok]
[5053/10892] XIAOMI LCD PANTALLA XIAOMI REDMI 10C POC  : Costo=6574 R=15827 -> Venta=9600 [ok]
[5054/10892] XIAOMI LCD PANTALLA XIAOMI REDMI  NOTE 1  : Costo=59829 R=144048 -> Venta=71800 [ok]
[5055/10892] HONOR LCD PANTALLA XIAOMI POCO X6 5G POC  : Costo=24950 R=60070 -> Venta=30000 [ok]
[5056/10892] XIAOMI LCD PANTALLA XIAOMI POCO X4 PRO 5  : Costo=80053 R=192739 -> Venta=96100 [ok]
[5057/10892] XIAOMI LCD PANTALLA XIAOMI POCO X3 PRO N  : Costo=9728 R=23422 -> Venta=12700 [ok]
[5058/10892] XIAOMI LCD PANTALLA XIAOMI POCO X3 GT CO  : Costo=7431 R=17891 -> Venta=10400 [ok]
[5059/10892] XIAOMI LCD PANTALLA XIAOMI POCO M4 PRO 5  : Costo=7960 R=19163 -> Venta=11000 [ok]
[5060/10892] XIAOMI LCD PANTALLA XIAOMI POCO M3 PRO C  : Costo=10395 R=25026 -> Venta=13400 [ok]
[5061/10892] XIAOMI LCD PANTALLA XIAOMI POCO F3 F3 PR  : Costo=48586 R=116978 -> Venta=58300 [ok]
[5062/10892] XIAOMI LCD PANTALLA XIAOMI POCO F3 COMPL  : Costo=9576 R=23049 -> Venta=12600 [ok]
[5063/10892] XIAOMI LCD PANTALLA XIAOMI POCO F3 COMPL  : Costo=9574 R=23049 -> Venta=12600 [ok]
[5064/10892] XIAOMI LCD PANTALLA XIAOMI NOTE 14 PRO 5  : Costo=23715 R=57098 -> Venta=28700 [ok]
[5065/10892] XIAOMI LCD PANTALLA XIAOMI NOTE 14 PRO 4  : Costo=21562 R=30809 -> Venta=26600 [ok]
[5066/10892] XIAOMI LCD PANTALLA XIAOMI NOTE 13 PRO M  : Costo=9346 R=22500 -> Venta=12300 [ok]
[5067/10892] XIAOMI LCD PANTALLA XIAOMI NOTE 13 PRO C  : Costo=20751 R=49960 -> Venta=25800 [ok]
[5068/10892] XIAOMI LCD PANTALLA XIAOMI MI NOTE 9S NO  : Costo=6487 R=9267 -> Venta=9500 [ok]
[5069/10892] XIAOMI LCD PANTALLA XIAOMI MI NOTE 9 COM  : Costo=7584 R=18260 -> Venta=10600 [ok]
[5070/10892] XIAOMI LCD PANTALLA XIAOMI MI NOTE 10 CO  : Costo=58986 R=142019 -> Venta=70800 [ok]
[5071/10892] XIAOMI LCD PANTALLA XIAOMI MI A2 MI 6X F  : Costo=7459 R=17955 -> Venta=10500 [ok]
[5072/10892] XIAOMI LCD PANTALLA XIAOMI MI 8 COMPLETA  : Costo=15636 R=37646 -> Venta=19500 [ok]
[5073/10892] XIAOMI LCD PANTALLA XIAOMI MI 15 ULTRA N  : Costo=67713 R=162994 -> Venta=81300 [ok]
[5074/10892] XIAOMI LCD PANTALLA XIAOMI MI 12T COMPLE  : Costo=27856 R=67066 -> Venta=33400 [ok]
[5075/10892] XIAOMI LCD PANTALLA XIAOMI MI 12 LITE  C  : Costo=21144 R=50907 -> Venta=26100 [ok]
[5076/10892] XIAOMI LCD PANTALLA XIAOMI MI 11T COMPLE  : Costo=23928 R=57610 -> Venta=28900 [ok]
[5077/10892] XIAOMI LCD PANTALLA XIAOMI 14C NEGRA CON  : Costo=9793 R=23572 -> Venta=12800 [ok]
[5078/10892] XIAOMI LCD PANTALLA XIAOMI 14C NEGRA SIN  : Costo=8512 R=20493 -> Venta=11500 [ok]
[5079/10892] XIAOMI LCD PANTALLA XIAOMI 13C COMPLETA   : Costo=8149 R=19620 -> Venta=11100 [ok]
[5080/10892] XIAOMI LCD PANTALLA XIAOMI 13C 13C 5G PO  : Costo=7580 R=18250 -> Venta=10600 [ok]
[5081/10892] XIAOMI LCD PANTALLA XIAOMI  13T NEGRA SI  : Costo=25136 R=60504 -> Venta=30200 [ok]
[5082/10892] Samsung LCD PANTALLA SAMSUNG M52 NEGRA C  : Costo=25199 R=60656 -> Venta=30200 [ok]
[5083/10892] Samsung LCD PANTALLA SAMSUNG GALAXY TAB   : Costo=18103 R=43586 -> Venta=22600 [ok]
[5084/10892] Samsung LCD PANTALLA SAMSUNG GALAXY TAB   : Costo=31027 R=74701 -> Venta=37200 [ok]
[5085/10892] Samsung LCD PANTALLA SAMSUNG GALAXY TAB   : Costo=17600 R=42366 -> Venta=22000 [ok]
[5086/10892] Samsung LCD PANTALLA SAMSUNG GALAXY TAB   : Costo=17040 R=24342 -> Venta=21300 [ok]
[5087/10892] Samsung LCD PANTALLA SAMSUNG GALAXY TAB   : Costo=11584 R=27890 -> Venta=14600 [ok]
[5088/10892] Samsung LCD PANTALLA SAMSUNG GALAXY TAB   : Costo=11560 R=27831 -> Venta=14600 [ok]
[5089/10892] Samsung LCD PANTALLA SAMSUNG GALAXY S6 E  : Costo=65326 R=157282 -> Venta=78400 [ok]
[5090/10892] Samsung LCD PANTALLA SAMSUNG GALAXY S24   : Costo=166914 R=401786 -> Venta=192000 [ok]
[5091/10892] Samsung LCD PANTALLA SAMSUNG GALAXY S24   : Costo=141361 R=340276 -> Venta=162600 [ok]
[5092/10892] Samsung LCD PANTALLA SAMSUNG GALAXY S24   : Costo=75138 R=180907 -> Venta=90200 [ok]
[5093/10892] Samsung LCD PANTALLA SAMSUNG GALAXY S24   : Costo=140258 R=337621 -> Venta=161300 [ok]
[5094/10892] Samsung LCD PANTALLA SAMSUNG GALAXY S24   : Costo=119342 R=287272 -> Venta=137200 [ok]
[5095/10892] Samsung LCD PANTALLA SAMSUNG GALAXY S23   : Costo=252462 R=324663 -> Venta=290300 [ok]
[5096/10892] Samsung LCD PANTALLA SAMSUNG GALAXY S23   : Costo=107614 R=259098 -> Venta=123800 [ok]
[5097/10892] Samsung LCD PANTALLA SAMSUNG GALAXY S23   : Costo=69179 R=98848 -> Venta=83000 [ok]
[5098/10892] Samsung LCD PANTALLA SAMSUNG GALAXY S23   : Costo=119817 R=288477 -> Venta=137800 [ok]
[5099/10892] Samsung LCD PANTALLA SAMSUNG GALAXY S22   : Costo=235646 R=567355 -> Venta=271000 [ok]
[5100/10892] Samsung LCD PANTALLA SAMSUNG GALAXY S22   : Costo=211878 R=510129 -> Venta=243700 [ok]
[5101/10892] Samsung LCD PANTALLA SAMSUNG GALAXY S22   : Costo=87447 R=124950 -> Venta=104900 [ok]
[5102/10892] Samsung LCD PANTALLA SAMSUNG GALAXY S22   : Costo=134956 R=324857 -> Venta=155200 [ok]
[5103/10892] Samsung LCD PANTALLA SAMSUNG GALAXY S21   : Costo=168213 R=404998 -> Venta=193400 [ok]
[5104/10892] Samsung LCD PANTALLA SAMSUNG GALAXY S21   : Costo=106235 R=255777 -> Venta=122200 [ok]
[5105/10892] Samsung LCD PANTALLA SAMSUNG GALAXY S21   : Costo=113271 R=272659 -> Venta=130300 [ok]
[5106/10892] Samsung LCD PANTALLA SAMSUNG GALAXY S21   : Costo=103748 R=249736 -> Venta=119300 [ok]
[5107/10892] Samsung LCD PANTALLA SAMSUNG GALAXY S20   : Costo=69862 R=168167 -> Venta=83800 [ok]
[5108/10892] Samsung LCD PANTALLA SAMSUNG GALAXY S20   : Costo=135281 R=325640 -> Venta=155600 [ok]
[5109/10892] Samsung LCD PANTALLA SAMSUNG GALAXY S20   : Costo=22651 R=54534 -> Venta=27700 [ok]
[5110/10892] Samsung LCD PANTALLA SAMSUNG GALAXY S20   : Costo=129153 R=310955 -> Venta=148500 [ok]
[5111/10892] Samsung LCD PANTALLA SAMSUNG GALAXY S20   : Costo=143553 R=345627 -> Venta=165100 [ok]
[5112/10892] Samsung LCD PANTALLA SAMSUNG GALAXY S10   : Costo=97131 R=233857 -> Venta=116600 [ok]
[5113/10892] Samsung LCD PANTALLA SAMSUNG GALAXY ON N  : Costo=11337 R=27294 -> Venta=14300 [ok]
[5114/10892] Samsung LCD PANTALLA SAMSUNG GALAXY NOTE  : Costo=221133 R=532413 -> Venta=254300 [ok]
[5115/10892] Samsung LCD PANTALLA SAMSUNG GALAXY NOTE  : Costo=189200 R=455527 -> Venta=217600 [ok]
[5116/10892] Samsung LCD PANTALLA SAMSUNG GALAXY NOTE  : Costo=181602 R=437236 -> Venta=208800 [ok]
[5117/10892] Samsung LCD PANTALLA SAMSUNG GALAXY NOTE  : Costo=311926 R=751012 -> Venta=358700 [ok]
[5118/10892] Samsung LCD PANTALLA SAMSUNG GALAXY NOTE  : Costo=235835 R=567810 -> Venta=271200 [ok]
[5119/10892] Samsung LCD PANTALLA SAMSUNG GALAXY M53   : Costo=70803 R=170469 -> Venta=85000 [ok]
[5120/10892] Samsung LCD PANTALLA SAMSUNG GALAXY M51   : Costo=18124 R=43636 -> Venta=22700 [ok]
[5121/10892] Samsung LCD PANTALLA SAMSUNG GALAXY M51   : Costo=58069 R=139810 -> Venta=69700 [ok]
[5122/10892] Samsung LCD PANTALLA SAMSUNG GALAXY M32   : Costo=8522 R=20513 -> Venta=11500 [ok]
[5123/10892] Samsung LCD PANTALLA SAMSUNG GALAXY M32   : Costo=62199 R=149754 -> Venta=74600 [ok]
[5124/10892] Samsung LCD PANTALLA SAMSUNG GALAXY M32   : Costo=22663 R=54563 -> Venta=27700 [ok]
[5125/10892] Samsung LCD PANTALLA SAMSUNG GALAXY M31S  : Costo=48537 R=116859 -> Venta=58200 [ok]
[5126/10892] Samsung LCD PANTALLA SAMSUNG GALAXY M13   : Costo=9626 R=23176 -> Venta=12600 [ok]
[5127/10892] Samsung LCD PANTALLA SAMSUNG GALAXY M11   : Costo=7701 R=18540 -> Venta=10700 [ok]
[5128/10892] Samsung LCD PANTALLA SAMSUNG GALAXY M01   : Costo=8711 R=20973 -> Venta=11700 [ok]
[5129/10892] Samsung LCD PANTALLA SAMSUNG GALAXY J8 C  : Costo=25188 R=60643 -> Venta=30200 [ok]
[5130/10892] Samsung LCD PANTALLA SAMSUNG GALAXY J7 N  : Costo=18429 R=44370 -> Venta=23000 [ok]
[5131/10892] Samsung LCD PANTALLA SAMSUNG GALAXY J4 2  : Costo=64697 R=155766 -> Venta=77600 [ok]
[5132/10892] Samsung LCD PANTALLA SAMSUNG GALAXY A80   : Costo=23188 R=55816 -> Venta=28200 [ok]
[5133/10892] Samsung LCD PANTALLA SAMSUNG GALAXY A73   : Costo=35723 R=86007 -> Venta=42900 [ok]
[5134/10892] Samsung LCD PANTALLA SAMSUNG GALAXY A73   : Costo=62969 R=151608 -> Venta=75600 [ok]
[5135/10892] Samsung LCD PANTALLA SAMSUNG GALAXY A72   : Costo=78555 R=189133 -> Venta=94300 [ok]
[5136/10892] Samsung LCD PANTALLA SAMSUNG GALAXY A71   : Costo=78043 R=187900 -> Venta=93700 [ok]
[5137/10892] Samsung LCD PANTALLA SAMSUNG GALAXY A71   : Costo=67009 R=161334 -> Venta=80400 [ok]
[5138/10892] Samsung LCD PANTALLA SAMSUNG GALAXY A71   : Costo=70853 R=170590 -> Venta=85000 [ok]
[5139/10892] Samsung LCD PANTALLA SAMSUNG GALAXY A71   : Costo=17560 R=25091 -> Venta=22000 [ok]
[5140/10892] Samsung LCD PANTALLA SAMSUNG GALAXY A71   : Costo=69450 R=167211 -> Venta=83300 [ok]
[5141/10892] Samsung LCD PANTALLA SAMSUNG GALAXY A70S  : Costo=58248 R=140241 -> Venta=69900 [ok]
[5142/10892] Samsung LCD PANTALLA SAMSUNG GALAXY A70   : Costo=86251 R=207663 -> Venta=103500 [ok]
[5143/10892] Samsung LCD PANTALLA SAMSUNG GALAXY A70   : Costo=58268 R=140289 -> Venta=69900 [ok]
[5144/10892] Samsung LCD PANTALLA SAMSUNG GALAXY A70   : Costo=35070 R=84437 -> Venta=42100 [ok]
[5145/10892] Samsung LCD PANTALLA SAMSUNG GALAXY A70   : Costo=38125 R=91791 -> Venta=45800 [ok]
[5146/10892] Samsung LCD PANTALLA SAMSUNG GALAXY A70   : Costo=6960 R=16753 -> Venta=10000 [ok]
[5147/10892] Samsung LCD PANTALLA SAMSUNG GALAXY A70   : Costo=20028 R=48219 -> Venta=25000 [ok]
[5148/10892] Samsung LCD PANTALLA SAMSUNG GALAXY A70   : Costo=19524 R=47007 -> Venta=24400 [ok]
[5149/10892] Samsung LCD PANTALLA SAMSUNG GALAXY A7 (  : Costo=19491 R=46928 -> Venta=24400 [ok]
[5150/10892] Samsung LCD PANTALLA SAMSUNG GALAXY A6 P  : Costo=25461 R=61301 -> Venta=30600 [ok]
[5151/10892] Samsung LCD PANTALLA SAMSUNG GALAXY A56   : Costo=74518 R=179374 -> Venta=89400 [ok]
[5152/10892] Samsung LCD PANTALLA SAMSUNG GALAXY A55   : Costo=22494 R=54146 -> Venta=27500 [ok]
[5153/10892] Samsung LCD PANTALLA SAMSUNG GALAXY A55   : Costo=22494 R=32134 -> Venta=27500 [ok]
[5154/10892] Samsung LCD PANTALLA SAMSUNG GALAXY A54   : Costo=85965 R=206974 -> Venta=103200 [ok]
[5155/10892] Samsung LCD PANTALLA SAMSUNG GALAXY A53   : Costo=74987 R=180542 -> Venta=90000 [ok]
[5156/10892] Samsung LCD PANTALLA SAMSUNG GALAXY A52S  : Costo=80704 R=194307 -> Venta=96800 [ok]
[5157/10892] Samsung LCD PANTALLA SAMSUNG GALAXY A52   : Costo=80704 R=194307 -> Venta=96800 [ok]
[5158/10892] Samsung LCD PANTALLA SAMSUNG GALAXY A52   : Costo=27303 R=65720 -> Venta=32800 [ok]
[5159/10892] Samsung LCD PANTALLA SAMSUNG GALAXY A52   : Costo=74383 R=179089 -> Venta=89300 [ok]
[5160/10892] Samsung LCD PANTALLA SAMSUNG GALAXY A51   : Costo=20126 R=48455 -> Venta=25100 [ok]
[5161/10892] Samsung LCD PANTALLA SAMSUNG GALAXY A50   : Costo=23997 R=57776 -> Venta=29000 [ok]
[5162/10892] Samsung LCD PANTALLA SAMSUNG GALAXY A50   : Costo=22502 R=54176 -> Venta=27500 [ok]
[5163/10892] Samsung LCD PANTALLA SAMSUNG GALAXY A50   : Costo=17968 R=43259 -> Venta=22500 [ok]
[5164/10892] Samsung LCD PANTALLA SAMSUNG GALAXY A42   : Costo=37463 R=90197 -> Venta=45000 [ok]
[5165/10892] Samsung LCD PANTALLA SAMSUNG GALAXY A42   : Costo=55511 R=133651 -> Venta=66600 [ok]
[5166/10892] Samsung LCD PANTALLA SAMSUNG GALAXY A42   : Costo=35817 R=86234 -> Venta=43000 [ok]
[5167/10892] Samsung LCD PANTALLA SAMSUNG GALAXY A41   : Costo=55212 R=132932 -> Venta=66300 [ok]
[5168/10892] Samsung LCD PANTALLA SAMSUNG GALAXY A41   : Costo=51779 R=124665 -> Venta=62100 [ok]
[5169/10892] Samsung LCD PANTALLA SAMSUNG GALAXY A40S  : Costo=40841 R=98330 -> Venta=49000 [ok]
[5170/10892] Samsung LCD PANTALLA SAMSUNG GALAXY A40   : Costo=55033 R=132501 -> Venta=66000 [ok]
[5171/10892] Samsung LCD PANTALLA SAMSUNG GALAXY A36   : Costo=59115 R=142297 -> Venta=70900 [ok]
[5172/10892] Samsung LCD PANTALLA SAMSUNG GALAXY A35   : Costo=52027 R=125235 -> Venta=62400 [ok]
[5173/10892] Samsung LCD PANTALLA SAMSUNG GALAXY A35   : Costo=21674 R=52173 -> Venta=26700 [ok]
[5174/10892] Samsung LCD PANTALLA SAMSUNG GALAXY A34   : Costo=65471 R=157632 -> Venta=78600 [ok]
[5175/10892] Samsung LCD PANTALLA SAMSUNG GALAXY A34   : Costo=65471 R=157632 -> Venta=78600 [ok]
[5176/10892] Samsung LCD PANTALLA SAMSUNG GALAXY A33   : Costo=83398 R=200794 -> Venta=100100 [ok]
[5177/10892] Samsung LCD PANTALLA SAMSUNG GALAXY A32   : Costo=10548 R=25394 -> Venta=13500 [ok]
[5178/10892] Samsung LCD PANTALLA SAMSUNG GALAXY A32   : Costo=8060 R=19401 -> Venta=11100 [ok]
[5179/10892] Samsung LCD PANTALLA SAMSUNG GALAXY A32   : Costo=24632 R=59304 -> Venta=29600 [ok]
[5180/10892] Samsung LCD PANTALLA SAMSUNG GALAXY A32   : Costo=75675 R=182199 -> Venta=90800 [ok]
[5181/10892] Samsung LCD PANTALLA SAMSUNG GALAXY A31   : Costo=64095 R=154319 -> Venta=76900 [ok]
[5182/10892] Samsung LCD PANTALLA SAMSUNG GALAXY A31   : Costo=45006 R=108358 -> Venta=54000 [ok]
[5183/10892] Samsung LCD PANTALLA SAMSUNG GALAXY A30S  : Costo=19724 R=47489 -> Venta=24700 [ok]
[5184/10892] Samsung LCD PANTALLA SAMSUNG GALAXY A30S  : Costo=23493 R=56549 -> Venta=28500 [ok]
[5185/10892] Samsung LCD PANTALLA SAMSUNG GALAXY A30S  : Costo=17885 R=43060 -> Venta=22400 [ok]
[5186/10892] Samsung LCD PANTALLA SAMSUNG GALAXY A30S  : Costo=65772 R=158356 -> Venta=78900 [ok]
[5187/10892] Samsung LCD PANTALLA SAMSUNG GALAXY A30S  : Costo=20403 R=49123 -> Venta=25400 [ok]
[5188/10892] Samsung LCD PANTALLA SAMSUNG GALAXY A30S  : Costo=63239 R=152258 -> Venta=75900 [ok]
[5189/10892] Samsung LCD PANTALLA SAMSUNG GALAXY A30   : Costo=21887 R=52684 -> Venta=26900 [ok]
[5190/10892] Samsung LCD PANTALLA SAMSUNG GALAXY A30   : Costo=18417 R=44342 -> Venta=23000 [ok]
[5191/10892] Samsung LCD PANTALLA SAMSUNG GALAXY A30   : Costo=27465 R=66125 -> Venta=33000 [ok]
[5192/10892] Samsung LCD PANTALLA SAMSUNG GALAXY A26   : Costo=42531 R=102377 -> Venta=51000 [ok]
[5193/10892] Samsung LCD PANTALLA SAMSUNG GALAXY A24   : Costo=64469 R=155186 -> Venta=77400 [ok]
[5194/10892] Samsung LCD PANTALLA SAMSUNG GALAXY A24   : Costo=8326 R=20042 -> Venta=11300 [ok]
[5195/10892] Samsung LCD PANTALLA SAMSUNG GALAXY A24   : Costo=59583 R=143454 -> Venta=71500 [ok]
[5196/10892] Samsung LCD PANTALLA SAMSUNG GALAXY A24   : Costo=63012 R=151712 -> Venta=75600 [ok]
[5197/10892] Samsung LCD PANTALLA SAMSUNG GALAXY A23   : Costo=6858 R=16508 -> Venta=9900 [ok]
[5198/10892] Samsung LCD PANTALLA SAMSUNG GALAXY A23   : Costo=9678 R=23300 -> Venta=12700 [ok]
[5199/10892] Samsung LCD PANTALLA SAMSUNG GALAXY A23   : Costo=7782 R=18736 -> Venta=10800 [ok]
[5200/10892] Samsung LCD PANTALLA SAMSUNG GALAXY A23   : Costo=9237 R=22238 -> Venta=12200 [ok]
[5201/10892] Samsung LCD PANTALLA SAMSUNG GALAXY A23   : Costo=6404 R=15415 -> Venta=9400 [ok]
[5202/10892] Samsung LCD PANTALLA SAMSUNG GALAXY A23   : Costo=9421 R=22682 -> Venta=12400 [ok]
[5203/10892] Samsung LCD PANTALLA SAMSUNG GALAXY A22   : Costo=9834 R=23671 -> Venta=12800 [ok]
[5204/10892] Samsung LCD PANTALLA SAMSUNG GALAXY A22   : Costo=6783 R=16330 -> Venta=9800 [ok]
[5205/10892] Samsung LCD PANTALLA SAMSUNG GALAXY A22   : Costo=8368 R=20147 -> Venta=11400 [ok]
[5206/10892] Samsung LCD PANTALLA SAMSUNG GALAXY A22   : Costo=23606 R=56823 -> Venta=28600 [ok]
[5207/10892] Samsung LCD PANTALLA SAMSUNG GALAXY A22   : Costo=20322 R=48928 -> Venta=25300 [ok]
[5208/10892] Samsung LCD PANTALLA SAMSUNG GALAXY A22   : Costo=51971 R=125127 -> Venta=62400 [ok]
[5209/10892] Samsung LCD PANTALLA SAMSUNG GALAXY A21S  : Costo=7701 R=18540 -> Venta=10700 [ok]
[5210/10892] Samsung LCD PANTALLA SAMSUNG GALAXY A21S  : Costo=6793 R=9704 -> Venta=9800 [ok]
[5211/10892] Samsung LCD PANTALLA SAMSUNG GALAXY A21   : Costo=6857 R=16508 -> Venta=9900 [ok]
[5212/10892] Samsung LCD PANTALLA SAMSUNG GALAXY A20S  : Costo=13084 R=31501 -> Venta=16400 [ok]
[5213/10892] Samsung LCD PANTALLA SAMSUNG GALAXY A20S  : Costo=9921 R=23886 -> Venta=12900 [ok]
[5214/10892] Samsung LCD PANTALLA SAMSUNG GALAXY A20S  : Costo=6571 R=15817 -> Venta=9600 [ok]
[5215/10892] Samsung LCD PANTALLA SAMSUNG GALAXY A20E  : Costo=8420 R=20271 -> Venta=11400 [ok]
[5216/10892] Samsung LCD PANTALLA SAMSUNG GALAXY A20   : Costo=22234 R=53532 -> Venta=27200 [ok]
[5217/10892] Samsung LCD PANTALLA SAMSUNG GALAXY A20   : Costo=19646 R=47301 -> Venta=24600 [ok]
[5218/10892] Samsung LCD PANTALLA SAMSUNG GALAXY A20   : Costo=18641 R=26636 -> Venta=23300 [ok]
[5219/10892] Samsung LCD PANTALLA SAMSUNG GALAXY A20   : Costo=18453 R=44429 -> Venta=23100 [ok]
[5220/10892] Samsung LCD PANTALLA SAMSUNG GALAXY A17   : Costo=39793 R=95786 -> Venta=47800 [ok]
[5221/10892] Samsung LCD PANTALLA SAMSUNG GALAXY A15   : Costo=19863 R=28382 -> Venta=24800 [ok]
[5222/10892] Samsung LCD PANTALLA SAMSUNG GALAXY A15   : Costo=25713 R=61908 -> Venta=30900 [ok]
[5223/10892] Samsung LCD PANTALLA SAMSUNG GALAXY A15   : Costo=24463 R=34947 -> Venta=29500 [ok]
[5224/10892] Samsung LCD PANTALLA SAMSUNG GALAXY A14   : Costo=7505 R=18066 -> Venta=10500 [ok]
[5225/10892] Samsung LCD PANTALLA SAMSUNG GALAXY A14   : Costo=9969 R=24002 -> Venta=13000 [ok]
[5226/10892] Samsung LCD PANTALLA SAMSUNG GALAXY A14   : Costo=8757 R=12512 -> Venta=11800 [ok]
[5227/10892] Samsung LCD PANTALLA SAMSUNG GALAXY A14   : Costo=7747 R=18647 -> Venta=10700 [ok]
[5228/10892] Samsung LCD PANTALLA SAMSUNG GALAXY A14   : Costo=8530 R=12189 -> Venta=11500 [ok]
[5229/10892] Samsung LCD PANTALLA SAMSUNG GALAXY A13   : Costo=6772 R=16304 -> Venta=9800 [ok]
[5230/10892] Samsung LCD PANTALLA SAMSUNG GALAXY A13   : Costo=8474 R=20398 -> Venta=11500 [ok]
[5231/10892] Samsung LCD PANTALLA SAMSUNG GALAXY A13   : Costo=6079 R=14634 -> Venta=9100 [ok]
[5232/10892] Samsung LCD PANTALLA SAMSUNG GALAXY A12S  : Costo=7414 R=17849 -> Venta=10400 [ok]
[5233/10892] Samsung LCD PANTALLA SAMSUNG GALAXY A12S  : Costo=6139 R=14780 -> Venta=9100 [ok]
[5234/10892] Samsung LCD PANTALLA SAMSUNG GALAXY A12   : Costo=14225 R=34248 -> Venta=17800 [ok]
[5235/10892] Samsung LCD PANTALLA SAMSUNG GALAXY A12   : Costo=7415 R=17849 -> Venta=10400 [ok]
[5236/10892] Samsung LCD PANTALLA SAMSUNG GALAXY A12   : Costo=6139 R=8772 -> Venta=9100 [ok]
[5237/10892] Samsung LCD PANTALLA SAMSUNG GALAXY A11   : Costo=12224 R=29432 -> Venta=15300 [ok]
[5238/10892] Samsung LCD PANTALLA SAMSUNG GALAXY A11   : Costo=6783 R=9691 -> Venta=9800 [ok]
[5239/10892] Samsung LCD PANTALLA SAMSUNG GALAXY A10S  : Costo=10842 R=26102 -> Venta=13800 [ok]
[5240/10892] Samsung LCD PANTALLA SAMSUNG GALAXY A10S  : Costo=8414 R=20256 -> Venta=11400 [ok]
[5241/10892] Samsung LCD PANTALLA SAMSUNG GALAXY A10S  : Costo=6440 R=9202 -> Venta=9400 [ok]
[5242/10892] Samsung LCD PANTALLA SAMSUNG GALAXY A10E  : Costo=6199 R=14924 -> Venta=9200 [ok]
[5243/10892] Samsung LCD PANTALLA SAMSUNG GALAXY A10   : Costo=8585 R=20665 -> Venta=11600 [ok]
[5244/10892] Samsung LCD PANTALLA SAMSUNG GALAXY A10   : Costo=12461 R=29995 -> Venta=15600 [ok]
[5245/10892] Samsung LCD PANTALLA SAMSUNG GALAXY A10   : Costo=7803 R=18783 -> Venta=10800 [ok]
[5246/10892] Samsung LCD PANTALLA SAMSUNG GALAXY A10   : Costo=7374 R=17752 -> Venta=10400 [ok]
[5247/10892] Samsung LCD PANTALLA SAMSUNG GALAXY A06   : Costo=7846 R=18886 -> Venta=10800 [ok]
[5248/10892] Samsung LCD PANTALLA SAMSUNG GALAXY A05S  : Costo=9833 R=23669 -> Venta=12800 [ok]
[5249/10892] Samsung LCD PANTALLA SAMSUNG GALAXY A05   : Costo=8040 R=11486 -> Venta=11000 [ok]
[5250/10892] Samsung LCD PANTALLA SAMSUNG GALAXY A04S  : Costo=8458 R=20364 -> Venta=11500 [ok]
[5251/10892] Samsung LCD PANTALLA SAMSUNG GALAXY A04S  : Costo=9039 R=21762 -> Venta=12000 [ok]
[5252/10892] Samsung LCD PANTALLA SAMSUNG GALAXY A03   : Costo=8260 R=19883 -> Venta=11300 [ok]
[5253/10892] Samsung LCD PANTALLA SAMSUNG GALAXY A03   : Costo=12203 R=29374 -> Venta=15300 [ok]
[5254/10892] Samsung LCD PANTALLA SAMSUNG GALAXY A03   : Costo=7601 R=18295 -> Venta=10600 [ok]
[5255/10892] Samsung LCD PANTALLA SAMSUNG GALAXY A03   : Costo=8289 R=19956 -> Venta=11300 [ok]
[5256/10892] Samsung LCD PANTALLA SAMSUNG GALAXY A03   : Costo=6456 R=15543 -> Venta=9500 [ok]
[5257/10892] Samsung LCD PANTALLA SAMSUNG GALAXY A01   : Costo=6077 R=14630 -> Venta=9100 [ok]
[5258/10892] Samsung LCD PANTALLA SAMSUNG GALAXY A01   : Costo=8011 R=19287 -> Venta=11000 [ok]
[5259/10892] Samsung LCD PANTALLA SAMSUNG GALAXY A01   : Costo=8929 R=21492 -> Venta=11900 [ok]
[5260/10892] Samsung LCD PANTALLA SAMSUNG GALAXY A01   : Costo=6847 R=16484 -> Venta=9800 [ok]
[5261/10892] Samsung LCD PANTALLA SAMSUNG GALAXY  A02  : Costo=9411 R=22653 -> Venta=12400 [ok]
[5262/10892] Samsung LCD PANTALLA SAMSUNG GALAXY  A02  : Costo=7945 R=11352 -> Venta=10900 [ok]
[5263/10892] Samsung LCD PANTALLA SAMSUNG GALAXY  A02  : Costo=9355 R=22523 -> Venta=12400 [ok]
[5264/10892] Samsung LCD PANTALLA SAMSUNG A34 5G BIG   : Costo=66280 R=159544 -> Venta=79500 [ok]
[5265/10892] Samsung LCD PANTALLA SAMSUNG A34 4G SMAL  : Costo=9916 R=23869 -> Venta=12900 [ok]
[5266/10892] Samsung LCD PANTALLA SAMSUNG A25 SMALL N  : Costo=21277 R=30395 -> Venta=26300 [ok]
[5267/10892] Samsung LCD PANTALLA SAMSUNG A25 BIG NEG  : Costo=24889 R=59912 -> Venta=29900 [ok]
[5268/10892] REALME LCD PANTALLA REALME C55 MNK NEGRA  : Costo=8331 R=20054 -> Venta=11300 [ok]
[5269/10892] REALME LCD PANTALLA REALME C55 NEGRA SIN  : Costo=8060 R=19401 -> Venta=11100 [ok]
[5270/10892] REALME LCD PANTALLA REALME C53 NEGRA SIN  : Costo=6570 R=15817 -> Venta=9600 [ok]
[5271/10892] REALME LCD PANTALLA REALME C21 MNK NEGRA  : Costo=7501 R=18060 -> Venta=10500 [ok]
[5272/10892] REALME LCD PANTALLA REALME C21 NEGRA SIN  : Costo=8769 R=21111 -> Venta=11800 [ok]
[5273/10892] REALME LCD PANTALLA REALME 9I 5G MNK NEG  : Costo=9167 R=22065 -> Venta=12200 [ok]
[5274/10892] REALME LCD PANTALLA REALME 9I 4G MNK NEG  : Costo=7813 R=18806 -> Venta=10800 [ok]
[5275/10892] REALME LCD PANTALLA REALME 9I NEGRA SIN   : Costo=18734 R=45105 -> Venta=23400 [ok]
[5276/10892] REALME LCD PANTALLA REALME 8 5G SERVICE   : Costo=7038 R=16941 -> Venta=10000 [ok]
[5277/10892] REALME LCD PANTALLA REALME 8 NEGRA SIN M  : Costo=33998 R=81855 -> Venta=40800 [ok]
[5278/10892] NOKIA LCD PANTALLA NOKIA NOKIA C32 NEGRA  : Costo=7809 R=18796 -> Venta=10800 [ok]
[5279/10892] NOKIA LCD PANTALLA NOKIA G60 COMPLETA NE  : Costo=12172 R=29306 -> Venta=15200 [ok]
[5280/10892] NOKIA LCD PANTALLA NOKIA G21 COMPLETA NE  : Costo=7827 R=18843 -> Venta=10800 [ok]
[5281/10892] NOKIA LCD PANTALLA NOKIA G11 PLUS COMPLE  : Costo=7952 R=19141 -> Venta=11000 [ok]
[5282/10892] NOKIA LCD PANTALLA NOKIA G11 PLUS COMPLE  : Costo=8878 R=21374 -> Venta=11900 [ok]
[5283/10892] NOKIA LCD PANTALLA NOKIA G10 G20 COMPLET  : Costo=7846 R=18891 -> Venta=10800 [ok]
[5284/10892] NOKIA LCD PANTALLA NOKIA G10 COMPLETA NE  : Costo=18300 R=44059 -> Venta=22900 [ok]
[5285/10892] NOKIA LCD PANTALLA NOKIA C32 COMPLETA MN  : Costo=8084 R=19458 -> Venta=11100 [ok]
[5286/10892] NOKIA LCD PANTALLA NOKIA 8.3 5G COMPLETA  : Costo=32493 R=78231 -> Venta=39000 [ok]
[5287/10892] NOKIA LCD PANTALLA NOKIA 8.1 (NOKIA X7)   : Costo=19496 R=46939 -> Venta=24400 [ok]
[5288/10892] NOKIA LCD PANTALLA NOKIA 7.1 COMPLETA NE  : Costo=11778 R=28356 -> Venta=14800 [ok]
[5289/10892] NOKIA LCD PANTALLA NOKIA 7 COMPLETA NEGR  : Costo=9284 R=22352 -> Venta=12300 [ok]
[5290/10892] NOKIA LCD PANTALLA NOKIA 6.2 COMPLETA NE  : Costo=7570 R=18225 -> Venta=10600 [ok]
[5291/10892] NOKIA LCD PANTALLA NOKIA 6.1 PLUS (NOKIA  : Costo=12105 R=17297 -> Venta=15100 [ok]
[5292/10892] NOKIA LCD PANTALLA NOKIA 6.1 COMPLETA NE  : Costo=7334 R=17656 -> Venta=10300 [ok]
[5293/10892] NOKIA LCD PANTALLA NOKIA 5.3 COMPLETA MN  : Costo=7821 R=18826 -> Venta=10800 [ok]
[5294/10892] NOKIA LCD PANTALLA NOKIA 5.3 COMPLETA NE  : Costo=8668 R=20870 -> Venta=11700 [ok]
[5295/10892] NOKIA LCD PANTALLA NOKIA 5.1 PLUS (NOKIA  : Costo=13683 R=32943 -> Venta=17100 [ok]
[5296/10892] NOKIA LCD PANTALLA NOKIA 5.1 COMPLETA NE  : Costo=11177 R=26910 -> Venta=14200 [ok]
[5297/10892] NOKIA LCD PANTALLA NOKIA 4.2 COMPLETA NE  : Costo=8895 R=21416 -> Venta=11900 [ok]
[5298/10892] NOKIA LCD PANTALLA NOKIA 3.2 COMPLETA NE  : Costo=14140 R=34045 -> Venta=17700 [ok]
[5299/10892] NOKIA LCD PANTALLA NOKIA 3.1 COMPLETA NE  : Costo=10309 R=24819 -> Venta=13300 [ok]
[5300/10892] NOKIA LCD PANTALLA NOKIA 3 COMPLETA NEGR  : Costo=8530 R=20537 -> Venta=11500 [ok]
[5301/10892] NOKIA LCD PANTALLA NOKIA 2.4 COMPLETA NE  : Costo=7691 R=10987 -> Venta=10700 [ok]
[5302/10892] NOKIA LCD PANTALLA NOKIA 2.3 COMPLETA NE  : Costo=14959 R=36017 -> Venta=18700 [ok]
[5303/10892] NOKIA LCD PANTALLA NOKIA 2.2 COMPLETA NE  : Costo=10642 R=25621 -> Venta=13600 [ok]
[5304/10892] NOKIA LCD PANTALLA NOKIA 2 COMPLETA NEGR  : Costo=12264 R=29526 -> Venta=15300 [ok]
[5305/10892] NOKIA LCD PANTALLA NOKIA 1.3 COMPLETA NE  : Costo=32493 R=78231 -> Venta=39000 [ok]
[5306/10892] NOKIA LCD PANTALLA NOKIA 1 COMPLETA NEGR  : Costo=11430 R=27520 -> Venta=14400 [ok]
[5307/10892] MOTOROLA LCD PANTALLA MOTOROLA ONE ZOOM   : Costo=49053 R=118103 -> Venta=58900 [ok]
[5308/10892] MOTOROLA LCD PANTALLA MOTOROLA ONE MACRO  : Costo=7102 R=17099 -> Venta=10100 [ok]
[5309/10892] MOTOROLA LCD PANTALLA MOTOROLA MOTO Z PL  : Costo=18667 R=44942 -> Venta=23300 [ok]
[5310/10892] MOTOROLA LCD PANTALLA MOTOROLA MOTO G9 P  : Costo=9381 R=22585 -> Venta=12400 [ok]
[5311/10892] MOTOROLA LCD PANTALLA MOTOROLA MOTO G9 P  : Costo=6990 R=16825 -> Venta=10000 [ok]
[5312/10892] MOTOROLA LCD PANTALLA MOTOROLA MOTO G9 C  : Costo=9356 R=22526 -> Venta=12400 [ok]
[5313/10892] MOTOROLA LCD PANTALLA MOTOROLA MOTO G8 P  : Costo=7340 R=17668 -> Venta=10300 [ok]
[5314/10892] MOTOROLA LCD PANTALLA MOTOROLA MOTO G8 C  : Costo=12344 R=29720 -> Venta=15400 [ok]
[5315/10892] MOTOROLA LCD PANTALLA MOTOROLA MOTO G72   : Costo=32157 R=77422 -> Venta=38600 [ok]
[5316/10892] MOTOROLA LCD PANTALLA MOTOROLA MOTO G72   : Costo=34058 R=82000 -> Venta=40900 [ok]
[5317/10892] MOTOROLA LCD PANTALLA MOTOROLA MOTO G41   : Costo=7528 R=10756 -> Venta=10500 [ok]
[5318/10892] MOTOROLA LCD PANTALLA MOTOROLA MOTO G40   : Costo=15446 R=37188 -> Venta=19300 [ok]
[5319/10892] MOTOROLA LCD PANTALLA MOTOROLA MOTO G4 C  : Costo=24679 R=59419 -> Venta=29700 [ok]
[5320/10892] MOTOROLA LCD PANTALLA MOTOROLA MOTO G32   : Costo=7445 R=17924 -> Venta=10400 [ok]
[5321/10892] MOTOROLA LCD PANTALLA MOTOROLA MOTO G31   : Costo=24733 R=59548 -> Venta=29700 [ok]
[5322/10892] MOTOROLA LCD PANTALLA MOTOROLA MOTO G13   : Costo=7551 R=18181 -> Venta=10600 [ok]
[5323/10892] MOTOROLA LCD PANTALLA MOTOROLA MOTO G ST  : Costo=9173 R=22084 -> Venta=12200 [ok]
[5324/10892] MOTOROLA LCD PANTALLA MOTOROLA MOTO E7 C  : Costo=7581 R=18249 -> Venta=10600 [ok]
[5325/10892] MOTOROLA LCD PANTALLA MOTOROLA MOTO E7 C  : Costo=7070 R=10102 -> Venta=10100 [ok]
[5326/10892] MOTOROLA LCD PANTALLA MOTOROLA MOTO E40   : Costo=7929 R=19085 -> Venta=10900 [ok]
[5327/10892] MOTOROLA LCD PANTALLA MOTOROLA MOTO E40   : Costo=9530 R=13617 -> Venta=12500 [ok]
[5328/10892] MOTOROLA LCD PANTALLA MOTOROLA MOTO E40   : Costo=10324 R=24857 -> Venta=13300 [ok]
[5329/10892] MOTOROLA LCD PANTALLA MOTOROLA MOTO E22I  : Costo=7340 R=10486 -> Venta=10300 [ok]
[5330/10892] MOTOROLA LCD PANTALLA MOTOROLA MOTO E20   : Costo=9317 R=22432 -> Venta=12300 [ok]
[5331/10892] MOTOROLA LCD PANTALLA MOTOROLA MOTO E20   : Costo=6930 R=9902 -> Venta=9900 [ok]
[5332/10892] MOTOROLA LCD PANTALLA MOTOROLA MOTO E13   : Costo=7793 R=18759 -> Venta=10800 [ok]
[5333/10892] MOTOROLA LCD PANTALLA MOTOROLA MOTO E13   : Costo=8670 R=20875 -> Venta=11700 [ok]
[5334/10892] MOTOROLA LCD PANTALLA MOTOROLA G9 PLUS C  : Costo=8580 R=20657 -> Venta=11600 [ok]
[5335/10892] MOTOROLA LCD PANTALLA MOTOROLA G85 NEGRA  : Costo=25139 R=60512 -> Venta=30200 [ok]
[5336/10892] MOTOROLA LCD PANTALLA MOTOROLA G84 COMPL  : Costo=9756 R=23484 -> Venta=12800 [ok]
[5337/10892] MOTOROLA LCD PANTALLA MOTOROLA G84 NEGRA  : Costo=43647 R=105087 -> Venta=52400 [ok]
[5338/10892] MOTOROLA LCD PANTALLA MOTOROLA G8 POWER   : Costo=7357 R=17712 -> Venta=10400 [ok]
[5339/10892] MOTOROLA LCD PANTALLA MOTOROLA G8 POWER   : Costo=8470 R=12100 -> Venta=11500 [ok]
[5340/10892] MOTOROLA LCD PANTALLA MOTOROLA G8 PLAY C  : Costo=8598 R=20701 -> Venta=11600 [ok]
[5341/10892] MOTOROLA LCD PANTALLA MOTOROLA G60 G60S   : Costo=12502 R=30101 -> Venta=15600 [ok]
[5342/10892] MOTOROLA LCD PANTALLA MOTOROLA G35 NEGRA  : Costo=18275 R=43989 -> Venta=22800 [ok]
[5343/10892] MOTOROLA LCD PANTALLA MOTOROLA G30 COMPL  : Costo=7981 R=19214 -> Venta=11000 [ok]
[5344/10892] MOTOROLA LCD PANTALLA MOTOROLA G24 NEGRA  : Costo=9684 R=13837 -> Venta=12700 [ok]
[5345/10892] MOTOROLA LCD PANTALLA MOTOROLA G23 NEGRA  : Costo=8953 R=12790 -> Venta=12000 [ok]
[5346/10892] MOTOROLA LCD PANTALLA MOTOROLA G22 COMPL  : Costo=7204 R=17343 -> Venta=10200 [ok]
[5347/10892] MOTOROLA LCD PANTALLA MOTOROLA G200 COMP  : Costo=13203 R=31781 -> Venta=16500 [ok]
[5348/10892] MOTOROLA LCD PANTALLA MOTOROLA G200 COMP  : Costo=15268 R=36759 -> Venta=19100 [ok]
[5349/10892] MOTOROLA LCD PANTALLA MOTOROLA G20 COMPL  : Costo=9243 R=13207 -> Venta=12200 [ok]
[5350/10892] MOTOROLA LCD PANTALLA MOTOROLA G20 COMPL  : Costo=8521 R=20516 -> Venta=11500 [ok]
[5351/10892] MOTOROLA LCD PANTALLA MOTOROLA G2 COMPLE  : Costo=9460 R=22777 -> Venta=12500 [ok]
[5352/10892] MOTOROLA LCD PANTALLA MOTOROLA G100 COMP  : Costo=13541 R=32601 -> Venta=16900 [ok]
[5353/10892] MOTOROLA LCD PANTALLA MOTOROLA G10 COMPL  : Costo=7136 R=17177 -> Venta=10100 [ok]
[5354/10892] MOTOROLA LCD PANTALLA MOTOROLA G04 NEGRA  : Costo=9527 R=22933 -> Venta=12500 [ok]
[5355/10892] MOTOROLA LCD PANTALLA MOTOROLA EDGE 60 P  : Costo=25782 R=62060 -> Venta=30900 [ok]
[5356/10892] MOTOROLA LCD PANTALLA MOTOROLA EDGE 60 F  : Costo=22284 R=53641 -> Venta=27300 [ok]
[5357/10892] MOTOROLA LCD PANTALLA MOTOROLA EDGE 50 P  : Costo=25782 R=36831 -> Venta=30900 [ok]
[5358/10892] MOTOROLA LCD PANTALLA MOTOROLA EDGE 50 F  : Costo=21705 R=52258 -> Venta=26700 [ok]
[5359/10892] MOTOROLA LCD PANTALLA MOTOROLA EDGE 50 F  : Costo=26240 R=37494 -> Venta=31500 [ok]
[5360/10892] MOTOROLA LCD PANTALLA MOTOROLA EDGE 30 U  : Costo=21312 R=51311 -> Venta=26300 [ok]
[5361/10892] MOTOROLA LCD PANTALLA MOTOROLA EDGE 30 N  : Costo=50053 R=120510 -> Venta=60100 [ok]
[5362/10892] MOTOROLA LCD PANTALLA MOTOROLA EDGE 30 C  : Costo=37129 R=89392 -> Venta=44600 [ok]
[5363/10892] MOTOROLA LCD PANTALLA MOTOROLA EDGE 20 P  : Costo=27441 R=66068 -> Venta=32900 [ok]
[5364/10892] MOTOROLA LCD PANTALLA MOTOROLA E6S E6I C  : Costo=7413 R=17844 -> Venta=10400 [ok]
[5365/10892] MOTOROLA LCD PANTALLA MOTOROLA E6S E6I C  : Costo=8556 R=20599 -> Venta=11600 [ok]
[5366/10892] MOTOROLA LCD PANTALLA MOTOROLA E6 PLAY C  : Costo=6390 R=15382 -> Venta=9400 [ok]
[5367/10892] MOTOROLA LCD PANTALLA MOTOROLA E6 PLAY C  : Costo=7355 R=17708 -> Venta=10400 [ok]
[5368/10892] HUAWEI LCD PANTALLA MEDIA PAD M5 LITE 8   : Costo=34325 R=82642 -> Venta=41200 [ok]
[5369/10892] Lg LCD PANTALLA LG K8 2017 X240Y COMPLET  : Costo=11690 R=28146 -> Venta=14700 [ok]
[5370/10892] Lg LCD PANTALLA LG K62 COMPLETA NEGRA CO  : Costo=8816 R=21226 -> Venta=11800 [ok]
[5371/10892] Lg LCD PANTALLA LG K51S COMPLETA NEGRO S  : Costo=9714 R=23388 -> Venta=12700 [ok]
[5372/10892] Lg LCD PANTALLA LG K50S COMPLETA MNK NEG  : Costo=7223 R=17387 -> Venta=10200 [ok]
[5373/10892] Lg LCD PANTALLA LG K50S COMPLETA NEGRA S  : Costo=8889 R=21400 -> Venta=11900 [ok]
[5374/10892] Lg LCD PANTALLA LG K50 K12 MAX Q60 COMPL  : Costo=8087 R=19471 -> Venta=11100 [ok]
[5375/10892] Lg LCD PANTALLA LG K50 K12 MAX COMPLETA   : Costo=12996 R=31289 -> Venta=16200 [ok]
[5376/10892] Lg LCD PANTALLA LG K42 COMPLETA NEGRA SI  : Costo=8219 R=19787 -> Venta=11200 [ok]
[5377/10892] Lg LCD PANTALLA LG K40S COMPLETA NEGRA S  : Costo=8107 R=19519 -> Venta=11100 [ok]
[5378/10892] Lg LCD PANTALLA LG K40 K12 COMPLETA NEGR  : Costo=12233 R=29453 -> Venta=15300 [ok]
[5379/10892] Lg LCD PANTALLA LG K40 K12 COMPLETA NEGR  : Costo=14671 R=35321 -> Venta=18300 [ok]
[5380/10892] Lg LCD PANTALLA LG K20 (2019) COMPLETA N  : Costo=8883 R=21387 -> Venta=11900 [ok]
[5381/10892] Lg LCD PANTALLA LG G8S THINQ COMPLETA NE  : Costo=21360 R=51426 -> Venta=26400 [ok]
[5382/10892] Lg LCD PANTALLA LG G3 D855 COMPLETA BLAN  : Costo=9858 R=23735 -> Venta=12900 [ok]
[5383/10892] APPLE LCD PANTALLA IPHONE XS MAX 6.5&quo  : Costo=17724 R=25325 -> Venta=22200 [ok]
[5384/10892] APPLE LCD PANTALLA IPHONE XS 5.8&quot; C  : Costo=21317 R=51313 -> Venta=26300 [ok]
[5385/10892] APPLE LCD PANTALLA IPHONE XR 6.1&quot; C  : Costo=15260 R=21805 -> Venta=19100 [ok]
[5386/10892] APPLE LCD PANTALLA IPHONE X 5.8&quot; A1  : Costo=21317 R=51313 -> Venta=26300 [ok]
[5387/10892] APPLE LCD PANTALLA IPHONE X 5.8&quot; A1  : Costo=23678 R=33832 -> Venta=28700 [ok]
[5388/10892] APPLE LCD PANTALLA IPHONE SE 2022 NEGRA   : Costo=17440 R=41981 -> Venta=21800 [ok]
[5389/10892] APPLE LCD PANTALLA IPHONE 8G PLUS 5.5&qu  : Costo=9251 R=22268 -> Venta=12300 [ok]
[5390/10892] APPLE LCD PANTALLA IPHONE 8G 4.7&quot; A  : Costo=8520 R=20514 -> Venta=11500 [ok]
[5391/10892] APPLE LCD PANTALLA IPHONE 8G 4.7&quot; A  : Costo=7500 R=18054 -> Venta=10500 [ok]
[5392/10892] APPLE LCD PANTALLA IPHONE 7G PLUS 5.5&qu  : Costo=9292 R=22366 -> Venta=12300 [ok]
[5393/10892] APPLE LCD PANTALLA IPHONE 6GS 6S PLUS 5.  : Costo=10654 R=25651 -> Venta=13700 [ok]
[5394/10892] APPLE LCD PANTALLA IPHONE 6G 4.7&quot; A  : Costo=8384 R=20185 -> Venta=11400 [ok]
[5395/10892] APPLE LCD PANTALLA IPHONE 15 PRO MAX NEG  : Costo=190723 R=459194 -> Venta=219300 [ok]
[5396/10892] APPLE LCD PANTALLA IPHONE 15 PRO NEGRA C  : Costo=34484 R=83024 -> Venta=41400 [ok]
[5397/10892] APPLE LCD PANTALLA IPHONE 15 PLUS NEGRA   : Costo=141424 R=340501 -> Venta=162600 [ok]
[5398/10892] APPLE LCD PANTALLA IPHONE 15 NEGRA CON M  : Costo=62660 R=150864 -> Venta=75200 [ok]
[5399/10892] APPLE LCD PANTALLA IPHONE 14 PRO MAX COM  : Costo=32971 R=79381 -> Venta=39600 [ok]
[5400/10892] APPLE LCD PANTALLA IPHONE 14 PRO COMPLET  : Costo=89318 R=127598 -> Venta=107200 [ok]
[5401/10892] APPLE LCD PANTALLA IPHONE 14 PLUS COMPLE  : Costo=25071 R=60350 -> Venta=30100 [ok]
[5402/10892] APPLE LCD PANTALLA IPHONE 14 PLUS COMPLE  : Costo=20618 R=49631 -> Venta=25600 [ok]
[5403/10892] APPLE LCD PANTALLA IPHONE 14 PLUS COMPLE  : Costo=21530 R=30763 -> Venta=26500 [ok]
[5404/10892] APPLE LCD PANTALLA IPHONE 14 COMPLETA FL  : Costo=41250 R=99294 -> Venta=49500 [ok]
[5405/10892] APPLE LCD PANTALLA IPHONE 14 COMPLETA NE  : Costo=17561 R=42270 -> Venta=22000 [ok]
[5406/10892] APPLE LCD PANTALLA IPHONE 13 PRO MAX COM  : Costo=154517 R=331179 -> Venta=177700 [ok]
[5407/10892] APPLE LCD PANTALLA IPHONE 13 PRO COMPLET  : Costo=40564 R=97643 -> Venta=48700 [ok]
[5408/10892] APPLE LCD PANTALLA IPHONE 13 COMPLETA NE  : Costo=44309 R=106680 -> Venta=53200 [ok]
[5409/10892] APPLE LCD PANTALLA IPHONE 12 PRO MAX COM  : Costo=27363 R=65867 -> Venta=32800 [ok]
[5410/10892] APPLE LCD PANTALLA IPHONE 12 PRO MAX COM  : Costo=22118 R=31604 -> Venta=27100 [ok]
[5411/10892] APPLE LCD PANTALLA IPHONE 12 PRO MAX COM  : Costo=18960 R=45647 -> Venta=23700 [ok]
[5412/10892] APPLE LCD PANTALLA IPHONE 12 MINI COMPLE  : Costo=117755 R=283513 -> Venta=135400 [ok]
[5413/10892] APPLE LCD PANTALLA IPHONE 12 12 PRO COMP  : Costo=107334 R=258424 -> Venta=123400 [ok]
[5414/10892] APPLE LCD PANTALLA IPHONE 12 12 PRO  COM  : Costo=15514 R=22168 -> Venta=19400 [ok]
[5415/10892] APPLE LCD PANTALLA IPHONE 11 PRO MAX COM  : Costo=31471 R=75754 -> Venta=37800 [ok]
[5416/10892] APPLE LCD PANTALLA IPHONE 11 PRO MAX COM  : Costo=106155 R=255584 -> Venta=122100 [ok]
[5417/10892] APPLE LCD PANTALLA IPHONE 11 PRO MAX COM  : Costo=14431 R=34745 -> Venta=18000 [ok]
[5418/10892] APPLE LCD PANTALLA IPHONE 11 PRO COMPLET  : Costo=20558 R=49497 -> Venta=25600 [ok]
[5419/10892] APPLE LCD PANTALLA IPHONE 11 COMPLETA NE  : Costo=16673 R=40142 -> Venta=20800 [ok]
[5420/10892] APPLE LCD PANTALLA IPHONE 11 COMPLETA NE  : Costo=16584 R=39927 -> Venta=20700 [ok]
[5421/10892] APPLE LCD PANTALLA IPAD PRO 11&quot; (20  : Costo=156157 R=375971 -> Venta=179600 [ok]
[5422/10892] APPLE LCD PANTALLA IPAD AIR 4TH GEN 2020  : Costo=112466 R=270780 -> Venta=129300 [ok]
[5423/10892] APPLE LCD PANTALLA IPAD 9TH GEN 10.2 202  : Costo=36016 R=86694 -> Venta=43200 [ok]
[5424/10892] APPLE LCD PANTALLA IPAD 8TH GEN 10.2 202  : Costo=46079 R=110941 -> Venta=55300 [ok]
[5425/10892] APPLE LCD PANTALLA IPAD 10.2&quot; ( 201  : Costo=35560 R=85616 -> Venta=42700 [ok]
[5426/10892] APPLE LCD PANTALLA IPAD  5 (5&deg; GENER  : Costo=37599 R=90526 -> Venta=45100 [ok]
[5427/10892] HUAWEI LCD PANTALLA HUAWEI Y9A COMPLETA   : Costo=11072 R=23730 -> Venta=14100 [ok]
[5428/10892] HUAWEI LCD PANTALLA HUAWEI Y9A COMPLETA   : Costo=10281 R=22035 -> Venta=13300 [ok]
[5429/10892] HUAWEI LCD PANTALLA HUAWEI Y8P COMPLETA   : Costo=87639 R=211005 -> Venta=105200 [ok]
[5430/10892] HUAWEI LCD PANTALLA HUAWEI Y7P COMPLETA   : Costo=7940 R=19116 -> Venta=10900 [ok]
[5431/10892] HUAWEI LCD PANTALLA HUAWEI Y7A COMPLETA   : Costo=9678 R=13410 -> Venta=12700 [ok]
[5432/10892] HUAWEI LCD PANTALLA HUAWEI Y7A COMPLETA   : Costo=9096 R=21896 -> Venta=12100 [ok]
[5433/10892] HUAWEI LCD PANTALLA HUAWEI Y7 (2019) FLY  : Costo=8712 R=20970 -> Venta=11700 [ok]
[5434/10892] HUAWEI LCD PANTALLA HUAWEI Y7 (2018) COM  : Costo=6733 R=16208 -> Venta=9700 [ok]
[5435/10892] HUAWEI LCD PANTALLA HUAWEI Y7 (2018) COM  : Costo=6571 R=15816 -> Venta=9600 [ok]
[5436/10892] HUAWEI LCD PANTALLA HUAWEI Y6P COMPLETA   : Costo=11803 R=28418 -> Venta=14800 [ok]
[5437/10892] HUAWEI LCD PANTALLA HUAWEI Y6P COMPLETA   : Costo=8777 R=21130 -> Venta=11800 [ok]
[5438/10892] HUAWEI LCD PANTALLA HUAWEI Y60 COMPLETA   : Costo=7084 R=17054 -> Venta=10100 [ok]
[5439/10892] HUAWEI LCD PANTALLA HUAWEI TABLET T5 LIT  : Costo=20451 R=49239 -> Venta=25500 [ok]
[5440/10892] HUAWEI LCD PANTALLA HUAWEI TABLET MATE P  : Costo=25915 R=62393 -> Venta=31100 [ok]
[5441/10892] HUAWEI LCD PANTALLA HUAWEI TAB MATE PAD   : Costo=13697 R=32977 -> Venta=17100 [ok]
[5442/10892] HUAWEI LCD PANTALLA HUAWEI PURA 70 ULTRA  : Costo=203431 R=489792 -> Venta=233900 [ok]
[5443/10892] HUAWEI LCD PANTALLA HUAWEI PURA 70 PRO N  : Costo=203431 R=489792 -> Venta=233900 [ok]
[5444/10892] HUAWEI LCD PANTALLA HUAWEI P50 NEGRA CON  : Costo=37827 R=91055 -> Venta=45400 [ok]
[5445/10892] HUAWEI LCD PANTALLA HUAWEI P40 PRO COMPL  : Costo=155229 R=373737 -> Venta=178500 [ok]
[5446/10892] HUAWEI LCD PANTALLA HUAWEI P40 LITE COMP  : Costo=10967 R=26399 -> Venta=14000 [ok]
[5447/10892] HUAWEI LCD PANTALLA HUAWEI P40 LITE COMP  : Costo=10046 R=14354 -> Venta=13000 [ok]
[5448/10892] HUAWEI LCD PANTALLA HUAWEI P30 PRO COMPL  : Costo=42795 R=103034 -> Venta=51400 [ok]
[5449/10892] HUAWEI LCD PANTALLA HUAWEI P30 PRO COMPL  : Costo=47414 R=114156 -> Venta=56900 [ok]
[5450/10892] HUAWEI LCD PANTALLA HUAWEI P30 LITE COMP  : Costo=10489 R=25248 -> Venta=13500 [ok]
[5451/10892] HUAWEI LCD PANTALLA HUAWEI P30 LITE COMP  : Costo=14284 R=20406 -> Venta=17900 [ok]
[5452/10892] HUAWEI LCD PANTALLA HUAWEI P20 PRO COMPL  : Costo=12123 R=29188 -> Venta=15200 [ok]
[5453/10892] HUAWEI LCD PANTALLA HUAWEI P20 PRO COMPL  : Costo=9506 R=22886 -> Venta=12500 [ok]
[5454/10892] HUAWEI LCD PANTALLA HUAWEI P20 COMPLETA   : Costo=14815 R=35660 -> Venta=18500 [ok]
[5455/10892] HUAWEI LCD PANTALLA HUAWEI P SMART 2021   : Costo=9814 R=23624 -> Venta=12800 [ok]
[5456/10892] HUAWEI LCD PANTALLA HUAWEI P SMART 2020   : Costo=15217 R=36636 -> Venta=19000 [ok]
[5457/10892] HUAWEI LCD PANTALLA HUAWEI NOVA12 SE NEG  : Costo=37912 R=91260 -> Venta=45500 [ok]
[5458/10892] HUAWEI LCD PANTALLA HUAWEI NOVA Y90 COMP  : Costo=10269 R=24718 -> Venta=13300 [ok]
[5459/10892] HUAWEI LCD PANTALLA HUAWEI NOVA Y90 COMP  : Costo=9785 R=13981 -> Venta=12800 [ok]
[5460/10892] HUAWEI LCD PANTALLA HUAWEI NOVA Y70 COMP  : Costo=7383 R=17775 -> Venta=10400 [ok]
[5461/10892] HUAWEI LCD PANTALLA HUAWEI NOVA 9 COMPLE  : Costo=29873 R=71923 -> Venta=35800 [ok]
[5462/10892] HUAWEI LCD PANTALLA HUAWEI NOVA 8I COMPL  : Costo=16011 R=38540 -> Venta=20000 [ok]
[5463/10892] HUAWEI LCD PANTALLA HUAWEI NOVA 8I COMPL  : Costo=16277 R=39190 -> Venta=20300 [ok]
[5464/10892] HUAWEI LCD PANTALLA HUAWEI NOVA 8I COMPL  : Costo=14032 R=33783 -> Venta=17500 [ok]
[5465/10892] HUAWEI LCD PANTALLA HUAWEI NOVA 8 5G COM  : Costo=31958 R=76944 -> Venta=38300 [ok]
[5466/10892] HUAWEI LCD PANTALLA HUAWEI NOVA 5T COMPL  : Costo=15055 R=36240 -> Venta=18800 [ok]
[5467/10892] HUAWEI LCD PANTALLA HUAWEI NOVA 5T COMPL  : Costo=10325 R=24857 -> Venta=13300 [ok]
[5468/10892] HUAWEI LCD PANTALLA HUAWEI NOVA 3I NOVA   : Costo=11957 R=28787 -> Venta=15000 [ok]
[5469/10892] HUAWEI LCD PANTALLA HUAWEI NOVA 13  BLK-  : Costo=37531 R=90342 -> Venta=45000 [ok]
[5470/10892] HUAWEI LCD PANTALLA HUAWEI NOVA 12S NEGR  : Costo=19319 R=27599 -> Venta=24100 [ok]
[5471/10892] HUAWEI LCD PANTALLA HUAWEI NOVA 12I NEGR  : Costo=10199 R=24549 -> Venta=13200 [ok]
[5472/10892] HUAWEI LCD PANTALLA HUAWEI NOVA 11I COMP  : Costo=8024 R=19313 -> Venta=11000 [ok]
[5473/10892] HUAWEI LCD PANTALLA HUAWEI NOVA 10 SE CO  : Costo=25079 R=60368 -> Venta=30100 [ok]
[5474/10892] HUAWEI LCD PANTALLA HUAWEI NOVA 10 COMPL  : Costo=18657 R=44909 -> Venta=23300 [ok]
[5475/10892] HUAWEI LCD PANTALLA HUAWEI MEDIA PAD T10  : Costo=22692 R=54621 -> Venta=27700 [ok]
[5476/10892] HUAWEI LCD PANTALLA HUAWEI MEDIA PAD T10  : Costo=19713 R=47452 -> Venta=24600 [ok]
[5477/10892] HUAWEI LCD PANTALLA HUAWEI MATE 10 PRO C  : Costo=33964 R=81773 -> Venta=40800 [ok]
[5478/10892] HONOR LCD PANTALLA HONOR 8X NEGRA SIN MA  : Costo=13821 R=33276 -> Venta=17300 [ok]
[5479/10892] HONOR LCD PANTALLA HONOR X9 2022 COMPLET  : Costo=10403 R=25047 -> Venta=13400 [ok]
[5480/10892] HONOR LCD PANTALLA HONOR X8C X8B HONOR 2  : Costo=24022 R=57823 -> Venta=29000 [ok]
[5481/10892] HONOR LCD PANTALLA HONOR X8B HONOR 200 L  : Costo=30769 R=74065 -> Venta=36900 [ok]
[5482/10892] HONOR LCD PANTALLA HONOR X8B HONOR 200 L  : Costo=21400 R=51524 -> Venta=26400 [ok]
[5483/10892] HONOR LCD PANTALLA HONOR X8A HONOR 90 LI  : Costo=9357 R=22529 -> Venta=12400 [ok]
[5484/10892] HONOR LCD PANTALLA HONOR X8 2022 COMPLET  : Costo=10251 R=24680 -> Venta=13300 [ok]
[5485/10892] HONOR LCD PANTALLA HONOR X7D NEGRA SIN M  : Costo=7864 R=11234 -> Venta=10900 [ok]
[5486/10892] HONOR LCD PANTALLA HONOR X7C NEGRA SIN M  : Costo=8007 R=19274 -> Venta=11000 [ok]
[5487/10892] HONOR LCD PANTALLA HONOR X7C NEGRA CON M  : Costo=10533 R=25353 -> Venta=13500 [ok]
[5488/10892] HONOR LCD PANTALLA HONOR X7B SERVICE NEG  : Costo=9008 R=21683 -> Venta=12000 [ok]
[5489/10892] HONOR LCD PANTALLA HONOR X7B NEGRA SIN M  : Costo=8824 R=21240 -> Venta=11800 [ok]
[5490/10892] HONOR LCD PANTALLA HONOR X7B NEGRA SIN M  : Costo=10349 R=24917 -> Venta=13300 [ok]
[5491/10892] HONOR LCD PANTALLA HONOR X7A COMPLETA NE  : Costo=8957 R=21560 -> Venta=12000 [ok]
[5492/10892] HONOR LCD PANTALLA HONOR X7A COMPLETA NE  : Costo=7144 R=17200 -> Venta=10100 [ok]
[5493/10892] HONOR LCD PANTALLA HONOR X7 2022 COMPLET  : Costo=10422 R=25092 -> Venta=13400 [ok]
[5494/10892] HONOR LCD PANTALLA HONOR X7 2022 COMPLET  : Costo=7107 R=17110 -> Venta=10100 [ok]
[5495/10892] HONOR LCD PANTALLA HONOR X7  2020 2022 C  : Costo=6999 R=16847 -> Venta=10000 [ok]
[5496/10892] HONOR LCD PANTALLA HONOR X6S X6 NEGRA CO  : Costo=10022 R=24196 -> Venta=13000 [ok]
[5497/10892] HONOR LCD PANTALLA HONOR X6C NEGRA SIN M  : Costo=7433 R=17891 -> Venta=10400 [ok]
[5498/10892] HONOR LCD PANTALLA HONOR X6B X6B PLUS NE  : Costo=9588 R=23078 -> Venta=12600 [ok]
[5499/10892] HONOR LCD PANTALLA HONOR X6A PLUS X6A X5  : Costo=6774 R=16306 -> Venta=9800 [ok]
[5500/10892] HONOR LCD PANTALLA HONOR X5B PLUS NEGRA   : Costo=9477 R=13538 -> Venta=12500 [ok]
[5501/10892] HONOR LCD PANTALLA HONOR X5 COMPLETA MNK  : Costo=7325 R=17632 -> Venta=10300 [ok]
[5502/10892] HONOR LCD PANTALLA HONOR X5 COMPLETA NEG  : Costo=8200 R=19738 -> Venta=11200 [ok]
[5503/10892] HONOR LCD PANTALLA HONOR PAD X9A          : Costo=54657 R=131566 -> Venta=65600 [ok]
[5504/10892] HONOR LCD PANTALLA HONOR PAD X9           : Costo=24716 R=35316 -> Venta=29700 [ok]
[5505/10892] HONOR LCD PANTALLA HONOR PAD X8A          : Costo=18069 R=43504 -> Venta=22600 [ok]
[5506/10892] HONOR LCD PANTALLA HONOR NOVA 11I COMPLE  : Costo=11535 R=16482 -> Venta=14500 [ok]
[5507/10892] HONOR LCD PANTALLA HONOR MAGIC 7 LITE NE  : Costo=29211 R=70314 -> Venta=35100 [ok]
[5508/10892] HONOR LCD PANTALLA HONOR MAGIC 6 PRO NEG  : Costo=68012 R=163713 -> Venta=81600 [ok]
[5509/10892] HONOR LCD PANTALLA HONOR MAGIC 6 LITE NE  : Costo=32177 R=77471 -> Venta=38600 [ok]
[5510/10892] HONOR LCD PANTALLA HONOR MAGIC 6 LITE NE  : Costo=27867 R=67080 -> Venta=33400 [ok]
[5511/10892] HONOR LCD PANTALLA HONOR MAGIC 5 LITE CO  : Costo=20126 R=28757 -> Venta=25100 [ok]
[5512/10892] HONOR LCD PANTALLA HONOR 70 COMPLETA MNK  : Costo=25301 R=60915 -> Venta=30400 [ok]
[5513/10892] HONOR LCD PANTALLA HONOR 70 COMPLETA NEG  : Costo=21634 R=30912 -> Venta=26600 [ok]
[5514/10892] HONOR LCD PANTALLA HONOR 50 LITE  COMPLE  : Costo=9732 R=23432 -> Venta=12700 [ok]
[5515/10892] HONOR LCD PANTALLA HONOR 50 COMPLETA NEG  : Costo=28325 R=68197 -> Venta=34000 [ok]
[5516/10892] HONOR LCD PANTALLA HONOR 400 LITE NEGRA   : Costo=28840 R=69421 -> Venta=34600 [ok]
[5517/10892] HONOR LCD PANTALLA HONOR 400 NEGRA SIN M  : Costo=27125 R=65293 -> Venta=32600 [ok]
[5518/10892] HONOR LCD PANTALLA HONOR 200 PRO NEGRA C  : Costo=31832 R=76640 -> Venta=38200 [ok]
[5519/10892] HONOR LCD PANTALLA HONOR 200 NEGRA CON M  : Costo=28783 R=69285 -> Venta=34500 [ok]
[5520/10892] APPLE LCD PANTALLA APPLE IPAD 9&ordm; GE  : Costo=36861 R=52658 -> Venta=44200 [ok]
[5521/10892] Samsung LAPIZ STYLUS SAMSUNG GALAXY TAB   : Costo=3274 R=7727 -> Venta=4800 [ok]
[5522/10892] Samsung LAPIZ STYLUS SAMSUNG GALAXY S24   : Costo=2348 R=3354 -> Venta=3800 [ok]
[5523/10892] Samsung LAPIZ STYLUS SAMSUNG GALAXY NOTE  : Costo=1910 R=2729 -> Venta=3400 [ok]
[5524/10892] Samsung LAPIZ SAMSUNG GALAXY NOTE 9 N960  : Costo=1942 R=4676 -> Venta=3400 [ok]
[5525/10892] Samsung LAPIZ SAMSUNG GALAXY NOTE 9 N960  : Costo=5141 R=12377 -> Venta=8100 [ok]
[5526/10892] Samsung LAPIZ SAMSUNG GALAXY NOTE 10 PLU  : Costo=8818 R=21230 -> Venta=11800 [ok]
[5527/10892] Samsung LAPIZ SAMSUNG GALAXY NOTE 10 PLU  : Costo=3403 R=7337 -> Venta=4900 [ok]
[5528/10892] Samsung LAPIZ SAMSUNG GALAXY NOTE 10 PLU  : Costo=3403 R=7337 -> Venta=4900 [ok]
[5529/10892] Samsung LAPIZ SAMSUNG GALAXY NOTE 10 PLU  : Costo=3403 R=7337 -> Venta=4900 [ok]
[5530/10892] Samsung JUEGO FLEX CONECTOR CAMARA IZQUE  : Costo=4164 R=10025 -> Venta=5700 [ok]
[5531/10892] APPLE JUEGO DE TORNILLOS IPHONE 12 PRO M  : Costo=1144 R=1050 -> Venta=2600 [ok]
[5532/10892] APPLE JUEGO DE TORNILLOS IPHONE 12 PRO    : Costo=1144 R=1050 -> Venta=2600 [ok]
[5533/10892] APPLE JUEGO DE TORNILLOS IPHONE 12 MINI   : Costo=1179 R=2540 -> Venta=2700 [ok]
[5534/10892] APPLE JUEGO DE TORNILLOS COMPLETO IPHONE  : Costo=716 R=1432 -> Venta=2200 [ok]
[5535/10892] Samsung JUEGO BANDEJA SIM MICRO SD SAMSU  : Costo=1327 R=2858 -> Venta=2800 [ok]
[5536/10892] Samsung JUEGO BANDEJA SIM MICRO SD SAMSU  : Costo=1123 R=2702 -> Venta=2600 [ok]
[5537/10892] Samsung JUEGO BANDEJA SIM MICRO SD SAMSU  : Costo=436 R=938 -> Venta=1900 [ok]
[5538/10892] NOKIA JUEGO BANDEJA SIM MICRO SD NOKIA 3  : Costo=1561 R=3759 -> Venta=3100 [ok]
[5539/10892] NOKIA JUEGO BANDEJA SIM MICRO SD NOKIA 3  : Costo=1561 R=3759 -> Venta=3100 [ok]
[5540/10892] HUAWEI JUEGO BANDEJA DUAL SIM HUAWEI P20  : Costo=1807 R=4350 -> Venta=3300 [ok]
[5541/10892] HUAWEI JUEGO BANDEJA DUAL SIM HUAWEI MAT  : Costo=1968 R=4237 -> Venta=3500 [ok]
[5542/10892] HUAWEI JUEGO BANDEJA DUAL SIM HUAWEI MAT  : Costo=1741 R=3749 -> Venta=3200 [ok]
[5543/10892] Samsung JUEGO ANTENA COAXIAL SAMSUNG GAL  : Costo=1451 R=3124 -> Venta=3000 [ok]
[5544/10892] Samsung JUEGO ANTENA COAXIAL SAMSUNG GAL  : Costo=1041 R=2506 -> Venta=2500 [ok]
[5545/10892] Samsung JUEGO ANTENA COAXIAL SAMSUNG GAL  : Costo=2736 R=6587 -> Venta=4200 [ok]
[5546/10892] Samsung JUEGO ANTENA COAXIAL SAMSUNG GAL  : Costo=1375 R=3496 -> Venta=2900 [ok]
[5547/10892] Samsung JUEGO ANTENA COAXIAL SAMSUNG GAL  : Costo=1062 R=2287 -> Venta=2600 [ok]
[5548/10892] HUAWEI JUEGO ANTENA COAXIAL HUAWEI MATE   : Costo=573 R=1234 -> Venta=2100 [ok]
[5549/10892] HUAWEI JUEGO ANTENA COAXIAL HUAWEI MATE   : Costo=627 R=1349 -> Venta=2100 [ok]
[5550/10892] XIAOMI FLEX VOLUMEN XIAOMI REDMI NOTE 11  : Costo=648 R=1394 -> Venta=2100 [ok]
[5551/10892] XIAOMI FLEX VOLUMEN XIAOMI REDMI NOTE 10  : Costo=1323 R=2871 -> Venta=2800 [ok]
[5552/10892] XIAOMI FLEX VOLUMEN XIAOMI REDMI NOTE 10  : Costo=639 R=1387 -> Venta=2100 [ok]
[5553/10892] XIAOMI FLEX VOLUMEN XIAOMI REDMI 10 GRIS  : Costo=751 R=1617 -> Venta=2300 [ok]
[5554/10892] XIAOMI FLEX VOLUMEN XIAOMI REDMI 10 AZUL  : Costo=1302 R=2803 -> Venta=2800 [ok]
[5555/10892] XIAOMI FLEX VOLUMEN XIAOMI MI 11 LITE     : Costo=1252 R=2695 -> Venta=2800 [ok]
[5556/10892] Samsung FLEX VOLUMEN SAMSUNG GALAXY M51   : Costo=2359 R=5079 -> Venta=3900 [ok]
[5557/10892] Samsung FLEX VOLUMEN SAMSUNG GALAXY FOLD  : Costo=3019 R=7268 -> Venta=4500 [ok]
[5558/10892] Samsung FLEX VOLUMEN SAMSUNG GALAXY A42   : Costo=2359 R=5079 -> Venta=3900 [ok]
[5559/10892] Samsung FLEX VOLUMEN SAMSUNG GALAXY A25   : Costo=973 R=1975 -> Venta=2500 [ok]
[5560/10892] Samsung FLEX VOLUMEN SAMSUNG GALAXY A22   : Costo=857 R=1847 -> Venta=2400 [ok]
[5561/10892] Samsung FLEX VOLUMEN SAMSUNG GALAXY A12   : Costo=1134 R=2301 -> Venta=2600 [ok]
[5562/10892] Samsung FLEX VOLUMEN SAMSUNG GALAXY A02S  : Costo=857 R=1847 -> Venta=2400 [ok]
[5563/10892] Samsung FLEX VOLUMEN SAMSUNG GALAXY A02   : Costo=934 R=2013 -> Venta=2400 [ok]
[5564/10892] Samsung FLEX VOLUMEN SAMSUNG GALAXY A01   : Costo=1161 R=2500 -> Venta=2700 [ok]
[5565/10892] Samsung FLEX VOLUMEN SAMSUN GALAXY NOTE   : Costo=1502 R=3234 -> Venta=3000 [ok]
[5566/10892] APPLE FLEX VOLUMEN NFC IPHONE 11 PRO PLA  : Costo=4679 R=11264 -> Venta=6200 [ok]
[5567/10892] APPLE FLEX VOLUMEN NFC IPHONE 11 PRO AZU  : Costo=27851 R=67055 -> Venta=33400 [ok]
[5568/10892] APPLE FLEX VOLUMEN NFC IPHONE 11 PRO DOR  : Costo=27851 R=67055 -> Venta=33400 [ok]
[5569/10892] APPLE FLEX VOLUMEN MICROFONO FLASH IPHON  : Costo=590 R=1270 -> Venta=2100 [ok]
[5570/10892] Lg FLEX VOLUMEN LG G8S                    : Costo=2600 R=6259 -> Venta=4100 [ok]
[5571/10892] APPLE FLEX VOLUMEN IPHONE XS USE-TEST     : Costo=1119 R=2694 -> Venta=2600 [ok]
[5572/10892] APPLE FLEX VOLUMEN IPHONE XS MAX USE-TES  : Costo=2642 R=6360 -> Venta=4100 [ok]
[5573/10892] APPLE FLEX VOLUMEN IPHONE XS MAX          : Costo=1179 R=2540 -> Venta=2700 [ok]
[5574/10892] APPLE FLEX VOLUMEN IPHONE XS              : Costo=847 R=2039 -> Venta=2300 [ok]
[5575/10892] APPLE FLEX VOLUMEN IPHONE X               : Costo=1050 R=2526 -> Venta=2600 [ok]
[5576/10892] APPLE FLEX VOLUMEN IPHONE 14 14 PLUS      : Costo=974 R=2345 -> Venta=2500 [ok]
[5577/10892] APPLE FLEX VOLUMEN IPAD MINI 5 (2019) 5T  : Costo=2786 R=6706 -> Venta=4300 [ok]
[5578/10892] APPLE FLEX VOLUMEN IPAD AIR 4             : Costo=3956 R=9524 -> Venta=5500 [ok]
[5579/10892] APPLE FLEX VOLUMEN IPAD 9.7 (2019) 6TH G  : Costo=2902 R=6248 -> Venta=4400 [ok]
[5580/10892] HUAWEI FLEX VOLUMEN HUAWEI NOVA 10 SE     : Costo=655 R=1438 -> Venta=2200 [ok]
[5581/10892] APPLE FLEX VOLUMEN BLOQUEO IPHONE 11 A22  : Costo=1987 R=4781 -> Venta=3500 [ok]
[5582/10892] Samsung FLEX VIBRADOR SAMSUNG GALAXY NOT  : Costo=1115 R=2683 -> Venta=2600 [ok]
[5583/10892] APPLE FLEX VIBRADOR IPHONE 13 PRO MAX     : Costo=8326 R=20045 -> Venta=11300 [ok]
[5584/10892] APPLE FLEX VIBRADOR IPHONE 13 PRO         : Costo=10845 R=26111 -> Venta=13800 [ok]
[5585/10892] APPLE FLEX VIBRADOR IPHONE 13 MINI        : Costo=9366 R=22550 -> Venta=12400 [ok]
[5586/10892] APPLE FLEX VIBRADOR IPHONE 13             : Costo=9692 R=23333 -> Venta=12700 [ok]
[5587/10892] HUAWEI FLEX VIBRADOR HUAWEI P40           : Costo=6716 R=16169 -> Venta=9700 [ok]
[5588/10892] HUAWEI FLEX VIBRADOR HUAWEI NOVA 5T LITE  : Costo=357 R=770 -> Venta=1900 [ok]
[5589/10892] HUAWEI FLEX TIMBRE Y70 PLUS NOVA Y70      : Costo=1171 R=2521 -> Venta=2700 [ok]
[5590/10892] XIAOMI FLEX TIMBRE XIAOMI XIAOMI MI 12 P  : Costo=882 R=2122 -> Venta=2400 [ok]
[5591/10892] XIAOMI FLEX TIMBRE XIAOMI XIAOMI MI 12    : Costo=3748 R=9022 -> Venta=5200 [ok]
[5592/10892] XIAOMI FLEX TIMBRE XIAOMI REDMI NOTE 8    : Costo=1650 R=3556 -> Venta=3200 [ok]
[5593/10892] XIAOMI FLEX TIMBRE XIAOMI REDMI NOTE 14   : Costo=1310 R=2659 -> Venta=2800 [ok]
[5594/10892] XIAOMI FLEX TIMBRE XIAOMI REDMI NOTE 14   : Costo=1889 R=3835 -> Venta=3400 [ok]
[5595/10892] XIAOMI FLEX TIMBRE XIAOMI REDMI NOTE 14   : Costo=2519 R=5434 -> Venta=4000 [ok]
[5596/10892] XIAOMI FLEX TIMBRE XIAOMI REDMI NOTE 14   : Costo=1889 R=3835 -> Venta=3400 [ok]
[5597/10892] XIAOMI FLEX TIMBRE XIAOMI REDMI NOTE 13   : Costo=2024 R=4352 -> Venta=3500 [ok]
[5598/10892] XIAOMI FLEX TIMBRE XIAOMI REDMI NOTE 13   : Costo=711 R=1531 -> Venta=2200 [ok]
[5599/10892] XIAOMI FLEX TIMBRE XIAOMI REDMI NOTE 13   : Costo=3542 R=7616 -> Venta=5000 [ok]
[5600/10892] XIAOMI FLEX TIMBRE XIAOMI REDMI NOTE 12S  : Costo=1167 R=2516 -> Venta=2700 [ok]
[5601/10892] XIAOMI FLEX TIMBRE XIAOMI REDMI NOTE 11T  : Costo=2861 R=6161 -> Venta=4400 [ok]
[5602/10892] XIAOMI FLEX TIMBRE XIAOMI REDMI NOTE 11   : Costo=1265 R=2720 -> Venta=2800 [ok]
[5603/10892] XIAOMI FLEX TIMBRE XIAOMI REDMI NOTE 11   : Costo=997 R=2399 -> Venta=2500 [ok]
[5604/10892] XIAOMI FLEX TIMBRE XIAOMI REDMI NOTE 11   : Costo=1184 R=2546 -> Venta=2700 [ok]
[5605/10892] XIAOMI FLEX TIMBRE XIAOMI REDMI NOTE 10   : Costo=1313 R=2828 -> Venta=2800 [ok]
[5606/10892] XIAOMI FLEX TIMBRE XIAOMI REDMI NOTE 10   : Costo=1190 R=2565 -> Venta=2700 [ok]
[5607/10892] XIAOMI FLEX TIMBRE XIAOMI REDMI NOTE 10   : Costo=1575 R=3391 -> Venta=3100 [ok]
[5608/10892] XIAOMI FLEX TIMBRE XIAOMI REDMI NOTE 10   : Costo=1904 R=4104 -> Venta=3400 [ok]
[5609/10892] XIAOMI FLEX TIMBRE XIAOMI REDMI K50       : Costo=2198 R=5291 -> Venta=3700 [ok]
[5610/10892] XIAOMI FLEX TIMBRE XIAOMI REDMI A3        : Costo=4012 R=8649 -> Venta=5500 [ok]
[5611/10892] XIAOMI FLEX TIMBRE XIAOMI REDMI A1        : Costo=1310 R=2875 -> Venta=2800 [ok]
[5612/10892] XIAOMI FLEX TIMBRE XIAOMI REDMI 9A 9C 10  : Costo=1673 R=3598 -> Venta=3200 [ok]
[5613/10892] XIAOMI FLEX TIMBRE XIAOMI REDMI 14C       : Costo=740 R=494 -> Venta=2200 [ok]
[5614/10892] XIAOMI FLEX TIMBRE XIAOMI REDMI 13C       : Costo=1144 R=2466 -> Venta=2600 [ok]
[5615/10892] XIAOMI FLEX TIMBRE XIAOMI REDMI 12T       : Costo=1648 R=3968 -> Venta=3100 [ok]
[5616/10892] XIAOMI FLEX TIMBRE XIAOMI REDMI 12C       : Costo=586 R=1261 -> Venta=2100 [ok]
[5617/10892] XIAOMI FLEX TIMBRE XIAOMI REDMI 12 4G     : Costo=837 R=1799 -> Venta=2300 [ok]
[5618/10892] XIAOMI FLEX TIMBRE XIAOMI REDMI 12        : Costo=2414 R=5811 -> Venta=3900 [ok]
[5619/10892] XIAOMI FLEX TIMBRE XIAOMI REDMI 10        : Costo=1337 R=2878 -> Venta=2800 [ok]
[5620/10892] XIAOMI FLEX TIMBRE XIAOMI POCO X3 PRO X3  : Costo=1414 R=3048 -> Venta=2900 [ok]
[5621/10892] XIAOMI FLEX TIMBRE XIAOMI POCO F3         : Costo=1575 R=3391 -> Venta=3100 [ok]
[5622/10892] XIAOMI FLEX TIMBRE XIAOMI MI 14T          : Costo=2292 R=4653 -> Venta=3800 [ok]
[5623/10892] XIAOMI FLEX TIMBRE XIAOMI MI 11T MI 11T   : Costo=492 R=1187 -> Venta=2000 [ok]
[5624/10892] XIAOMI FLEX TIMBRE XIAOMI MI 11 LITE      : Costo=1252 R=2695 -> Venta=2800 [ok]
[5625/10892] XIAOMI FLEX TIMBRE XIAOMI 13T             : Costo=2011 R=4331 -> Venta=3500 [ok]
[5626/10892] XIAOMI FLEX TIMBRE XIAOMI 12C             : Costo=902 R=2179 -> Venta=2400 [ok]
[5627/10892] Samsung FLEX TIMBRE SAMSUNG GALAXY Z FOL  : Costo=1965 R=4636 -> Venta=3500 [ok]
[5628/10892] Samsung FLEX TIMBRE SAMSUNG GALAXY Z FOL  : Costo=3602 R=8499 -> Venta=5100 [ok]
[5629/10892] Samsung FLEX TIMBRE SAMSUNG GALAXY Z FLI  : Costo=1528 R=3354 -> Venta=3000 [ok]
[5630/10892] Samsung FLEX TIMBRE SAMSUNG GALAXY Z FLI  : Costo=2379 R=5129 -> Venta=3900 [ok]
[5631/10892] Samsung FLEX TIMBRE SAMSUNG GALAXY TAB A  : Costo=1637 R=3864 -> Venta=3100 [ok]
[5632/10892] Samsung FLEX TIMBRE SAMSUNG GALAXY TAB A  : Costo=4163 R=10023 -> Venta=5700 [ok]
[5633/10892] Samsung FLEX TIMBRE SAMSUNG GALAXY TAB A  : Costo=4925 R=11858 -> Venta=6400 [ok]
[5634/10892] Samsung FLEX TIMBRE SAMSUNG GALAXY TAB A  : Costo=1051 R=2263 -> Venta=2600 [ok]
[5635/10892] Samsung FLEX TIMBRE SAMSUNG GALAXY S24 U  : Costo=1830 R=1679 -> Venta=3300 [ok]
[5636/10892] Samsung FLEX TIMBRE SAMSUNG GALAXY S24 S  : Costo=1637 R=3323 -> Venta=3100 [ok]
[5637/10892] Samsung FLEX TIMBRE SAMSUNG GALAXY S24 P  : Costo=3425 R=7390 -> Venta=4900 [ok]
[5638/10892] Samsung FLEX TIMBRE SAMSUNG GALAXY S22 U  : Costo=2855 R=6155 -> Venta=4400 [ok]
[5639/10892] Samsung FLEX TIMBRE SAMSUNG GALAXY S22 P  : Costo=3056 R=7356 -> Venta=4600 [ok]
[5640/10892] Samsung FLEX TIMBRE SAMSUNG GALAXY S22    : Costo=1428 R=3078 -> Venta=2900 [ok]
[5641/10892] Samsung FLEX TIMBRE SAMSUNG GALAXY S21 F  : Costo=1260 R=2764 -> Venta=2800 [ok]
[5642/10892] Samsung FLEX TIMBRE SAMSUNG GALAXY S21    : Costo=3597 R=8657 -> Venta=5100 [ok]
[5643/10892] Samsung FLEX TIMBRE SAMSUNG GALAXY NOTE   : Costo=1092 R=2396 -> Venta=2600 [ok]
[5644/10892] Samsung FLEX TIMBRE SAMSUNG GALAXY NOTE   : Costo=955 R=2056 -> Venta=2500 [ok]
[5645/10892] Samsung FLEX TIMBRE SAMSUNG GALAXY NOTE   : Costo=1904 R=4104 -> Venta=3400 [ok]
[5646/10892] Samsung FLEX TIMBRE SAMSUNG GALAXY NOTE   : Costo=1885 R=4064 -> Venta=3400 [ok]
[5647/10892] Samsung FLEX TIMBRE SAMSUNG GALAXY M10    : Costo=2229 R=5365 -> Venta=3700 [ok]
[5648/10892] Samsung FLEX TIMBRE SAMSUNG GALAXY A80 A  : Costo=1310 R=3154 -> Venta=2800 [ok]
[5649/10892] Samsung FLEX TIMBRE SAMSUNG GALAXY A73    : Costo=3946 R=8513 -> Venta=5400 [ok]
[5650/10892] Samsung FLEX TIMBRE SAMSUNG GALAXY A72 5  : Costo=1190 R=2565 -> Venta=2700 [ok]
[5651/10892] Samsung FLEX TIMBRE SAMSUNG GALAXY A60    : Costo=944 R=2272 -> Venta=2400 [ok]
[5652/10892] Samsung FLEX TIMBRE SAMSUNG GALAXY A54 A  : Costo=1973 R=4257 -> Venta=3500 [ok]
[5653/10892] Samsung FLEX TIMBRE SAMSUNG GALAXY A52 5  : Costo=1144 R=3001 -> Venta=2600 [ok]
[5654/10892] Samsung FLEX TIMBRE SAMSUNG GALAXY A51 A  : Costo=1602 R=3901 -> Venta=3100 [ok]
[5655/10892] Samsung FLEX TIMBRE SAMSUNG GALAXY A34 A  : Costo=1965 R=4204 -> Venta=3500 [ok]
[5656/10892] Samsung FLEX TIMBRE SAMSUNG GALAXY A34 5  : Costo=2099 R=1050 -> Venta=3600 [ok]
[5657/10892] Samsung FLEX TIMBRE SAMSUNG GALAXY A22 5  : Costo=2099 R=1050 -> Venta=3600 [ok]
[5658/10892] Samsung FLEX TIMBRE SAMSUNG GALAXY A21    : Costo=2225 R=4792 -> Venta=3700 [ok]
[5659/10892] Samsung FLEX TIMBRE SAMSUNG GALAXY A20S   : Costo=2099 R=4528 -> Venta=3600 [ok]
[5660/10892] Samsung FLEX TIMBRE SAMSUNG GALAXY A11 A  : Costo=1414 R=3048 -> Venta=2900 [ok]
[5661/10892] Samsung FLEX TIMBRE SAMSUNG GALAXY A10S   : Costo=2141 R=4619 -> Venta=3600 [ok]
[5662/10892] Samsung FLEX TIMBRE SAMSUNG GALAXY A01 A  : Costo=2364 R=5091 -> Venta=3900 [ok]
[5663/10892] HUAWEI FLEX TIMBRE PARLANTE HUAWEI PURA   : Costo=1310 R=2659 -> Venta=2800 [ok]
[5664/10892] HUAWEI FLEX TIMBRE PARLANTE HUAWEI PURA   : Costo=1965 R=3988 -> Venta=3500 [ok]
[5665/10892] HONOR FLEX TIMBRE PARLANTE HONOR 50       : Costo=1144 R=1050 -> Venta=2600 [ok]
[5666/10892] HUAWEI FLEX TIMBRE NOVA 8                 : Costo=1907 R=4107 -> Venta=3400 [ok]
[5667/10892] MOTOROLA FLEX TIMBRE MOTOROLA ONE MACRO   : Costo=3357 R=8083 -> Venta=4900 [ok]
[5668/10892] MOTOROLA FLEX TIMBRE MOTOROLA ONE FUSION  : Costo=1428 R=3078 -> Venta=2900 [ok]
[5669/10892] MOTOROLA FLEX TIMBRE MOTOROLA MOTO ONE P  : Costo=1180 R=2540 -> Venta=2700 [ok]
[5670/10892] MOTOROLA FLEX TIMBRE MOTOROLA MOTO G85    : Costo=1637 R=3323 -> Venta=3100 [ok]
[5671/10892] MOTOROLA FLEX TIMBRE MOTOROLA MOTO G54    : Costo=730 R=1050 -> Venta=2200 [ok]
[5672/10892] MOTOROLA FLEX TIMBRE MOTOROLA MOTO G51    : Costo=1373 R=2959 -> Venta=2900 [ok]
[5673/10892] MOTOROLA FLEX TIMBRE MOTOROLA MOTO G50    : Costo=2352 R=5661 -> Venta=3900 [ok]
[5674/10892] MOTOROLA FLEX TIMBRE MOTOROLA MOTO G40 F  : Costo=2368 R=5108 -> Venta=3900 [ok]
[5675/10892] MOTOROLA FLEX TIMBRE MOTOROLA MOTO G31    : Costo=2594 R=5597 -> Venta=4100 [ok]
[5676/10892] MOTOROLA FLEX TIMBRE MOTOROLA MOTO G30    : Costo=1904 R=4104 -> Venta=3400 [ok]
[5677/10892] MOTOROLA FLEX TIMBRE MOTOROLA MOTO G200   : Costo=752 R=1816 -> Venta=2300 [ok]
[5678/10892] MOTOROLA FLEX TIMBRE MOTOROLA MOTO G20    : Costo=2141 R=4619 -> Venta=3600 [ok]
[5679/10892] MOTOROLA FLEX TIMBRE MOTOROLA MOTO G13    : Costo=1144 R=1050 -> Venta=2600 [ok]
[5680/10892] MOTOROLA FLEX TIMBRE MOTOROLA MOTO G100   : Costo=1179 R=2540 -> Venta=2700 [ok]
[5681/10892] MOTOROLA FLEX TIMBRE MOTOROLA MOTO G POW  : Costo=2357 R=5080 -> Venta=3900 [ok]
[5682/10892] MOTOROLA FLEX TIMBRE MOTOROLA MOTO EDGE   : Costo=1666 R=3591 -> Venta=3200 [ok]
[5683/10892] MOTOROLA FLEX TIMBRE MOTOROLA G8 POWER L  : Costo=3027 R=6529 -> Venta=4500 [ok]
[5684/10892] MOTOROLA FLEX TIMBRE MOTOROLA G24 POWER   : Costo=1144 R=1050 -> Venta=2600 [ok]
[5685/10892] MOTOROLA FLEX TIMBRE MOTOROLA EDGE 50 FU  : Costo=1776 R=3605 -> Venta=3300 [ok]
[5686/10892] MOTOROLA FLEX TIMBRE MOTOROLA EDGE 40 NE  : Costo=1184 R=2598 -> Venta=2700 [ok]
[5687/10892] MOTOROLA FLEX TIMBRE MOTOROLA EDGE 30 UL  : Costo=902 R=2179 -> Venta=2400 [ok]
[5688/10892] Lg FLEX TIMBRE LG K71                     : Costo=2645 R=6369 -> Venta=4100 [ok]
[5689/10892] Lg FLEX TIMBRE LG G8S                     : Costo=4062 R=8747 -> Venta=5600 [ok]
[5690/10892] APPLE FLEX TIMBRE IPHONE 15 PRO           : Costo=1796 R=4322 -> Venta=3300 [ok]
[5691/10892] APPLE FLEX TIMBRE IPHONE 15 PLUS          : Costo=2139 R=5149 -> Venta=3600 [ok]
[5692/10892] APPLE FLEX TIMBRE IPHONE 15 MAX           : Costo=2210 R=5319 -> Venta=3700 [ok]
[5693/10892] APPLE FLEX TIMBRE IPHONE 15               : Costo=2348 R=5651 -> Venta=3800 [ok]
[5694/10892] APPLE FLEX TIMBRE IPHONE 14 PRO MAX       : Costo=4143 R=9972 -> Venta=5600 [ok]
[5695/10892] APPLE FLEX TIMBRE IPHONE 14 PRO           : Costo=2762 R=6648 -> Venta=4300 [ok]
[5696/10892] APPLE FLEX TIMBRE IPHONE 14 PLUS          : Costo=3437 R=7543 -> Venta=4900 [ok]
[5697/10892] APPLE FLEX TIMBRE IPHONE 14               : Costo=1528 R=3678 -> Venta=3000 [ok]
[5698/10892] APPLE FLEX TIMBRE IPHONE 13 PRO MAX       : Costo=27689 R=66666 -> Venta=33200 [ok]
[5699/10892] APPLE FLEX TIMBRE IPHONE 13 PRO           : Costo=13845 R=33333 -> Venta=17300 [ok]
[5700/10892] APPLE FLEX TIMBRE IPHONE 13 MINI          : Costo=2997 R=7214 -> Venta=4500 [ok]
[5701/10892] APPLE FLEX TIMBRE IPHONE 13               : Costo=3355 R=4827 -> Venta=4900 [ok]
[5702/10892] APPLE FLEX TIMBRE IPHONE 12 PRO MAX       : Costo=4945 R=11903 -> Venta=6400 [ok]
[5703/10892] APPLE FLEX TIMBRE IPHONE 12 MINI          : Costo=4142 R=5918 -> Venta=5600 [ok]
[5704/10892] APPLE FLEX TIMBRE IPHONE 12 12 PRO        : Costo=2276 R=3274 -> Venta=3800 [ok]
[5705/10892] APPLE FLEX TIMBRE IPHONE 11 PRO MAX       : Costo=3063 R=7404 -> Venta=4600 [ok]
[5706/10892] APPLE FLEX TIMBRE IPHONE 11 PRO A2215, A  : Costo=4575 R=4198 -> Venta=6100 [ok]
[5707/10892] APPLE FLEX TIMBRE IPHONE 11 A2221 A2111   : Costo=2183 R=4791 -> Venta=3700 [ok]
[5708/10892] APPLE FLEX TIMBRE IPAD MINI 5 (2019) 5TH  : Costo=5199 R=12517 -> Venta=8200 [ok]
[5709/10892] APPLE FLEX TIMBRE IPAD 10.2 (2019) 4TH G  : Costo=5199 R=12517 -> Venta=8200 [ok]
[5710/10892] HUAWEI FLEX TIMBRE HUAWEI Y9S P SMART Z   : Costo=1179 R=2540 -> Venta=2700 [ok]
[5711/10892] HUAWEI FLEX TIMBRE HUAWEI Y9A             : Costo=2017 R=4857 -> Venta=3500 [ok]
[5712/10892] HUAWEI FLEX TIMBRE HUAWEI Y9 2019 ENJOY   : Costo=1144 R=2466 -> Venta=2600 [ok]
[5713/10892] HUAWEI FLEX TIMBRE HUAWEI Y8S             : Costo=1431 R=3081 -> Venta=2900 [ok]
[5714/10892] HUAWEI FLEX TIMBRE HUAWEI Y7A             : Costo=2291 R=4943 -> Venta=3800 [ok]
[5715/10892] HUAWEI FLEX TIMBRE HUAWEI Y60             : Costo=1182 R=2546 -> Venta=2700 [ok]
[5716/10892] HUAWEI FLEX TIMBRE HUAWEI Y6 PRO COMPLET  : Costo=1180 R=2540 -> Venta=2700 [ok]
[5717/10892] HUAWEI FLEX TIMBRE HUAWEI P50 PRO         : Costo=2162 R=4664 -> Venta=3700 [ok]
[5718/10892] HUAWEI FLEX TIMBRE HUAWEI P40 PRO         : Costo=1650 R=3556 -> Venta=3200 [ok]
[5719/10892] HUAWEI FLEX TIMBRE HUAWEI P40 LITE E 5G   : Costo=1228 R=2628 -> Venta=2700 [ok]
[5720/10892] HUAWEI FLEX TIMBRE HUAWEI P40 LITE        : Costo=1253 R=2698 -> Venta=2800 [ok]
[5721/10892] HUAWEI FLEX TIMBRE HUAWEI P40             : Costo=2855 R=6155 -> Venta=4400 [ok]
[5722/10892] HUAWEI FLEX TIMBRE HUAWEI P SMART 2021    : Costo=1825 R=3931 -> Venta=3300 [ok]
[5723/10892] HUAWEI FLEX TIMBRE HUAWEI NOVA 9SE        : Costo=2291 R=4943 -> Venta=3800 [ok]
[5724/10892] HUAWEI FLEX TIMBRE HUAWEI NOVA 9 PRO      : Costo=1907 R=4107 -> Venta=3400 [ok]
[5725/10892] HUAWEI FLEX TIMBRE HUAWEI NOVA 9          : Costo=1144 R=1050 -> Venta=2600 [ok]
[5726/10892] HUAWEI FLEX TIMBRE HUAWEI NOVA 8SE        : Costo=1907 R=4107 -> Venta=3400 [ok]
[5727/10892] HUAWEI FLEX TIMBRE HUAWEI NOVA 8 PRO      : Costo=1907 R=4107 -> Venta=3400 [ok]
[5728/10892] HUAWEI FLEX TIMBRE HUAWEI NOVA 5T         : Costo=1666 R=3591 -> Venta=3200 [ok]
[5729/10892] HUAWEI FLEX TIMBRE HUAWEI NOVA 5          : Costo=1590 R=3423 -> Venta=3100 [ok]
[5730/10892] HUAWEI FLEX TIMBRE HUAWEI NOVA 13  NOVA   : Costo=1310 R=2659 -> Venta=2800 [ok]
[5731/10892] HUAWEI FLEX TIMBRE HUAWEI NOVA 12I NOVA   : Costo=983 R=1994 -> Venta=2500 [ok]
[5732/10892] HUAWEI FLEX TIMBRE HUAWEI NOVA 11I        : Costo=572 R=1233 -> Venta=2100 [ok]
[5733/10892] HUAWEI FLEX TIMBRE HUAWEI NOVA 11 PRO     : Costo=1509 R=3249 -> Venta=3000 [ok]
[5734/10892] HUAWEI FLEX TIMBRE HUAWEI NOVA 11         : Costo=1518 R=3264 -> Venta=3000 [ok]
[5735/10892] HUAWEI FLEX TIMBRE HUAWEI NOVA 10 SE      : Costo=657 R=1414 -> Venta=2200 [ok]
[5736/10892] HUAWEI FLEX TIMBRE HUAWEI NOVA 10 PLUS    : Costo=3662 R=8816 -> Venta=5200 [ok]
[5737/10892] HUAWEI FLEX TIMBRE HUAWEI NOVA 10         : Costo=1518 R=3264 -> Venta=3000 [ok]
[5738/10892] HUAWEI FLEX TIMBRE HUAWEI MATE 40 PRO PL  : Costo=1837 R=3956 -> Venta=3300 [ok]
[5739/10892] HUAWEI FLEX TIMBRE HUAWEI MATE 40 PRO     : Costo=1837 R=3956 -> Venta=3300 [ok]
[5740/10892] HUAWEI FLEX TIMBRE HUAWEI MATE 40         : Costo=1837 R=3956 -> Venta=3300 [ok]
[5741/10892] HUAWEI FLEX TIMBRE HUAWEI HUAWEI P SMART  : Costo=2229 R=5365 -> Venta=3700 [ok]
[5742/10892] HUAWEI FLEX TIMBRE HUAWEI HONOR Y6 II, H  : Costo=1627 R=3503 -> Venta=3100 [ok]
[5743/10892] HONOR FLEX TIMBRE HUAWEI HONOR PLAY 5 CO  : Costo=1722 R=3709 -> Venta=3200 [ok]
[5744/10892] HONOR FLEX TIMBRE HUAWEI HONOR 90         : Costo=1076 R=2318 -> Venta=2600 [ok]
[5745/10892] HUAWEI FLEX TIMBRE HUAWEI HONOR 4C PRO B  : Costo=581 R=1250 -> Venta=2100 [ok]
[5746/10892] HUAWEI FLEX TIMBRE HUAWEI GR5 2017        : Costo=1967 R=4237 -> Venta=3500 [ok]
[5747/10892] HONOR FLEX TIMBRE HONOR X9 2022           : ERROR - La operaci¢n sobrepas¢ el tiempo de espera.
[5748/10892] HONOR FLEX TIMBRE HONOR X8A HONOR 90 LIT  : Costo=2099 R=4528 -> Venta=3600 [ok]
[5749/10892] HONOR FLEX TIMBRE HONOR X8 2022           : Costo=2141 R=4619 -> Venta=3600 [ok]
[5750/10892] HONOR FLEX TIMBRE HONOR X7A               : Costo=1144 R=2466 -> Venta=2600 [ok]
[5751/10892] HONOR FLEX TIMBRE HONOR X7 2022           : Costo=3425 R=7390 -> Venta=4900 [ok]
[5752/10892] HONOR FLEX TIMBRE HONOR X6B PLUS X6B X6A  : Costo=1144 R=1050 -> Venta=2600 [ok]
[5753/10892] HONOR FLEX TIMBRE HONOR X20               : Costo=1297 R=2794 -> Venta=2800 [ok]
[5754/10892] HONOR FLEX TIMBRE HONOR MAGIC 7 LITE HON  : Costo=1889 R=1260 -> Venta=3400 [ok]
[5755/10892] HONOR FLEX TIMBRE HONOR MAGIC 5 LITE X9A  : Costo=2099 R=4282 -> Venta=3600 [ok]
[5756/10892] HONOR FLEX TIMBRE HONOR 70                : Costo=1576 R=3394 -> Venta=3100 [ok]
[5757/10892] HONOR FLEX TIMBRE HONOR 50 LITE NOVA 8I   : Costo=2099 R=1050 -> Venta=3600 [ok]
[5758/10892] HONOR FLEX TIMBRE HONOR 50                : Costo=590 R=1270 -> Venta=2100 [ok]
[5759/10892] HONOR FLEX TIMBRE HONOR 200 LITE  X8B     : Costo=1574 R=1050 -> Venta=3100 [ok]
[5760/10892] HONOR FLEX TIMBRE HONOR 200               : Costo=2292 R=4653 -> Venta=3800 [ok]
[5761/10892] Lg FLEX TIMBRE COMPLETO LG Q6 M700        : Costo=2948 R=6349 -> Venta=4400 [ok]
[5762/10892] HUAWEI FLEX TARJETA ANTENA HUAWEI P20     : Costo=2620 R=5749 -> Venta=4100 [ok]
[5763/10892] Samsung FLEX TACTIL LCD SAMSUNG TAB S6 L  : Costo=5717 R=13492 -> Venta=8700 [ok]
[5764/10892] Samsung FLEX SLIDE SAMSUNG GALAXY Z FLIP  : Costo=4717 R=11356 -> Venta=6200 [ok]
[5765/10892] Samsung FLEX SENSORES HOME MENU JACK AUD  : Costo=952 R=2052 -> Venta=2500 [ok]
[5766/10892] XIAOMI FLEX SENSOR XIAOMI XIAOMI MI 11T   : Costo=2313 R=5568 -> Venta=3800 [ok]
[5767/10892] XIAOMI FLEX SENSOR XIAOMI POCO X3 PRO X3  : Costo=1694 R=4077 -> Venta=3200 [ok]
[5768/10892] XIAOMI FLEX SENSOR XIAOMI POCO F3         : Costo=1211 R=2914 -> Venta=2700 [ok]
[5769/10892] Samsung FLEX SENSOR PROXIMIDAD SAMSUNG G  : Costo=3305 R=7989 -> Venta=4800 [ok]
[5770/10892] APPLE FLEX SENSOR PROXIMIDAD IPHONE 14 P  : Costo=8227 R=19803 -> Venta=11200 [ok]
[5771/10892] APPLE FLEX SENSOR PROXIMIDAD IPHONE 14 P  : Costo=9481 R=13641 -> Venta=12500 [ok]
[5772/10892] APPLE FLEX SENSOR PROXIMIDAD IPHONE 14 P  : Costo=2368 R=5196 -> Venta=3900 [ok]
[5773/10892] APPLE FLEX SENSOR PROXIMIDAD IPHONE 14 1  : Costo=1897 R=4584 -> Venta=3400 [ok]
[5774/10892] HUAWEI FLEX SENSOR PROXIMIDAD HUAWEI NOV  : Costo=1503 R=3237 -> Venta=3000 [ok]
[5775/10892] XIAOMI FLEX SENSOR PROXIMIDAD  XIAOMI MI  : Costo=2035 R=4898 -> Venta=3500 [ok]
[5776/10892] APPLE FLEX SENSOR MICROFONO IPHONE 13 PR  : Costo=4731 R=4340 -> Venta=6200 [ok]
[5777/10892] APPLE FLEX SENSOR MICROFONO IPHONE 13 PR  : Costo=2497 R=6012 -> Venta=4000 [ok]
[5778/10892] APPLE FLEX SENSOR MICROFONO IPHONE 13 MI  : Costo=7846 R=18889 -> Venta=10800 [ok]
[5779/10892] APPLE FLEX SENSOR MICROFONO IPHONE 13     : Costo=2745 R=5553 -> Venta=4200 [ok]
[5780/10892] XIAOMI FLEX SENSOR HUELLA XIAOMI REDMI N  : Costo=3465 R=8177 -> Venta=5000 [ok]
[5781/10892] XIAOMI FLEX SENSOR HUELLA XIAOMI REDMI N  : Costo=2414 R=5811 -> Venta=3900 [ok]
[5782/10892] XIAOMI FLEX SENSOR HUELLA XIAOMI REDMI N  : Costo=2587 R=6104 -> Venta=4100 [ok]
[5783/10892] XIAOMI FLEX SENSOR HUELLA XIAOMI REDMI N  : Costo=5198 R=12266 -> Venta=8200 [ok]
[5784/10892] XIAOMI FLEX SENSOR HUELLA XIAOMI REDMI N  : Costo=3276 R=7731 -> Venta=4800 [ok]
[5785/10892] XIAOMI FLEX SENSOR HUELLA XIAOMI REDMI N  : Costo=5198 R=12266 -> Venta=8200 [ok]
[5786/10892] XIAOMI FLEX SENSOR HUELLA XIAOMI REDMI N  : Costo=4158 R=9813 -> Venta=5700 [ok]
[5787/10892] XIAOMI FLEX SENSOR HUELLA XIAOMI REDMI N  : Costo=1801 R=4250 -> Venta=3300 [ok]
[5788/10892] XIAOMI FLEX SENSOR HUELLA XIAOMI REDMI N  : Costo=4505 R=10630 -> Venta=6000 [ok]
[5789/10892] XIAOMI FLEX SENSOR HUELLA XIAOMI REDMI 9  : Costo=1733 R=4089 -> Venta=3200 [ok]
[5790/10892] XIAOMI FLEX SENSOR HUELLA XIAOMI REDMI 9  : Costo=1460 R=3444 -> Venta=3000 [ok]
[5791/10892] XIAOMI FLEX SENSOR HUELLA XIAOMI REDMI 1  : Costo=5037 R=12810 -> Venta=8000 [ok]
[5792/10892] XIAOMI FLEX SENSOR HUELLA XIAOMI REDMI 1  : Costo=3812 R=8995 -> Venta=5300 [ok]
[5793/10892] XIAOMI FLEX SENSOR HUELLA XIAOMI REDMI 1  : Costo=1719 R=4055 -> Venta=3200 [ok]
[5794/10892] XIAOMI FLEX SENSOR HUELLA XIAOMI REDMI 1  : Costo=1474 R=3477 -> Venta=3000 [ok]
[5795/10892] XIAOMI FLEX SENSOR HUELLA XIAOMI REDMI 1  : Costo=1260 R=2972 -> Venta=2800 [ok]
[5796/10892] XIAOMI FLEX SENSOR HUELLA XIAOMI REDMI 1  : Costo=4158 R=9813 -> Venta=5700 [ok]
[5797/10892] XIAOMI FLEX SENSOR HUELLA XIAOMI REDMI 1  : Costo=3812 R=8995 -> Venta=5300 [ok]
[5798/10892] XIAOMI FLEX SENSOR HUELLA XIAOMI REDMI 1  : Costo=3812 R=8995 -> Venta=5300 [ok]
[5799/10892] XIAOMI FLEX SENSOR HUELLA XIAOMI REDMI 1  : Costo=2069 R=4883 -> Venta=3600 [ok]
[5800/10892] XIAOMI FLEX SENSOR HUELLA XIAOMI REDMI 1  : Costo=1260 R=2972 -> Venta=2800 [ok]
[5801/10892] XIAOMI FLEX SENSOR HUELLA XIAOMI REDMI 1  : Costo=2414 R=5697 -> Venta=3900 [ok]
[5802/10892] XIAOMI FLEX SENSOR HUELLA XIAOMI REDMI 1  : Costo=1637 R=3864 -> Venta=3100 [ok]
[5803/10892] XIAOMI FLEX SENSOR HUELLA XIAOMI REDMI 1  : Costo=3812 R=8995 -> Venta=5300 [ok]
[5804/10892] XIAOMI FLEX SENSOR HUELLA XIAOMI POCO X5  : Costo=5198 R=12266 -> Venta=8200 [ok]
[5805/10892] XIAOMI FLEX SENSOR HUELLA XIAOMI POCO X5  : Costo=5198 R=12266 -> Venta=8200 [ok]
[5806/10892] XIAOMI FLEX SENSOR HUELLA XIAOMI POCO X5  : Costo=1946 R=4592 -> Venta=3400 [ok]
[5807/10892] XIAOMI FLEX SENSOR HUELLA XIAOMI POCO M4  : Costo=4851 R=11448 -> Venta=6400 [ok]
[5808/10892] XIAOMI FLEX SENSOR HUELLA XIAOMI POCO M4  : Costo=4851 R=11448 -> Venta=6400 [ok]
[5809/10892] XIAOMI FLEX SENSOR HUELLA XIAOMI POCO M4  : Costo=4851 R=11448 -> Venta=6400 [ok]
[5810/10892] XIAOMI FLEX SENSOR HUELLA XIAOMI NOTE 13  : Costo=2355 R=5169 -> Venta=3900 [ok]
[5811/10892] Samsung FLEX PRINCIPAL SAMSUNG GALAXY Z   : Costo=4584 R=10817 -> Venta=6100 [ok]
[5812/10892] Samsung FLEX PRINCIPAL SAMSUNG GALAXY Z   : Costo=5730 R=13521 -> Venta=8700 [ok]
[5813/10892] Samsung FLEX SENSOR HUELLA SAMSUNG GALAX  : Costo=3541 R=8522 -> Venta=5000 [ok]
[5814/10892] Samsung FLEX SENSOR HUELLA SAMSUNG GALAX  : Costo=3541 R=8522 -> Venta=5000 [ok]
[5815/10892] Samsung FLEX SENSOR HUELLA SAMSUNG GALAX  : Costo=2139 R=5149 -> Venta=3600 [ok]
[5816/10892] Samsung FLEX SENSOR HUELLA SAMSUNG GALAX  : Costo=2735 R=6585 -> Venta=4200 [ok]
[5817/10892] Samsung FLEX SENSOR HUELLA SAMSUNG GALAX  : Costo=2735 R=6585 -> Venta=4200 [ok]
[5818/10892] Samsung FLEX SENSOR HUELLA SAMSUNG GALAX  : Costo=2735 R=6585 -> Venta=4200 [ok]
[5819/10892] Samsung FLEX SENSOR HUELLA SAMSUNG GALAX  : Costo=1146 R=2705 -> Venta=2600 [ok]
[5820/10892] Samsung FLEX SENSOR HUELLA SAMSUNG GALAX  : Costo=983 R=2318 -> Venta=2500 [ok]
[5821/10892] Samsung FLEX SENSOR HUELLA SAMSUNG GALAX  : Costo=1146 R=2705 -> Venta=2600 [ok]
[5822/10892] Samsung FLEX SENSOR HUELLA SAMSUNG GALAX  : Costo=655 R=1163 -> Venta=2200 [ok]
[5823/10892] Samsung FLEX SENSOR HUELLA SAMSUNG GALAX  : Costo=2361 R=3148 -> Venta=3900 [ok]
[5824/10892] Samsung FLEX SENSOR HUELLA SAMSUNG GALAX  : Costo=2204 R=2938 -> Venta=3700 [ok]
[5825/10892] Samsung FLEX SENSOR HUELLA SAMSUNG GALAX  : Costo=3344 R=8082 -> Venta=4800 [ok]
[5826/10892] Samsung FLEX SENSOR HUELLA SAMSUNG GALAX  : Costo=2381 R=5754 -> Venta=3900 [ok]
[5827/10892] Samsung FLEX SENSOR HUELLA SAMSUNG GALAX  : Costo=2361 R=5572 -> Venta=3900 [ok]
[5828/10892] Samsung FLEX SENSOR HUELLA SAMSUNG GALAX  : Costo=3208 R=7040 -> Venta=4700 [ok]
[5829/10892] Samsung FLEX SENSOR HUELLA SAMSUNG GALAX  : Costo=2620 R=6181 -> Venta=4100 [ok]
[5830/10892] Samsung FLEX SENSOR HUELLA SAMSUNG GALAX  : Costo=1574 R=3274 -> Venta=3100 [ok]
[5831/10892] Samsung FLEX SENSOR HUELLA SAMSUNG GALAX  : Costo=1574 R=3715 -> Venta=3100 [ok]
[5832/10892] MOTOROLA FLEX SENSOR HUELLA MOTOROLA MOT  : Costo=3056 R=6707 -> Venta=4600 [ok]
[5833/10892] MOTOROLA FLEX SENSOR HUELLA MOTOROLA MOT  : Costo=5198 R=12266 -> Venta=8200 [ok]
[5834/10892] MOTOROLA FLEX SENSOR HUELLA MOTOROLA MOT  : Costo=1910 R=4597 -> Venta=3400 [ok]
[5835/10892] MOTOROLA FLEX SENSOR HUELLA MOTOROLA G9   : Costo=4158 R=9813 -> Venta=5700 [ok]
[5836/10892] MOTOROLA FLEX SENSOR HUELLA MOTOROLA G9   : Costo=4158 R=9813 -> Venta=5700 [ok]
[5837/10892] MOTOROLA FLEX SENSOR HUELLA MOTOROLA G24  : Costo=4093 R=9658 -> Venta=5600 [ok]
[5838/10892] MOTOROLA FLEX SENSOR HUELLA MOTOROLA G13  : Costo=2253 R=5423 -> Venta=3800 [ok]
[5839/10892] MOTOROLA FLEX SENSOR HUELLA MOTOROLA EDG  : Costo=3056 R=6707 -> Venta=4600 [ok]
[5840/10892] MOTOROLA FLEX SENSOR HUELLA MOTOROLA E6S  : Costo=4158 R=9813 -> Venta=5700 [ok]
[5841/10892] MOTOROLA FLEX SENSOR HUELLA MOTOROLA E6S  : Costo=4158 R=9813 -> Venta=5700 [ok]
[5842/10892] MOTOROLA FLEX SENSOR HUELLA MOTOROLA E13  : Costo=2092 R=5036 -> Venta=3600 [ok]
[5843/10892] HUAWEI FLEX SENSOR HUELLA HUAWEI Y6P 202  : Costo=1547 R=3310 -> Venta=3000 [ok]
[5844/10892] HUAWEI FLEX SENSOR HUELLA HUAWEI NOVA 12  : Costo=2401 R=5270 -> Venta=3900 [ok]
[5845/10892] HUAWEI FLEX SENSOR HUELLA HUAWEI NOVA 12  : Costo=2401 R=5270 -> Venta=3900 [ok]
[5846/10892] HUAWEI FLEX SENSOR HUELLA HUAWEI NOVA 12  : Costo=2401 R=5270 -> Venta=3900 [ok]
[5847/10892] HUAWEI FLEX SENSOR HUELLA HUAWEI NOVA 12  : Costo=2401 R=5270 -> Venta=3900 [ok]
[5848/10892] HUAWEI FLEX SENSOR HUELLA HUAWEI NOVA 12  : Costo=2401 R=5270 -> Venta=3900 [ok]
[5849/10892] HUAWEI FLEX SENSOR HUELLA HUAWEI NOVA 12  : Costo=2401 R=5270 -> Venta=3900 [ok]
[5850/10892] HUAWEI FLEX SENSOR HUELLA HUAWEI NOVA 12  : Costo=2401 R=5270 -> Venta=3900 [ok]
[5851/10892] HUAWEI FLEX SENSOR HUELLA HUAWEI NOVA 12  : Costo=2401 R=5270 -> Venta=3900 [ok]
[5852/10892] HUAWEI FLEX SENSOR HUELLA HUAWEI NOVA 12  : Costo=2401 R=5270 -> Venta=3900 [ok]
[5853/10892] HUAWEI FLEX SENSOR HUELLA HUAWEI NOVA 11  : Costo=1931 R=4649 -> Venta=3400 [ok]
[5854/10892] HUAWEI FLEX SENSOR HUELLA HUAWEI NOVA 11  : Costo=1528 R=3678 -> Venta=3000 [ok]
[5855/10892] HUAWEI FLEX SENSOR HUELLA HUAWEI NOVA 10  : Costo=2291 R=5029 -> Venta=3800 [ok]
[5856/10892] HUAWEI FLEX SENSOR HUELLA HUAWEI NOVA 10  : Costo=2291 R=5029 -> Venta=3800 [ok]
[5857/10892] HONOR FLEX SENSOR HUELLA HUAWEI HONOR 90  : Costo=3331 R=7181 -> Venta=4800 [ok]
[5858/10892] HONOR FLEX SENSOR HUELLA HONOR X7C HONOR  : Costo=1480 R=1973 -> Venta=3000 [ok]
[5859/10892] HONOR FLEX SENSOR HUELLA HONOR X6S X6 20  : Costo=1574 R=3715 -> Venta=3100 [ok]
[5860/10892] HONOR FLEX SENSOR HUELLA HONOR X6B PLUS   : Costo=4198 R=9213 -> Venta=5700 [ok]
[5861/10892] HONOR FLEX SENSOR HUELLA HONOR X6A        : Costo=2645 R=3778 -> Venta=4100 [ok]
[5862/10892] HONOR FLEX SENSOR HUELLA HONOR X5B        : Costo=1417 R=1889 -> Venta=2900 [ok]
[5863/10892] HONOR FLEX SENSOR HUELLA HONOR MAGIC 5 L  : Costo=2514 R=5414 -> Venta=4000 [ok]
[5864/10892] HONOR FLEX SENSOR HUELLA HONOR 200 LITE   : Costo=1973 R=4330 -> Venta=3500 [ok]
[5865/10892] HONOR FLEX SENSOR HUELLA HONOR 200 LITE   : Costo=2099 R=4607 -> Venta=3600 [ok]
[5866/10892] HONOR FLEX SENSOR HUELLA HONOR 200 LITE   : Costo=2099 R=4607 -> Venta=3600 [ok]
[5867/10892] HONOR FLEX SENSOR HUELLA HONOR 200 LITE   : Costo=2099 R=4607 -> Venta=3600 [ok]
[5868/10892] Samsung FLEX SENSOR HUELLA ENCENDIDO VOL  : Costo=5198 R=12266 -> Venta=8200 [ok]
[5869/10892] XIAOMI FLEX SENSOR HUELLA DIGITAL XIAOMI  : Costo=3748 R=9022 -> Venta=5200 [ok]
[5870/10892] XIAOMI FLEX SENSOR HUELLA DIGITAL XIAOMI  : Costo=2344 R=5644 -> Venta=3800 [ok]
[5871/10892] XIAOMI FLEX SENSOR HUELLA DIGITAL XIAOMI  : Costo=1469 R=3537 -> Venta=3000 [ok]
[5872/10892] XIAOMI FLEX SENSOR HUELLA DIGITAL XIAOMI  : Costo=1834 R=4414 -> Venta=3300 [ok]
[5873/10892] XIAOMI FLEX SENSOR HUELLA DIGITAL XIAOMI  : Costo=2519 R=5528 -> Venta=4000 [ok]
[5874/10892] XIAOMI FLEX SENSOR HUELLA DIGITAL XIAOMI  : Costo=1381 R=3324 -> Venta=2900 [ok]
[5875/10892] XIAOMI FLEX SENSOR HUELLA DIGITAL XIAOMI  : Costo=1649 R=3968 -> Venta=3100 [ok]
[5876/10892] XIAOMI FLEX SENSOR HUELLA DIGITAL XIAOMI  : Costo=1469 R=3537 -> Venta=3000 [ok]
[5877/10892] XIAOMI FLEX SENSOR HUELLA DIGITAL XIAOMI  : Costo=1764 R=4246 -> Venta=3300 [ok]
[5878/10892] XIAOMI FLEX SENSOR HUELLA DIGITAL XIAOMI  : Costo=1528 R=3678 -> Venta=3000 [ok]
[5879/10892] XIAOMI FLEX SENSOR HUELLA DIGITAL XIAOMI  : Costo=1764 R=4246 -> Venta=3300 [ok]
[5880/10892] XIAOMI FLEX SENSOR HUELLA DIGITAL XIAOMI  : Costo=2186 R=5261 -> Venta=3700 [ok]
[5881/10892] XIAOMI FLEX SENSOR HUELLA DIGITAL XIAOMI  : Costo=2401 R=5270 -> Venta=3900 [ok]
[5882/10892] XIAOMI FLEX SENSOR HUELLA DIGITAL XIAOMI  : Costo=2749 R=6034 -> Venta=4200 [ok]
[5883/10892] XIAOMI FLEX SENSOR HUELLA DIGITAL XIAOMI  : Costo=2401 R=5270 -> Venta=3900 [ok]
[5884/10892] XIAOMI FLEX SENSOR HUELLA DIGITAL XIAOMI  : Costo=1166 R=2817 -> Venta=2700 [ok]
[5885/10892] XIAOMI FLEX SENSOR HUELLA DIGITAL XIAOMI  : Costo=2129 R=5125 -> Venta=3600 [ok]
[5886/10892] XIAOMI FLEX SENSOR HUELLA DIGITAL XIAOMI  : Costo=1528 R=3678 -> Venta=3000 [ok]
[5887/10892] XIAOMI FLEX SENSOR HUELLA DIGITAL XIAOMI  : Costo=2129 R=5125 -> Venta=3600 [ok]
[5888/10892] XIAOMI FLEX SENSOR HUELLA DIGITAL XIAOMI  : Costo=2062 R=4866 -> Venta=3600 [ok]
[5889/10892] XIAOMI FLEX SENSOR HUELLA DIGITAL XIAOMI  : Costo=1801 R=4250 -> Venta=3300 [ok]
[5890/10892] XIAOMI FLEX SENSOR HUELLA DIGITAL XIAOMI  : Costo=1801 R=4250 -> Venta=3300 [ok]
[5891/10892] HUAWEI FLEX SENSOR HUELLA DIGITAL VOLUME  : Costo=5875 R=14145 -> Venta=8900 [ok]
[5892/10892] Samsung FLEX SENSOR HUELLA DIGITAL SAMSU  : Costo=5660 R=13628 -> Venta=8700 [ok]
[5893/10892] Samsung FLEX SENSOR HUELLA DIGITAL SAMSU  : Costo=5660 R=13628 -> Venta=8700 [ok]
[5894/10892] Samsung FLEX SENSOR HUELLA DIGITAL SAMSU  : Costo=5660 R=13628 -> Venta=8700 [ok]
[5895/10892] Samsung FLEX SENSOR HUELLA DIGITAL SAMSU  : Costo=5660 R=13628 -> Venta=8700 [ok]
[5896/10892] Samsung FLEX SENSOR HUELLA DIGITAL SAMSU  : Costo=4882 R=11754 -> Venta=6400 [ok]
[5897/10892] Samsung FLEX SENSOR HUELLA DIGITAL SAMSU  : Costo=1049 R=2525 -> Venta=2500 [ok]
[5898/10892] Samsung FLEX SENSOR HUELLA DIGITAL SAMSU  : Costo=2848 R=6857 -> Venta=4300 [ok]
[5899/10892] Samsung FLEX SENSOR HUELLA DIGITAL SAMSU  : Costo=707 R=1524 -> Venta=2200 [ok]
[5900/10892] Samsung FLEX SENSOR HUELLA DIGITAL SAMSU  : Costo=7323 R=17631 -> Venta=10300 [ok]
[5901/10892] Samsung FLEX SENSOR HUELLA DIGITAL SAMSU  : Costo=7323 R=17631 -> Venta=10300 [ok]
[5902/10892] Samsung FLEX SENSOR HUELLA DIGITAL SAMSU  : Costo=7323 R=17631 -> Venta=10300 [ok]
[5903/10892] Samsung FLEX SENSOR HUELLA DIGITAL SAMSU  : Costo=2321 R=4999 -> Venta=3800 [ok]
[5904/10892] Samsung FLEX SENSOR HUELLA DIGITAL SAMSU  : Costo=2321 R=4999 -> Venta=3800 [ok]
[5905/10892] Samsung FLEX SENSOR HUELLA DIGITAL SAMSU  : Costo=2321 R=4999 -> Venta=3800 [ok]
[5906/10892] Samsung FLEX SENSOR HUELLA DIGITAL SAMSU  : Costo=3343 R=8047 -> Venta=4800 [ok]
[5907/10892] Samsung FLEX SENSOR HUELLA DIGITAL SAMSU  : Costo=3343 R=8047 -> Venta=4800 [ok]
[5908/10892] Samsung FLEX SENSOR HUELLA DIGITAL SAMSU  : Costo=7323 R=17631 -> Venta=10300 [ok]
[5909/10892] Samsung FLEX SENSOR HUELLA DIGITAL SAMSU  : Costo=8392 R=20205 -> Venta=11400 [ok]
[5910/10892] Samsung FLEX SENSOR HUELLA DIGITAL SAMSU  : Costo=8392 R=20205 -> Venta=11400 [ok]
[5911/10892] Samsung FLEX SENSOR HUELLA DIGITAL SAMSU  : Costo=2848 R=6857 -> Venta=4300 [ok]
[5912/10892] Samsung FLEX SENSOR HUELLA DIGITAL SAMSU  : Costo=3331 R=8020 -> Venta=4800 [ok]
[5913/10892] Samsung FLEX SENSOR HUELLA DIGITAL SAMSU  : Costo=1177 R=2833 -> Venta=2700 [ok]
[5914/10892] Samsung FLEX SENSOR HUELLA DIGITAL SAMSU  : Costo=3774 R=9085 -> Venta=5300 [ok]
[5915/10892] Samsung FLEX SENSOR HUELLA DIGITAL SAMSU  : Costo=1752 R=3773 -> Venta=3300 [ok]
[5916/10892] Samsung FLEX SENSOR HUELLA DIGITAL SAMSU  : Costo=1503 R=3237 -> Venta=3000 [ok]
[5917/10892] Samsung FLEX SENSOR HUELLA DIGITAL SAMSU  : Costo=1503 R=3237 -> Venta=3000 [ok]
[5918/10892] Samsung FLEX SENSOR HUELLA DIGITAL SAMSU  : Costo=1752 R=3773 -> Venta=3300 [ok]
[5919/10892] Samsung FLEX SENSOR HUELLA DIGITAL SAMSU  : Costo=4680 R=11264 -> Venta=6200 [ok]
[5920/10892] Samsung FLEX SENSOR HUELLA DIGITAL SAMSU  : Costo=4680 R=11264 -> Venta=6200 [ok]
[5921/10892] Samsung FLEX SENSOR HUELLA DIGITAL SAMSU  : Costo=4680 R=11264 -> Venta=6200 [ok]
[5922/10892] Samsung FLEX SENSOR HUELLA DIGITAL SAMSU  : Costo=1796 R=4322 -> Venta=3300 [ok]
[5923/10892] Samsung FLEX SENSOR HUELLA DIGITAL SAMSU  : Costo=1561 R=3361 -> Venta=3100 [ok]
[5924/10892] Samsung FLEX SENSOR HUELLA DIGITAL SAMSU  : Costo=2632 R=6694 -> Venta=4100 [ok]
[5925/10892] Samsung FLEX SENSOR HUELLA DIGITAL SAMSU  : Costo=2578 R=6555 -> Venta=4100 [ok]
[5926/10892] MOTOROLA FLEX SENSOR HUELLA DIGITAL MOTO  : Costo=2594 R=5694 -> Venta=4100 [ok]
[5927/10892] MOTOROLA FLEX SENSOR HUELLA DIGITAL MOTO  : Costo=6714 R=16165 -> Venta=9700 [ok]
[5928/10892] MOTOROLA FLEX SENSOR HUELLA DIGITAL MOTO  : Costo=3934 R=9470 -> Venta=5400 [ok]
[5929/10892] MOTOROLA FLEX SENSOR HUELLA DIGITAL MOTO  : Costo=6714 R=16165 -> Venta=9700 [ok]
[5930/10892] MOTOROLA FLEX SENSOR HUELLA DIGITAL MOTO  : Costo=4169 R=10036 -> Venta=5700 [ok]
[5931/10892] MOTOROLA FLEX SENSOR HUELLA DIGITAL MOTO  : Costo=2208 R=5316 -> Venta=3700 [ok]
[5932/10892] MOTOROLA FLEX SENSOR HUELLA DIGITAL MOTO  : Costo=2419 R=5822 -> Venta=3900 [ok]
[5933/10892] MOTOROLA FLEX SENSOR HUELLA DIGITAL MOTO  : Costo=2419 R=5822 -> Venta=3900 [ok]
[5934/10892] MOTOROLA FLEX SENSOR HUELLA DIGITAL MOTO  : Costo=2620 R=5749 -> Venta=4100 [ok]
[5935/10892] MOTOROLA FLEX SENSOR HUELLA DIGITAL MOTO  : Costo=2208 R=5316 -> Venta=3700 [ok]
[5936/10892] MOTOROLA FLEX SENSOR HUELLA DIGITAL MOTO  : Costo=1783 R=4309 -> Venta=3300 [ok]
[5937/10892] HUAWEI FLEX SENSOR HUELLA DIGITAL HUAWEI  : Costo=3841 R=9247 -> Venta=5300 [ok]
[5938/10892] HUAWEI FLEX SENSOR HUELLA DIGITAL HUAWEI  : Costo=3841 R=9247 -> Venta=5300 [ok]
[5939/10892] HUAWEI FLEX SENSOR HUELLA DIGITAL HUAWEI  : Costo=3841 R=9247 -> Venta=5300 [ok]
[5940/10892] HUAWEI FLEX SENSOR HUELLA DIGITAL HUAWEI  : Costo=5289 R=12733 -> Venta=8300 [ok]
[5941/10892] HUAWEI FLEX SENSOR HUELLA DIGITAL HUAWEI  : Costo=2246 R=5407 -> Venta=3700 [ok]
[5942/10892] HUAWEI FLEX SENSOR HUELLA DIGITAL HUAWEI  : Costo=5697 R=13713 -> Venta=8700 [ok]
[5943/10892] HUAWEI FLEX SENSOR HUELLA DIGITAL HUAWEI  : Costo=3208 R=7720 -> Venta=4700 [ok]
[5944/10892] HUAWEI FLEX SENSOR HUELLA DIGITAL HUAWEI  : Costo=6295 R=15155 -> Venta=9300 [ok]
[5945/10892] HONOR FLEX SENSOR HUELLA DIGITAL HONOR X  : Costo=1776 R=3897 -> Venta=3300 [ok]
[5946/10892] HONOR FLEX SENSOR HUELLA DIGITAL HONOR X  : Costo=2183 R=4791 -> Venta=3700 [ok]
[5947/10892] HONOR FLEX SENSOR HUELLA DIGITAL HONOR X  : Costo=1776 R=3897 -> Venta=3300 [ok]
[5948/10892] HONOR FLEX SENSOR HUELLA DIGITAL HONOR 7  : Costo=2841 R=6119 -> Venta=4300 [ok]
[5949/10892] HONOR FLEX SENSOR HUELLA DIGITAL HONOR 5  : Costo=3056 R=7356 -> Venta=4600 [ok]
[5950/10892] HONOR FLEX SENSOR HUELLA DIGITAL HONOR 5  : Costo=3208 R=7720 -> Venta=4700 [ok]
[5951/10892] HONOR FLEX SENSOR HUELLA DIGITAL HONOR 5  : Costo=3208 R=7720 -> Venta=4700 [ok]
[5952/10892] HONOR FLEX SENSOR HUELLA DIGITAL HONOR 5  : Costo=3027 R=7285 -> Venta=4500 [ok]
[5953/10892] HONOR FLEX SENSOR HUELLA DIGITAL HONOR 5  : Costo=2938 R=7073 -> Venta=4400 [ok]
[5954/10892] XIAOMI FLEX SENSOR HUELLA DIGITAL ENCEND  : Costo=1942 R=4474 -> Venta=3400 [ok]
[5955/10892] XIAOMI FLEX SENSOR HUELLA DIGITAL ENCEND  : Costo=1942 R=4474 -> Venta=3400 [ok]
[5956/10892] XIAOMI FLEX SENSOR HUELLA DIGITAL ENCEND  : Costo=1942 R=4474 -> Venta=3400 [ok]
[5957/10892] Samsung FLEX SENSOR HUELLA DIGITAL ENCEN  : Costo=5138 R=12125 -> Venta=8100 [ok]
[5958/10892] Samsung FLEX SENSOR HUELLA DIGITAL ENCEN  : Costo=4439 R=10978 -> Venta=5900 [ok]
[5959/10892] Samsung FLEX SENSOR HUELLA DIGITAL ENCEN  : Costo=4439 R=10475 -> Venta=5900 [ok]
[5960/10892] Samsung FLEX SENSOR HUELLA DIGITAL ENCEN  : Costo=4439 R=10978 -> Venta=5900 [ok]
[5961/10892] Samsung FLEX SENSOR HUELLA DIGITAL DIGIT  : Costo=687 R=630 -> Venta=2200 [ok]
[5962/10892] Samsung FLEX SENSOR HUELLA DIGITAL DIGIT  : Costo=4078 R=9818 -> Venta=5600 [ok]
[5963/10892] Samsung FLEX SENSOR HUELLA DIGITAL DIGIT  : Costo=707 R=1524 -> Venta=2200 [ok]
[5964/10892] HONOR FLEX SENSOR HUELLA DIGITAL DIGITAL  : Costo=7164 R=15724 -> Venta=10200 [ok]
[5965/10892] HONOR FLEX SENSOR HUELLA DIGITAL DIGITAL  : Costo=7164 R=15724 -> Venta=10200 [ok]
[5966/10892] HONOR FLEX SENSOR HUELLA DIGITAL DIGITAL  : Costo=2162 R=4745 -> Venta=3700 [ok]
[5967/10892] HONOR FLEX SENSOR HUELLA DIGITAL DIGITAL  : Costo=7164 R=15724 -> Venta=10200 [ok]
[5968/10892] HONOR FLEX SENSOR HUELLA DIGITAL DIGITAL  : Costo=2291 R=5029 -> Venta=3800 [ok]
[5969/10892] HONOR FLEX SENSOR HUELLA DIGITAL DIGITAL  : Costo=1503 R=3632 -> Venta=3000 [ok]
[5970/10892] HONOR FLEX SENSOR HUELLA DIGITAL DIGITAL  : Costo=3034 R=7334 -> Venta=4500 [ok]
[5971/10892] HUAWEI FLEX SENSOR HUELLA DIGITAL CONECT  : Costo=1700 R=756 -> Venta=3200 [ok]
[5972/10892] HUAWEI FLEX SENSOR HUELLA DIGITAL CONECT  : Costo=1769 R=3810 -> Venta=3300 [ok]
[5973/10892] HUAWEI FLEX SENSOR HUELLA DIGITAL CONECT  : Costo=1946 R=4164 -> Venta=3400 [ok]
[5974/10892] HUAWEI FLEX SENSOR HUELLA DIGITAL CONECT  : Costo=3343 R=8047 -> Venta=4800 [ok]
[5975/10892] HUAWEI FLEX SENSOR HUELLA DIGITAL CONECT  : Costo=700 R=1510 -> Venta=2200 [ok]
[5976/10892] XIAOMI FLEX SENSOR HUELLA DIGITAL BOTON   : Costo=2128 R=5022 -> Venta=3600 [ok]
[5977/10892] XIAOMI FLEX SENSOR HUELLA DIGITAL BOTON   : Costo=2047 R=4829 -> Venta=3500 [ok]
[5978/10892] XIAOMI FLEX SENSOR HUELLA DIGITAL BOTON   : Costo=2342 R=5527 -> Venta=3800 [ok]
[5979/10892] XIAOMI FLEX SENSOR HUELLA DIGITAL BOTON   : Costo=1637 R=3864 -> Venta=3100 [ok]
[5980/10892] XIAOMI FLEX SENSOR HUELLA DIGITAL BOTON   : Costo=4158 R=9813 -> Venta=5700 [ok]
[5981/10892] XIAOMI FLEX SENSOR HUELLA DIGITAL BOTON   : Costo=1784 R=4209 -> Venta=3300 [ok]
[5982/10892] XIAOMI FLEX SENSOR HUELLA DIGITAL BOTON   : Costo=2938 R=2938 -> Venta=4400 [ok]
[5983/10892] Samsung FLEX SENSOR HUELLA DIGITAL BOTON  : Costo=3093 R=7299 -> Venta=4600 [ok]
[5984/10892] Samsung FLEX SENSOR HUELLA DIGITAL BOTON  : Costo=2919 R=6887 -> Venta=4400 [ok]
[5985/10892] Samsung FLEX SENSOR HUELLA DIGITAL BOTON  : Costo=2620 R=6181 -> Venta=4100 [ok]
[5986/10892] Samsung FLEX SENSOR HUELLA DIGITAL BOTON  : Costo=2204 R=4911 -> Venta=3700 [ok]
[5987/10892] Samsung FLEX SENSOR HUELLA DIGITAL BOTON  : Costo=2729 R=6016 -> Venta=4200 [ok]
[5988/10892] Samsung FLEX SENSOR HUELLA DIGITAL BOTON  : Costo=2729 R=5989 -> Venta=4200 [ok]
[5989/10892] Samsung FLEX SENSOR HUELLA DIGITAL BOTON  : Costo=2368 R=5220 -> Venta=3900 [ok]
[5990/10892] Samsung FLEX SENSOR HUELLA DIGITAL BOTON  : Costo=2368 R=2368 -> Venta=3900 [ok]
[5991/10892] Samsung FLEX SENSOR HUELLA DIGITAL BOTON  : Costo=8644 R=20806 -> Venta=11600 [ok]
[5992/10892] Samsung FLEX SENSOR HUELLA DIGITAL BOTON  : Costo=8644 R=20806 -> Venta=11600 [ok]
[5993/10892] Samsung FLEX SENSOR HUELLA DIGITAL BOTON  : Costo=2072 R=2959 -> Venta=3600 [ok]
[5994/10892] Samsung FLEX SENSOR HUELLA DIGITAL BOTON  : Costo=4143 R=9972 -> Venta=5600 [ok]
[5995/10892] Samsung FLEX SENSOR HUELLA DIGITAL BOTON  : Costo=5060 R=12232 -> Venta=8100 [ok]
[5996/10892] Samsung FLEX SENSOR HUELLA DIGITAL BOTON  : Costo=5108 R=12347 -> Venta=8100 [ok]
[5997/10892] HONOR FLEX SENSOR HUELLA DIGITAL BOTON E  : Costo=1574 R=3715 -> Venta=3100 [ok]
[5998/10892] HONOR FLEX SENSOR HUELLA DIGITAL BOTON E  : Costo=1719 R=4055 -> Venta=3200 [ok]
[5999/10892] HONOR FLEX SENSOR HUELLA DIGITAL BOTON E  : Costo=1574 R=3715 -> Venta=3100 [ok]
[6000/10892] HONOR FLEX SENSOR HUELLA DIGITAL BOTON E  : Costo=1574 R=3715 -> Venta=3100 [ok]
[6001/10892] HUAWEI FLEX SENSOR HUELLA DIGITAL  HUAWE  : Costo=557 R=1314 -> Venta=2100 [ok]
[6002/10892] HUAWEI FLEX SENSOR HUAWEI MATE 40 PRO MA  : Costo=5821 R=14013 -> Venta=8800 [ok]
[6003/10892] HUAWEI FLEX SENSOR HUAWEI MATE 40         : Costo=1470 R=3538 -> Venta=3000 [ok]
[6004/10892] APPLE FLEX SENSOR GRAVEDAD APPLE WATCH S  : Costo=703 R=1513 -> Venta=2200 [ok]
[6005/10892] APPLE FLEX SENSOR GRAVEDAD APPLE WATCH S  : Costo=1302 R=2803 -> Venta=2800 [ok]
[6006/10892] APPLE FLEX SENSOR GRAVEDAD APPLE WATCH S  : Costo=3748 R=9022 -> Venta=5200 [ok]
[6007/10892] APPLE FLEX SENSOR GRAVEDAD APPLE WATCH S  : Costo=1874 R=4511 -> Venta=3400 [ok]
[6008/10892] APPLE FLEX SENSOR GRAVEDAD APPLE WATCH S  : Costo=1874 R=4511 -> Venta=3400 [ok]
[6009/10892] APPLE FLEX SENSOR GRAVEDAD APPLE WATCH S  : Costo=1458 R=3509 -> Venta=3000 [ok]
[6010/10892] APPLE FLEX SENSOR GRAVEDAD APPLE WATCH S  : Costo=1748 R=4208 -> Venta=3200 [ok]
[6011/10892] APPLE FLEX SENSOR GRAVEDAD APPLE WATCH S  : Costo=1458 R=3509 -> Venta=3000 [ok]
[6012/10892] APPLE FLEX SENSOR GRAVEDAD APPLE WATCH S  : Costo=1458 R=3509 -> Venta=3000 [ok]
[6013/10892] HONOR FLEX SENSOR  HUELLA DIGITAL HONOR   : Costo=2938 R=7073 -> Venta=4400 [ok]
[6014/10892] HONOR FLEX SENSOR  HUELLA DIGITAL HONOR   : Costo=3362 R=8093 -> Venta=4900 [ok]
[6015/10892] HONOR FLEX SENSOR  HUELLA DIGITAL HONOR   : Costo=3056 R=7356 -> Venta=4600 [ok]
[6016/10892] HONOR FLEX SENSOR  HUELLA DIGITAL HONOR   : Costo=3056 R=7356 -> Venta=4600 [ok]
[6017/10892] HONOR FLEX SENSOR  HUELLA DIGITAL HONOR   : Costo=2486 R=5984 -> Venta=4000 [ok]
[6018/10892] Samsung FLEX RACK PIN CARGA SAMSUNG GALA  : Costo=2762 R=6648 -> Venta=4300 [ok]
[6019/10892] HUAWEI FLEX RACK DE CARGA Y70 PLUS NOVA   : Costo=1986 R=4781 -> Venta=3500 [ok]
[6020/10892] XIAOMI FLEX RACK DE CARGA XIAOMI REDMI N  : Costo=2519 R=5528 -> Venta=4000 [ok]
[6021/10892] XIAOMI FLEX RACK DE CARGA XIAOMI REDMI N  : Costo=3148 R=6910 -> Venta=4600 [ok]
[6022/10892] XIAOMI FLEX RACK DE CARGA XIAOMI REDMI N  : Costo=2348 R=5651 -> Venta=3800 [ok]
[6023/10892] XIAOMI FLEX RACK DE CARGA XIAOMI REDMI N  : Costo=4407 R=4407 -> Venta=5900 [ok]
[6024/10892] XIAOMI FLEX RACK DE CARGA XIAOMI REDMI N  : Costo=1029 R=1469 -> Venta=2500 [ok]
[6025/10892] XIAOMI FLEX RACK DE CARGA XIAOMI REDMI N  : Costo=3749 R=8227 -> Venta=5200 [ok]
[6026/10892] XIAOMI FLEX RACK DE CARGA XIAOMI REDMI N  : Costo=1716 R=3699 -> Venta=3200 [ok]
[6027/10892] XIAOMI FLEX RACK DE CARGA XIAOMI REDMI N  : Costo=8350 R=20103 -> Venta=11400 [ok]
[6028/10892] XIAOMI FLEX RACK DE CARGA XIAOMI REDMI N  : Costo=2427 R=5867 -> Venta=3900 [ok]
[6029/10892] XIAOMI FLEX RACK DE CARGA XIAOMI REDMI N  : Costo=1877 R=4042 -> Venta=3400 [ok]
[6030/10892] XIAOMI FLEX RACK DE CARGA XIAOMI REDMI N  : Costo=2204 R=5305 -> Venta=3700 [ok]
[6031/10892] XIAOMI FLEX RACK DE CARGA XIAOMI REDMI N  : Costo=1547 R=3334 -> Venta=3000 [ok]
[6032/10892] XIAOMI FLEX RACK DE CARGA XIAOMI REDMI N  : Costo=2194 R=3157 -> Venta=3700 [ok]
[6033/10892] XIAOMI FLEX RACK DE CARGA XIAOMI REDMI N  : Costo=1403 R=3020 -> Venta=2900 [ok]
[6034/10892] XIAOMI FLEX RACK DE CARGA XIAOMI REDMI K  : Costo=6958 R=16753 -> Venta=10000 [ok]
[6035/10892] XIAOMI FLEX RACK DE CARGA XIAOMI REDMI A  : Costo=1706 R=1365 -> Venta=3200 [ok]
[6036/10892] XIAOMI FLEX RACK DE CARGA XIAOMI REDMI A  : Costo=1897 R=2729 -> Venta=3400 [ok]
[6037/10892] XIAOMI FLEX RACK DE CARGA XIAOMI REDMI A  : Costo=1398 R=3014 -> Venta=2900 [ok]
[6038/10892] XIAOMI FLEX RACK DE CARGA XIAOMI REDMI 1  : Costo=3711 R=8145 -> Venta=5200 [ok]
[6039/10892] XIAOMI FLEX RACK DE CARGA XIAOMI REDMI 1  : Costo=2565 R=5629 -> Venta=4100 [ok]
[6040/10892] XIAOMI FLEX RACK DE CARGA XIAOMI REDMI 1  : Costo=2188 R=5289 -> Venta=3700 [ok]
[6041/10892] XIAOMI FLEX RACK DE CARGA XIAOMI REDMI 1  : Costo=1547 R=3334 -> Venta=3000 [ok]
[6042/10892] XIAOMI FLEX RACK DE CARGA XIAOMI REDMI 1  : Costo=3208 R=7040 -> Venta=4700 [ok]
[6043/10892] XIAOMI FLEX RACK DE CARGA XIAOMI REDMI 1  : Costo=1796 R=4322 -> Venta=3300 [ok]
[6044/10892] XIAOMI FLEX RACK DE CARGA XIAOMI POCO X5  : Costo=4851 R=10648 -> Venta=6400 [ok]
[6045/10892] XIAOMI FLEX RACK DE CARGA XIAOMI POCO X3  : Costo=1858 R=4001 -> Venta=3400 [ok]
[6046/10892] XIAOMI FLEX RACK DE CARGA XIAOMI POCO X3  : Costo=2938 R=4198 -> Venta=4400 [ok]
[6047/10892] XIAOMI FLEX RACK DE CARGA XIAOMI POCO M4  : Costo=4620 R=10141 -> Venta=6100 [ok]
[6048/10892] XIAOMI FLEX RACK DE CARGA XIAOMI POCO F3  : Costo=2334 R=3358 -> Venta=3800 [ok]
[6049/10892] XIAOMI FLEX RACK DE CARGA XIAOMI NOTE 13  : Costo=3853 R=8458 -> Venta=5400 [ok]
[6050/10892] Samsung FLEX RACK DE CARGA SENSORES MENU  : Costo=1972 R=4767 -> Venta=3500 [ok]
[6051/10892] Samsung FLEX RACK DE CARGA SENSORES HOME  : Costo=1754 R=3777 -> Venta=3300 [ok]
[6052/10892] Samsung FLEX RACK DE CARGA SAMSUNG GALAX  : Costo=2563 R=6170 -> Venta=4100 [ok]
[6053/10892] Samsung FLEX RACK DE CARGA SAMSUNG GALAX  : Costo=4340 R=10448 -> Venta=5800 [ok]
[6054/10892] Samsung FLEX RACK DE CARGA SAMSUNG GALAX  : Costo=2104 R=5084 -> Venta=3600 [ok]
[6055/10892] Samsung FLEX RACK DE CARGA SAMSUNG GALAX  : Costo=15498 R=37313 -> Venta=19400 [ok]
[6056/10892] Samsung FLEX RACK DE CARGA SAMSUNG GALAX  : Costo=12484 R=30056 -> Venta=15600 [ok]
[6057/10892] Samsung FLEX RACK DE CARGA SAMSUNG GALAX  : Costo=10074 R=10074 -> Venta=13100 [ok]
[6058/10892] Samsung FLEX RACK DE CARGA SAMSUNG GALAX  : Costo=2645 R=5667 -> Venta=4100 [ok]
[6059/10892] Samsung FLEX RACK DE CARGA SAMSUNG GALAX  : Costo=4340 R=9526 -> Venta=5800 [ok]
[6060/10892] Samsung FLEX RACK DE CARGA SAMSUNG GALAX  : Costo=5247 R=5247 -> Venta=8200 [ok]
[6061/10892] Samsung FLEX RACK DE CARGA SAMSUNG GALAX  : Costo=1897 R=4584 -> Venta=3400 [ok]
[6062/10892] Samsung FLEX RACK DE CARGA SAMSUNG GALAX  : Costo=2042 R=2938 -> Venta=3500 [ok]
[6063/10892] Samsung FLEX RACK DE CARGA SAMSUNG GALAX  : Costo=752 R=1816 -> Venta=2300 [ok]
[6064/10892] Samsung FLEX RACK DE CARGA SAMSUNG GALAX  : Costo=5598 R=13476 -> Venta=8600 [ok]
[6065/10892] Samsung FLEX RACK DE CARGA SAMSUNG GALAX  : Costo=7585 R=10913 -> Venta=10600 [ok]
[6066/10892] Samsung FLEX RACK DE CARGA SAMSUNG GALAX  : Costo=9740 R=23445 -> Venta=12700 [ok]
[6067/10892] Samsung FLEX RACK DE CARGA SAMSUNG GALAX  : Costo=6610 R=15913 -> Venta=9600 [ok]
[6068/10892] Samsung FLEX RACK DE CARGA SAMSUNG GALAX  : Costo=2445 R=5885 -> Venta=3900 [ok]
[6069/10892] Samsung FLEX RACK DE CARGA SAMSUNG GALAX  : Costo=6310 R=15252 -> Venta=9300 [ok]
[6070/10892] Samsung FLEX RACK DE CARGA SAMSUNG GALAX  : Costo=6010 R=14526 -> Venta=9000 [ok]
[6071/10892] Samsung FLEX RACK DE CARGA SAMSUNG GALAX  : Costo=3452 R=8310 -> Venta=5000 [ok]
[6072/10892] Samsung FLEX RACK DE CARGA SAMSUNG GALAX  : Costo=6294 R=15149 -> Venta=9300 [ok]
[6073/10892] Samsung FLEX RACK DE CARGA SAMSUNG GALAX  : Costo=5347 R=12872 -> Venta=8300 [ok]
[6074/10892] Samsung FLEX RACK DE CARGA SAMSUNG GALAX  : Costo=3005 R=7263 -> Venta=4500 [ok]
[6075/10892] Samsung FLEX RACK DE CARGA SAMSUNG GALAX  : Costo=3005 R=7263 -> Venta=4500 [ok]
[6076/10892] Samsung FLEX RACK DE CARGA SAMSUNG GALAX  : Costo=2498 R=6012 -> Venta=4000 [ok]
[6077/10892] Samsung FLEX RACK DE CARGA SAMSUNG GALAX  : Costo=7334 R=17653 -> Venta=10300 [ok]
[6078/10892] Samsung FLEX RACK DE CARGA SAMSUNG GALAX  : Costo=6388 R=15378 -> Venta=9400 [ok]
[6079/10892] Samsung FLEX RACK DE CARGA SAMSUNG GALAX  : Costo=2085 R=5018 -> Venta=3600 [ok]
[6080/10892] Samsung FLEX RACK DE CARGA SAMSUNG GALAX  : Costo=8747 R=21059 -> Venta=11700 [ok]
[6081/10892] Samsung FLEX RACK DE CARGA SAMSUNG GALAX  : Costo=4906 R=11811 -> Venta=6400 [ok]
[6082/10892] Samsung FLEX RACK DE CARGA SAMSUNG GALAX  : Costo=8955 R=21559 -> Venta=12000 [ok]
[6083/10892] Samsung FLEX RACK DE CARGA SAMSUNG GALAX  : Costo=4271 R=10282 -> Venta=5800 [ok]
[6084/10892] Samsung FLEX RACK DE CARGA SAMSUNG GALAX  : Costo=3514 R=8459 -> Venta=5000 [ok]
[6085/10892] Samsung FLEX RACK DE CARGA SAMSUNG GALAX  : Costo=2023 R=4360 -> Venta=3500 [ok]
[6086/10892] Samsung FLEX RACK DE CARGA SAMSUNG GALAX  : Costo=5571 R=13411 -> Venta=8600 [ok]
[6087/10892] Samsung FLEX RACK DE CARGA SAMSUNG GALAX  : Costo=4457 R=10729 -> Venta=6000 [ok]
[6088/10892] Samsung FLEX RACK DE CARGA SAMSUNG GALAX  : Costo=3396 R=8177 -> Venta=4900 [ok]
[6089/10892] Samsung FLEX RACK DE CARGA SAMSUNG GALAX  : Costo=7392 R=16225 -> Venta=10400 [ok]
[6090/10892] Samsung FLEX RACK DE CARGA SAMSUNG GALAX  : Costo=4340 R=10448 -> Venta=5800 [ok]
[6091/10892] Samsung FLEX RACK DE CARGA SAMSUNG GALAX  : Costo=8820 R=21230 -> Venta=11800 [ok]
[6092/10892] Samsung FLEX RACK DE CARGA SAMSUNG GALAX  : Costo=12269 R=29539 -> Venta=15300 [ok]
[6093/10892] Samsung FLEX RACK DE CARGA SAMSUNG GALAX  : Costo=2210 R=3157 -> Venta=3700 [ok]
[6094/10892] Samsung FLEX RACK DE CARGA SAMSUNG GALAX  : Costo=3867 R=9307 -> Venta=5400 [ok]
[6095/10892] Samsung FLEX RACK DE CARGA SAMSUNG GALAX  : Costo=6723 R=16186 -> Venta=9700 [ok]
[6096/10892] Samsung FLEX RACK DE CARGA SAMSUNG GALAX  : Costo=6716 R=16169 -> Venta=9700 [ok]
[6097/10892] Samsung FLEX RACK DE CARGA SAMSUNG GALAX  : Costo=1973 R=1973 -> Venta=3500 [ok]
[6098/10892] Samsung FLEX RACK DE CARGA SAMSUNG GALAX  : Costo=3453 R=4932 -> Venta=5000 [ok]
[6099/10892] Samsung FLEX RACK DE CARGA SAMSUNG GALAX  : Costo=9580 R=23065 -> Venta=12600 [ok]
[6100/10892] Samsung FLEX RACK DE CARGA SAMSUNG GALAX  : Costo=4170 R=10036 -> Venta=5700 [ok]
[6101/10892] Samsung FLEX RACK DE CARGA SAMSUNG GALAX  : Costo=3208 R=7720 -> Venta=4700 [ok]
[6102/10892] Samsung FLEX RACK DE CARGA SAMSUNG GALAX  : Costo=13225 R=31841 -> Venta=16500 [ok]
[6103/10892] Samsung FLEX RACK DE CARGA SAMSUNG GALAX  : Costo=6128 R=14752 -> Venta=9100 [ok]
[6104/10892] Samsung FLEX RACK DE CARGA SAMSUNG GALAX  : Costo=1469 R=2099 -> Venta=3000 [ok]
[6105/10892] Samsung FLEX RACK DE CARGA SAMSUNG GALAX  : Costo=3673 R=5247 -> Venta=5200 [ok]
[6106/10892] Samsung FLEX RACK DE CARGA SAMSUNG GALAX  : Costo=2291 R=5029 -> Venta=3800 [ok]
[6107/10892] Samsung FLEX RACK DE CARGA SAMSUNG GALAX  : Costo=4889 R=11769 -> Venta=6400 [ok]
[6108/10892] Samsung FLEX RACK DE CARGA SAMSUNG GALAX  : Costo=4330 R=10422 -> Venta=5800 [ok]
[6109/10892] Samsung FLEX RACK DE CARGA SAMSUNG GALAX  : Costo=2101 R=4525 -> Venta=3600 [ok]
[6110/10892] Samsung FLEX RACK DE CARGA SAMSUNG GALAX  : Costo=8156 R=19636 -> Venta=11200 [ok]
[6111/10892] Samsung FLEX RACK DE CARGA SAMSUNG GALAX  : Costo=4854 R=11734 -> Venta=6400 [ok]
[6112/10892] Samsung FLEX RACK DE CARGA SAMSUNG GALAX  : Costo=4124 R=8825 -> Venta=5600 [ok]
[6113/10892] Samsung FLEX RACK DE CARGA SAMSUNG GALAX  : Costo=2004 R=4316 -> Venta=3500 [ok]
[6114/10892] Samsung FLEX RACK DE CARGA SAMSUNG GALAX  : Costo=4084 R=5876 -> Venta=5600 [ok]
[6115/10892] Samsung FLEX RACK DE CARGA SAMSUNG GALAX  : Costo=1167 R=1679 -> Venta=2700 [ok]
[6116/10892] Samsung FLEX RACK DE CARGA SAMSUNG GALAX  : Costo=5110 R=12299 -> Venta=8100 [ok]
[6117/10892] Samsung FLEX RACK DE CARGA SAMSUNG GALAX  : Costo=2057 R=2938 -> Venta=3600 [ok]
[6118/10892] Samsung FLEX RACK DE CARGA SAMSUNG GALAX  : Costo=3291 R=8262 -> Venta=4800 [ok]
[6119/10892] Samsung FLEX RACK DE CARGA SAMSUNG GALAX  : Costo=3017 R=7291 -> Venta=4500 [ok]
[6120/10892] Samsung FLEX RACK DE CARGA SAMSUNG GALAX  : Costo=5891 R=12699 -> Venta=8900 [ok]
[6121/10892] Samsung FLEX RACK DE CARGA SAMSUNG GALAX  : Costo=1830 R=1679 -> Venta=3300 [ok]
[6122/10892] Samsung FLEX RACK DE CARGA SAMSUNG GALAX  : Costo=4584 R=11033 -> Venta=6100 [ok]
[6123/10892] Samsung FLEX RACK DE CARGA SAMSUNG GALAX  : Costo=4009 R=9650 -> Venta=5500 [ok]
[6124/10892] Samsung FLEX RACK DE CARGA SAMSUNG GALAX  : Costo=3967 R=5667 -> Venta=5500 [ok]
[6125/10892] Samsung FLEX RACK DE CARGA SAMSUNG GALAX  : Costo=3514 R=8459 -> Venta=5000 [ok]
[6126/10892] Samsung FLEX RACK DE CARGA SAMSUNG GALAX  : Costo=3176 R=7646 -> Venta=4700 [ok]
[6127/10892] Samsung FLEX RACK DE CARGA SAMSUNG GALAX  : Costo=1036 R=1480 -> Venta=2500 [ok]
[6128/10892] Samsung FLEX RACK DE CARGA SAMSUNG GALAX  : Costo=1910 R=4112 -> Venta=3400 [ok]
[6129/10892] Samsung FLEX RACK DE CARGA SAMSUNG GALAX  : Costo=2004 R=4316 -> Venta=3500 [ok]
[6130/10892] Samsung FLEX RACK DE CARGA SAMSUNG GALAX  : Costo=3681 R=8862 -> Venta=5200 [ok]
[6131/10892] Samsung FLEX RACK DE CARGA SAMSUNG GALAX  : Costo=2047 R=4408 -> Venta=3500 [ok]
[6132/10892] Samsung FLEX RACK DE CARGA SAMSUNG GALAX  : Costo=3367 R=8106 -> Venta=4900 [ok]
[6133/10892] Samsung FLEX RACK DE CARGA SAMSUNG GALAX  : Costo=1910 R=4112 -> Venta=3400 [ok]
[6134/10892] Samsung FLEX RACK DE CARGA SAMSUNG GALAX  : Costo=960 R=1381 -> Venta=2500 [ok]
[6135/10892] Samsung FLEX RACK DE CARGA SAMSUNG GALAX  : Costo=2368 R=5196 -> Venta=3900 [ok]
[6136/10892] Samsung FLEX RACK DE CARGA SAMSUNG GALAX  : Costo=3368 R=8106 -> Venta=4900 [ok]
[6137/10892] Samsung FLEX RACK DE CARGA SAMSUNG GALAX  : Costo=3647 R=8814 -> Venta=5100 [ok]
[6138/10892] Samsung FLEX RACK DE CARGA SAMSUNG GALAX  : Costo=3146 R=7575 -> Venta=4600 [ok]
[6139/10892] Samsung FLEX RACK DE CARGA SAMSUNG GALAX  : Costo=1785 R=3847 -> Venta=3300 [ok]
[6140/10892] Samsung FLEX RACK DE CARGA SAMSUNG GALAX  : Costo=1830 R=1679 -> Venta=3300 [ok]
[6141/10892] Samsung FLEX RACK DE CARGA SAMSUNG GALAX  : Costo=1602 R=1469 -> Venta=3100 [ok]
[6142/10892] Samsung FLEX RACK DE CARGA SAMSUNG GALAX  : Costo=4113 R=9902 -> Venta=5600 [ok]
[6143/10892] Samsung FLEX RACK DE CARGA SAMSUNG GALAX  : Costo=1036 R=2493 -> Venta=2500 [ok]
[6144/10892] Samsung FLEX RACK DE CARGA SAMSUNG GALAX  : Costo=4278 R=10298 -> Venta=5800 [ok]
[6145/10892] Samsung FLEX RACK DE CARGA SAMSUNG GALAX  : Costo=3609 R=7722 -> Venta=5100 [ok]
[6146/10892] Samsung FLEX RACK DE CARGA SAMSUNG GALAX  : Costo=4161 R=10018 -> Venta=5700 [ok]
[6147/10892] Samsung FLEX RACK DE CARGA SAMSUNG GALAX  : Costo=1717 R=3697 -> Venta=3200 [ok]
[6148/10892] Samsung FLEX RACK DE CARGA SAMSUNG GALAX  : Costo=1986 R=4781 -> Venta=3500 [ok]
[6149/10892] NOKIA FLEX RACK DE CARGA NOKIA G21        : Costo=2125 R=4548 -> Venta=3600 [ok]
[6150/10892] NOKIA FLEX RACK DE CARGA NOKIA G10 G20    : Costo=2220 R=4750 -> Venta=3700 [ok]
[6151/10892] NOKIA FLEX RACK DE CARGA NOKIA C32        : Costo=2220 R=4750 -> Venta=3700 [ok]
[6152/10892] NOKIA FLEX RACK DE CARGA NOKIA C21 PLUS   : Costo=2838 R=6626 -> Venta=4300 [ok]
[6153/10892] NOKIA FLEX RACK DE CARGA NOKIA 6.2        : Costo=1952 R=4203 -> Venta=3500 [ok]
[6154/10892] MOTOROLA FLEX RACK DE CARGA MOTOROLA ONE  : Costo=2275 R=4899 -> Venta=3800 [ok]
[6155/10892] MOTOROLA FLEX RACK DE CARGA MOTOROLA ONE  : Costo=1844 R=3970 -> Venta=3300 [ok]
[6156/10892] MOTOROLA FLEX RACK DE CARGA MOTOROLA ONE  : Costo=1807 R=3891 -> Venta=3300 [ok]
[6157/10892] MOTOROLA FLEX RACK DE CARGA MOTOROLA ONE  : Costo=2973 R=6402 -> Venta=4500 [ok]
[6158/10892] MOTOROLA FLEX RACK DE CARGA MOTOROLA ONE  : Costo=808 R=1155 -> Venta=2300 [ok]
[6159/10892] MOTOROLA FLEX RACK DE CARGA MOTOROLA ONE  : Costo=1407 R=3030 -> Venta=2900 [ok]
[6160/10892] MOTOROLA FLEX RACK DE CARGA MOTOROLA ONE  : Costo=1445 R=3111 -> Venta=2900 [ok]
[6161/10892] MOTOROLA FLEX RACK DE CARGA MOTOROLA MOT  : Costo=1493 R=3214 -> Venta=3000 [ok]
[6162/10892] MOTOROLA FLEX RACK DE CARGA MOTOROLA MOT  : Costo=1092 R=2396 -> Venta=2600 [ok]
[6163/10892] MOTOROLA FLEX RACK DE CARGA MOTOROLA MOT  : Costo=2445 R=5885 -> Venta=3900 [ok]
[6164/10892] MOTOROLA FLEX RACK DE CARGA MOTOROLA MOT  : Costo=4133 R=9951 -> Venta=5600 [ok]
[6165/10892] MOTOROLA FLEX RACK DE CARGA MOTOROLA MOT  : Costo=3747 R=9020 -> Venta=5200 [ok]
[6166/10892] MOTOROLA FLEX RACK DE CARGA MOTOROLA MOT  : Costo=1634 R=3522 -> Venta=3100 [ok]
[6167/10892] MOTOROLA FLEX RACK DE CARGA MOTOROLA MOT  : Costo=1839 R=3960 -> Venta=3300 [ok]
[6168/10892] MOTOROLA FLEX RACK DE CARGA MOTOROLA MOT  : Costo=2296 R=4945 -> Venta=3800 [ok]
[6169/10892] MOTOROLA FLEX RACK DE CARGA MOTOROLA MOT  : Costo=1804 R=3861 -> Venta=3300 [ok]
[6170/10892] MOTOROLA FLEX RACK DE CARGA MOTOROLA MOT  : Costo=1590 R=3423 -> Venta=3100 [ok]
[6171/10892] MOTOROLA FLEX RACK DE CARGA MOTOROLA MOT  : Costo=3192 R=6831 -> Venta=4700 [ok]
[6172/10892] MOTOROLA FLEX RACK DE CARGA MOTOROLA MOT  : Costo=3351 R=7170 -> Venta=4900 [ok]
[6173/10892] MOTOROLA FLEX RACK DE CARGA MOTOROLA MOT  : Costo=2456 R=5255 -> Venta=4000 [ok]
[6174/10892] MOTOROLA FLEX RACK DE CARGA MOTOROLA MOT  : Costo=1547 R=3334 -> Venta=3000 [ok]
[6175/10892] MOTOROLA FLEX RACK DE CARGA MOTOROLA MOT  : Costo=1175 R=2829 -> Venta=2700 [ok]
[6176/10892] MOTOROLA FLEX RACK DE CARGA MOTOROLA MOT  : Costo=2361 R=2194 -> Venta=3900 [ok]
[6177/10892] MOTOROLA FLEX RACK DE CARGA MOTOROLA MOT  : Costo=2379 R=5129 -> Venta=3900 [ok]
[6178/10892] MOTOROLA FLEX RACK DE CARGA MOTOROLA MOT  : Costo=1503 R=3632 -> Venta=3000 [ok]
[6179/10892] MOTOROLA FLEX RACK DE CARGA MOTOROLA MOT  : Costo=2645 R=5893 -> Venta=4100 [ok]
[6180/10892] MOTOROLA FLEX RACK DE CARGA MOTOROLA G9   : Costo=1377 R=2965 -> Venta=2900 [ok]
[6181/10892] MOTOROLA FLEX RACK DE CARGA MOTOROLA G9   : Costo=803 R=1155 -> Venta=2300 [ok]
[6182/10892] MOTOROLA FLEX RACK DE CARGA MOTOROLA G9   : Costo=2835 R=6067 -> Venta=4300 [ok]
[6183/10892] MOTOROLA FLEX RACK DE CARGA MOTOROLA G9   : Costo=2456 R=5913 -> Venta=4000 [ok]
[6184/10892] MOTOROLA FLEX RACK DE CARGA MOTOROLA G9   : Costo=2522 R=6071 -> Venta=4000 [ok]
[6185/10892] MOTOROLA FLEX RACK DE CARGA MOTOROLA G8   : Costo=1079 R=2323 -> Venta=2600 [ok]
[6186/10892] MOTOROLA FLEX RACK DE CARGA MOTOROLA G8   : Costo=2405 R=5790 -> Venta=3900 [ok]
[6187/10892] MOTOROLA FLEX RACK DE CARGA MOTOROLA G8   : Costo=1444 R=3108 -> Venta=2900 [ok]
[6188/10892] MOTOROLA FLEX RACK DE CARGA MOTOROLA G8   : Costo=1296 R=2794 -> Venta=2800 [ok]
[6189/10892] MOTOROLA FLEX RACK DE CARGA MOTOROLA G8   : Costo=1431 R=3081 -> Venta=2900 [ok]
[6190/10892] MOTOROLA FLEX RACK DE CARGA MOTOROLA G7   : Costo=1834 R=4414 -> Venta=3300 [ok]
[6191/10892] MOTOROLA FLEX RACK DE CARGA MOTOROLA G7   : Costo=1071 R=2308 -> Venta=2600 [ok]
[6192/10892] MOTOROLA FLEX RACK DE CARGA MOTOROLA G60  : Costo=2890 R=6185 -> Venta=4400 [ok]
[6193/10892] MOTOROLA FLEX RACK DE CARGA MOTOROLA G60  : Costo=2597 R=6252 -> Venta=4100 [ok]
[6194/10892] MOTOROLA FLEX RACK DE CARGA MOTOROLA G60  : Costo=1629 R=3507 -> Venta=3100 [ok]
[6195/10892] MOTOROLA FLEX RACK DE CARGA MOTOROLA G13  : Costo=3070 R=1365 -> Venta=4600 [ok]
[6196/10892] MOTOROLA FLEX RACK DE CARGA MOTOROLA G10  : Costo=2290 R=5513 -> Venta=3800 [ok]
[6197/10892] MOTOROLA FLEX RACK DE CARGA MOTOROLA G10  : Costo=1717 R=3697 -> Venta=3200 [ok]
[6198/10892] MOTOROLA FLEX RACK DE CARGA MOTOROLA G10  : Costo=1050 R=1050 -> Venta=2600 [ok]
[6199/10892] MOTOROLA FLEX RACK DE CARGA MOTOROLA G10  : Costo=2401 R=5780 -> Venta=3900 [ok]
[6200/10892] MOTOROLA FLEX RACK DE CARGA MOTOROLA G-P  : Costo=4639 R=9928 -> Venta=6100 [ok]
[6201/10892] MOTOROLA FLEX RACK DE CARGA MOTOROLA G P  : Costo=2459 R=5296 -> Venta=4000 [ok]
[6202/10892] MOTOROLA FLEX RACK DE CARGA MOTOROLA G P  : Costo=2463 R=5929 -> Venta=4000 [ok]
[6203/10892] MOTOROLA FLEX RACK DE CARGA MOTOROLA G P  : Costo=2641 R=5687 -> Venta=4100 [ok]
[6204/10892] MOTOROLA FLEX RACK DE CARGA MOTOROLA G P  : Costo=1629 R=3507 -> Venta=3100 [ok]
[6205/10892] MOTOROLA FLEX RACK DE CARGA MOTOROLA G 5  : Costo=2296 R=4945 -> Venta=3800 [ok]
[6206/10892] MOTOROLA FLEX RACK DE CARGA MOTOROLA G 5  : Costo=2940 R=6332 -> Venta=4400 [ok]
[6207/10892] MOTOROLA FLEX RACK DE CARGA MOTOROLA EDG  : Costo=2053 R=4943 -> Venta=3600 [ok]
[6208/10892] MOTOROLA FLEX RACK DE CARGA MOTOROLA E7   : Costo=1917 R=4127 -> Venta=3400 [ok]
[6209/10892] MOTOROLA FLEX RACK DE CARGA MOTOROLA E7   : Costo=1622 R=3492 -> Venta=3100 [ok]
[6210/10892] MOTOROLA FLEX RACK DE CARGA MOTOROLA E7   : Costo=1194 R=2570 -> Venta=2700 [ok]
[6211/10892] MOTOROLA FLEX RACK DE CARGA MOTOROLA E6S  : Costo=2519 R=5528 -> Venta=4000 [ok]
[6212/10892] MOTOROLA FLEX RACK DE CARGA MOTOROLA E6S  : Costo=1959 R=4192 -> Venta=3500 [ok]
[6213/10892] MOTOROLA FLEX RACK DE CARGA MOTOROLA E6   : Costo=1059 R=2280 -> Venta=2600 [ok]
[6214/10892] MOTOROLA FLEX RACK DE CARGA MOTOROLA E6   : Costo=2120 R=5104 -> Venta=3600 [ok]
[6215/10892] MOTOROLA FLEX RACK DE CARGA MOTOROLA E6   : Costo=818 R=1762 -> Venta=2300 [ok]
[6216/10892] MOTOROLA FLEX RACK DE CARGA MOTOROLA E5   : Costo=833 R=1796 -> Venta=2300 [ok]
[6217/10892] MOTOROLA FLEX RACK DE CARGA MOTOROLA E5   : Costo=1776 R=3825 -> Venta=3300 [ok]
[6218/10892] MOTOROLA FLEX RACK DE CARGA MOTOROLA E5   : Costo=825 R=1778 -> Venta=2300 [ok]
[6219/10892] MOTOROLA FLEX RACK DE CARGA MOTOROLA E5   : Costo=2251 R=4847 -> Venta=3800 [ok]
[6220/10892] MOTOROLA FLEX RACK DE CARGA MOTOROLA E4   : Costo=2004 R=4316 -> Venta=3500 [ok]
[6221/10892] MOTOROLA FLEX RACK DE CARGA MOTOROLA E4   : Costo=2124 R=4574 -> Venta=3600 [ok]
[6222/10892] MOTOROLA FLEX RACK DE CARGA MOTOROLA E4   : Costo=2543 R=5476 -> Venta=4000 [ok]
[6223/10892] MOTOROLA FLEX RACK DE CARGA MOTOROLA E3   : Costo=1622 R=3492 -> Venta=3100 [ok]
[6224/10892] MOTOROLA FLEX RACK DE CARGA MOTOROLA E22  : Costo=1373 R=1260 -> Venta=2900 [ok]
[6225/10892] MOTOROLA FLEX RACK DE CARGA MOTOROLA E20  : Costo=987 R=2165 -> Venta=2500 [ok]
[6226/10892] MOTOROLA FLEX RACK DE CARGA MOTOROLA E13  : Costo=1398 R=3014 -> Venta=2900 [ok]
[6227/10892] MOTOROLA FLEX RACK DE CARGA MOTOROLA E-2  : Costo=1457 R=3138 -> Venta=3000 [ok]
[6228/10892] Samsung FLEX RACK DE CARGA MICROFONO SEN  : Costo=2123 R=4573 -> Venta=3600 [ok]
[6229/10892] Samsung FLEX RACK DE CARGA MICROFONO SEN  : Costo=2409 R=5188 -> Venta=3900 [ok]
[6230/10892] Samsung FLEX RACK DE CARGA MICROFONO SEN  : Costo=1752 R=3773 -> Venta=3300 [ok]
[6231/10892] NOKIA FLEX RACK DE CARGA MICROFONO NOKIA  : Costo=3968 R=9552 -> Venta=5500 [ok]
[6232/10892] NOKIA FLEX RACK DE CARGA MICROFONO NOKIA  : Costo=3235 R=7788 -> Venta=4700 [ok]
[6233/10892] NOKIA FLEX RACK DE CARGA MICROFONO NOKIA  : Costo=1464 R=3153 -> Venta=3000 [ok]
[6234/10892] NOKIA FLEX RACK DE CARGA MICROFONO NOKIA  : Costo=2104 R=5084 -> Venta=3600 [ok]
[6235/10892] NOKIA FLEX RACK DE CARGA MICROFONO NOKIA  : Costo=1049 R=2258 -> Venta=2500 [ok]
[6236/10892] Samsung FLEX RACK DE CARGA MICROFONO JAC  : Costo=2974 R=6403 -> Venta=4500 [ok]
[6237/10892] Samsung FLEX RACK DE CARGA MICROFONO JAC  : Costo=4857 R=11693 -> Venta=6400 [ok]
[6238/10892] Samsung FLEX RACK DE CARGA MICROFONO JAC  : Costo=3052 R=7346 -> Venta=4600 [ok]
[6239/10892] APPLE FLEX RACK DE CARGA MICROFONO JACK   : Costo=1628 R=3918 -> Venta=3100 [ok]
[6240/10892] APPLE FLEX RACK DE CARGA MICROFONO JACK   : Costo=1821 R=3921 -> Venta=3300 [ok]
[6241/10892] APPLE FLEX RACK DE CARGA MICROFONO IPHON  : Costo=5042 R=12136 -> Venta=8000 [ok]
[6242/10892] APPLE FLEX RACK DE CARGA MICROFONO IPHON  : Costo=1986 R=4781 -> Venta=3500 [ok]
[6243/10892] APPLE FLEX RACK DE CARGA MICROFONO IPHON  : Costo=2085 R=5018 -> Venta=3600 [ok]
[6244/10892] APPLE FLEX RACK DE CARGA MICROFONO IPHON  : Costo=1751 R=2519 -> Venta=3300 [ok]
[6245/10892] APPLE FLEX RACK DE CARGA MICROFONO IPHON  : Costo=2579 R=6234 -> Venta=4100 [ok]
[6246/10892] APPLE FLEX RACK DE CARGA MICROFONO IPHON  : Costo=2165 R=5210 -> Venta=3700 [ok]
[6247/10892] APPLE FLEX RACK DE CARGA MICROFONO IPHON  : Costo=1518 R=3670 -> Venta=3000 [ok]
[6248/10892] APPLE FLEX RACK DE CARGA MICROFONO IPHON  : Costo=2579 R=6234 -> Venta=4100 [ok]
[6249/10892] APPLE FLEX RACK DE CARGA MICROFONO IPHON  : Costo=1965 R=4312 -> Venta=3500 [ok]
[6250/10892] APPLE FLEX RACK DE CARGA MICROFONO IPHON  : Costo=1528 R=3678 -> Venta=3000 [ok]
[6251/10892] APPLE FLEX RACK DE CARGA MICROFONO IPHON  : Costo=3514 R=8459 -> Venta=5000 [ok]
[6252/10892] APPLE FLEX RACK DE CARGA MICROFONO IPHON  : Costo=2387 R=5140 -> Venta=3900 [ok]
[6253/10892] APPLE FLEX RACK DE CARGA MICROFONO IPHON  : Costo=2654 R=5716 -> Venta=4200 [ok]
[6254/10892] APPLE FLEX RACK DE CARGA MICROFONO IPHON  : Costo=2566 R=6176 -> Venta=4100 [ok]
[6255/10892] APPLE FLEX RACK DE CARGA MICROFONO IPHON  : Costo=5529 R=11907 -> Venta=8500 [ok]
[6256/10892] HUAWEI FLEX RACK DE CARGA MICROFONO HUAW  : Costo=1885 R=4064 -> Venta=3400 [ok]
[6257/10892] Lg FLEX RACK DE CARGA LG K50S             : Costo=3609 R=7722 -> Venta=5100 [ok]
[6258/10892] Lg FLEX RACK DE CARGA LG K42 K52          : Costo=1202 R=2906 -> Venta=2700 [ok]
[6259/10892] Lg FLEX RACK DE CARGA LG K22 PLUS K22     : Costo=3609 R=7722 -> Venta=5100 [ok]
[6260/10892] Lg FLEX RACK DE CARGA LG K22 PLUS K22     : Costo=1419 R=3114 -> Venta=2900 [ok]
[6261/10892] Lg FLEX RACK DE CARGA LG G5 USE           : Costo=2099 R=4520 -> Venta=3600 [ok]
[6262/10892] Samsung FLEX RACK DE CARGA LECTOR SIM SA  : Costo=8321 R=20032 -> Venta=11300 [ok]
[6263/10892] Samsung FLEX RACK DE CARGA LECTOR SIM SA  : Costo=5876 R=8395 -> Venta=8900 [ok]
[6264/10892] Samsung FLEX RACK DE CARGA LECTOR SIM SA  : Costo=6388 R=15378 -> Venta=9400 [ok]
[6265/10892] Samsung FLEX RACK DE CARGA LECTOR SIM SA  : Costo=5652 R=13607 -> Venta=8700 [ok]
[6266/10892] Samsung FLEX RACK DE CARGA LECTOR SIM SA  : Costo=7141 R=17262 -> Venta=10100 [ok]
[6267/10892] Samsung FLEX RACK DE CARGA LECTOR SIM SA  : Costo=7216 R=17370 -> Venta=10200 [ok]
[6268/10892] Samsung FLEX RACK DE CARGA LECTOR SIM SA  : Costo=7216 R=17370 -> Venta=10200 [ok]
[6269/10892] Samsung FLEX RACK DE CARGA LECTOR SIM SA  : Costo=2083 R=5035 -> Venta=3600 [ok]
[6270/10892] Samsung FLEX RACK DE CARGA LECTOR SIM SA  : Costo=4278 R=10298 -> Venta=5800 [ok]
[6271/10892] HONOR FLEX RACK DE CARGA LECTOR SIM HONO  : Costo=2270 R=5464 -> Venta=3800 [ok]
[6272/10892] HONOR FLEX RACK DE CARGA LECTOR SIM HONO  : Costo=2497 R=6279 -> Venta=4000 [ok]
[6273/10892] Samsung FLEX RACK DE CARGA JACK AUDIO SA  : Costo=3714 R=8941 -> Venta=5200 [ok]
[6274/10892] Samsung FLEX RACK DE CARGA JACK AUDIO SA  : Costo=3714 R=8941 -> Venta=5200 [ok]
[6275/10892] Samsung FLEX RACK DE CARGA JACK AUDIO SA  : Costo=3147 R=7575 -> Venta=4600 [ok]
[6276/10892] Samsung FLEX RACK DE CARGA JACK AUDIO SA  : Costo=2879 R=6931 -> Venta=4400 [ok]
[6277/10892] Samsung FLEX RACK DE CARGA JACK AUDIO SA  : Costo=3819 R=8185 -> Venta=5300 [ok]
[6278/10892] Samsung FLEX RACK DE CARGA JACK AUDIO SA  : Costo=1653 R=3995 -> Venta=3200 [ok]
[6279/10892] Samsung FLEX RACK DE CARGA JACK AUDIO SA  : Costo=2003 R=4314 -> Venta=3500 [ok]
[6280/10892] Samsung FLEX RACK DE CARGA JACK AUDIO SA  : Costo=3148 R=7578 -> Venta=4600 [ok]
[6281/10892] Samsung FLEX RACK DE CARGA JACK AUDIO MI  : Costo=4625 R=11135 -> Venta=6100 [ok]
[6282/10892] Samsung FLEX RACK DE CARGA JACK AUDIO MI  : Costo=4255 R=10243 -> Venta=5800 [ok]
[6283/10892] Samsung FLEX RACK DE CARGA JACK AUDIO MI  : Costo=5204 R=12528 -> Venta=8200 [ok]
[6284/10892] Samsung FLEX RACK DE CARGA JACK AUDIO MI  : Costo=3673 R=8841 -> Venta=5200 [ok]
[6285/10892] Samsung FLEX RACK DE CARGA JACK AUDIO MI  : Costo=1593 R=3430 -> Venta=3100 [ok]
[6286/10892] Samsung FLEX RACK DE CARGA JACK AUDIO MI  : Costo=1593 R=3430 -> Venta=3100 [ok]
[6287/10892] Samsung FLEX RACK DE CARGA JACK AUDIO MI  : Costo=2004 R=4316 -> Venta=3500 [ok]
[6288/10892] Samsung FLEX RACK DE CARGA JACK AUDIO MI  : Costo=2480 R=3568 -> Venta=4000 [ok]
[6289/10892] Samsung FLEX RACK DE CARGA JACK AUDIO MI  : Costo=2705 R=6537 -> Venta=4200 [ok]
[6290/10892] Samsung FLEX RACK DE CARGA JACK AUDIO MI  : Costo=3568 R=7831 -> Venta=5100 [ok]
[6291/10892] Samsung FLEX RACK DE CARGA JACK AUDIO MI  : Costo=2047 R=4408 -> Venta=3500 [ok]
[6292/10892] Samsung FLEX RACK DE CARGA JACK AUDIO MI  : Costo=2101 R=4525 -> Venta=3600 [ok]
[6293/10892] Samsung FLEX RACK DE CARGA JACK AUDIO MI  : Costo=2194 R=5303 -> Venta=3700 [ok]
[6294/10892] Samsung FLEX RACK DE CARGA JACK AUDIO MI  : Costo=1557 R=3352 -> Venta=3100 [ok]
[6295/10892] Samsung FLEX RACK DE CARGA JACK AUDIO MI  : Costo=1663 R=3581 -> Venta=3200 [ok]
[6296/10892] Samsung FLEX RACK DE CARGA JACK AUDIO MI  : Costo=3055 R=7356 -> Venta=4600 [ok]
[6297/10892] Samsung FLEX RACK DE CARGA JACK AUDIO MI  : Costo=4002 R=9633 -> Venta=5500 [ok]
[6298/10892] APPLE FLEX RACK DE CARGA JACK AUDIO MICR  : Costo=2579 R=5554 -> Venta=4100 [ok]
[6299/10892] APPLE FLEX RACK DE CARGA JACK AUDIO MICR  : Costo=2506 R=5397 -> Venta=4000 [ok]
[6300/10892] APPLE FLEX RACK DE CARGA JACK AUDIO MICR  : Costo=2848 R=6857 -> Venta=4300 [ok]
[6301/10892] HUAWEI FLEX RACK DE CARGA JACK AUDIO MIC  : Costo=1834 R=4414 -> Venta=3300 [ok]
[6302/10892] HUAWEI FLEX RACK DE CARGA JACK AUDIO MIC  : Costo=3362 R=8091 -> Venta=4900 [ok]
[6303/10892] HUAWEI FLEX RACK DE CARGA JACK AUDIO HUA  : Costo=2238 R=5388 -> Venta=3700 [ok]
[6304/10892] HUAWEI FLEX RACK DE CARGA JACK AUDIO HUA  : Costo=3331 R=8018 -> Venta=4800 [ok]
[6305/10892] HUAWEI FLEX RACK DE CARGA JACK AUDIO HUA  : Costo=4179 R=10061 -> Venta=5700 [ok]
[6306/10892] HONOR FLEX RACK DE CARGA JACK AUDIO HUAW  : Costo=2974 R=6403 -> Venta=4500 [ok]
[6307/10892] APPLE FLEX RACK DE CARGA IPHONE 14 PRO M  : Costo=8226 R=11836 -> Venta=11200 [ok]
[6308/10892] APPLE FLEX RACK DE CARGA IPHONE 14 PRO M  : Costo=13221 R=18888 -> Venta=16500 [ok]
[6309/10892] APPLE FLEX RACK DE CARGA IPHONE 14 PRO    : Costo=7267 R=17565 -> Venta=10300 [ok]
[6310/10892] APPLE FLEX RACK DE CARGA IPHONE 14 PRO    : Costo=20842 R=50180 -> Venta=25800 [ok]
[6311/10892] APPLE FLEX RACK DE CARGA IPHONE 14 PLUS   : Costo=4971 R=7102 -> Venta=6500 [ok]
[6312/10892] APPLE FLEX RACK DE CARGA IPHONE 14        : Costo=5759 R=8286 -> Venta=8800 [ok]
[6313/10892] APPLE FLEX RACK DE CARGA IPHONE 14        : Costo=11202 R=26971 -> Venta=14200 [ok]
[6314/10892] APPLE FLEX RACK DE CARGA IPHONE 13 PRO    : Costo=8521 R=18988 -> Venta=11500 [ok]
[6315/10892] APPLE FLEX RACK DE CARGA IPHONE 13 MINI   : Costo=41534 R=99998 -> Venta=49800 [ok]
[6316/10892] APPLE FLEX RACK DE CARGA IPHONE 13        : Costo=3355 R=4827 -> Venta=4900 [ok]
[6317/10892] APPLE FLEX RACK DE CARGA IPHONE 13        : Costo=6170 R=8814 -> Venta=9200 [ok]
[6318/10892] APPLE FLEX RACK DE CARGA IPHONE 12 PRO M  : Costo=3355 R=4827 -> Venta=4900 [ok]
[6319/10892] APPLE FLEX RACK DE CARGA IPHONE 12 MINI   : Costo=4278 R=10298 -> Venta=5800 [ok]
[6320/10892] APPLE FLEX RACK DE CARGA IPHONE 12 12 PR  : Costo=4278 R=10298 -> Venta=5800 [ok]
[6321/10892] APPLE FLEX RACK DE CARGA IPHONE 11 PRO M  : Costo=35803 R=78588 -> Venta=43000 [ok]
[6322/10892] APPLE FLEX RACK DE CARGA IPHONE 11 A2221  : Costo=3232 R=7780 -> Venta=4700 [ok]
[6323/10892] APPLE FLEX RACK DE CARGA IPHONE 11 A2221  : Costo=3528 R=8492 -> Venta=5000 [ok]
[6324/10892] APPLE FLEX RACK DE CARGA IPAD PRO 12.9&q  : Costo=3305 R=7989 -> Venta=4800 [ok]
[6325/10892] APPLE FLEX RACK DE CARGA IPAD PRO 11&quo  : Costo=11193 R=26949 -> Venta=14200 [ok]
[6326/10892] APPLE FLEX RACK DE CARGA IPAD PRO 11 202  : Costo=2057 R=4407 -> Venta=3600 [ok]
[6327/10892] APPLE FLEX RACK DE CARGA IPAD MINI 6 202  : Costo=12907 R=31076 -> Venta=16100 [ok]
[6328/10892] APPLE FLEX RACK DE CARGA IPAD MINI 5 (20  : Costo=3302 R=7948 -> Venta=4800 [ok]
[6329/10892] APPLE FLEX RACK DE CARGA IPAD MINI 5 (20  : Costo=1681 R=4046 -> Venta=3200 [ok]
[6330/10892] APPLE FLEX RACK DE CARGA IPAD AIR 4 2020  : Costo=2224 R=5354 -> Venta=3700 [ok]
[6331/10892] APPLE FLEX RACK DE CARGA IPAD AIR 4       : Costo=2082 R=5013 -> Venta=3600 [ok]
[6332/10892] APPLE FLEX RACK DE CARGA IPAD AIR 2 (2&d  : Costo=1192 R=2568 -> Venta=2700 [ok]
[6333/10892] APPLE FLEX RACK DE CARGA IPAD AIR 2 (2&d  : Costo=1350 R=2908 -> Venta=2800 [ok]
[6334/10892] APPLE FLEX RACK DE CARGA IPAD AIR 2 (2&d  : Costo=4030 R=9702 -> Venta=5500 [ok]
[6335/10892] APPLE FLEX RACK DE CARGA IPAD AIR (2022)  : Costo=10071 R=24247 -> Venta=13100 [ok]
[6336/10892] APPLE FLEX RACK DE CARGA IPAD AIR (1&deg  : Costo=2085 R=5018 -> Venta=3600 [ok]
[6337/10892] APPLE FLEX RACK DE CARGA IPAD AIR  5 GEN  : Costo=2158 R=4646 -> Venta=3700 [ok]
[6338/10892] APPLE FLEX RACK DE CARGA IPAD 9.7 (2019)  : Costo=3902 R=8402 -> Venta=5400 [ok]
[6339/10892] APPLE FLEX RACK DE CARGA IPAD 9.7 (2019)  : Costo=1888 R=4543 -> Venta=3400 [ok]
[6340/10892] APPLE FLEX RACK DE CARGA IPAD 9.7 (2019)  : Costo=1528 R=3678 -> Venta=3000 [ok]
[6341/10892] APPLE FLEX RACK DE CARGA IPAD 9 IPAD 10.  : Costo=2081 R=5009 -> Venta=3600 [ok]
[6342/10892] APPLE FLEX RACK DE CARGA IPAD 5 IPAD PRO  : Costo=1764 R=4246 -> Venta=3300 [ok]
[6343/10892] APPLE FLEX RACK DE CARGA IPAD 10.2&quot;  : Costo=3356 R=8080 -> Venta=4900 [ok]
[6344/10892] APPLE FLEX RACK DE CARGA IPAD 10.2 (2019  : Costo=1924 R=4143 -> Venta=3400 [ok]
[6345/10892] APPLE FLEX RACK DE CARGA IPAD 10.2 (2019  : Costo=2123 R=4659 -> Venta=3600 [ok]
[6346/10892] APPLE FLEX RACK DE CARGA IPAD 10.2 (2019  : Costo=2520 R=5532 -> Venta=4000 [ok]
[6347/10892] HUAWEI FLEX RACK DE CARGA HUAWEI Y9S P S  : Costo=2886 R=6948 -> Venta=4400 [ok]
[6348/10892] HUAWEI FLEX RACK DE CARGA HUAWEI Y9A      : Costo=3737 R=8997 -> Venta=5200 [ok]
[6349/10892] HUAWEI FLEX RACK DE CARGA HUAWEI Y6P 202  : Costo=2501 R=5385 -> Venta=4000 [ok]
[6350/10892] HUAWEI FLEX RACK DE CARGA HUAWEI Y6P 202  : Costo=3123 R=7519 -> Venta=4600 [ok]
[6351/10892] HUAWEI FLEX RACK DE CARGA HUAWEI Y60      : Costo=1519 R=3657 -> Venta=3000 [ok]
[6352/10892] HUAWEI FLEX RACK DE CARGA HUAWEI Y3 LITE  : Costo=2409 R=5188 -> Venta=3900 [ok]
[6353/10892] HUAWEI FLEX RACK DE CARGA HUAWEI TAB MAT  : Costo=1764 R=4246 -> Venta=3300 [ok]
[6354/10892] HUAWEI FLEX RACK DE CARGA HUAWEI TAB MAT  : Costo=2352 R=5661 -> Venta=3900 [ok]
[6355/10892] HUAWEI FLEX RACK DE CARGA HUAWEI P50      : Costo=2985 R=6428 -> Venta=4500 [ok]
[6356/10892] HUAWEI FLEX RACK DE CARGA HUAWEI P40 LIT  : Costo=1349 R=3247 -> Venta=2800 [ok]
[6357/10892] HUAWEI FLEX RACK DE CARGA HUAWEI P40 LIT  : Costo=2059 R=4439 -> Venta=3600 [ok]
[6358/10892] HUAWEI FLEX RACK DE CARGA HUAWEI P40 5G   : Costo=2082 R=5013 -> Venta=3600 [ok]
[6359/10892] HUAWEI FLEX RACK DE CARGA HUAWEI P SMART  : Costo=2015 R=4850 -> Venta=3500 [ok]
[6360/10892] HUAWEI FLEX RACK DE CARGA HUAWEI NOVA Y7  : Costo=6468 R=14197 -> Venta=9500 [ok]
[6361/10892] HUAWEI FLEX RACK DE CARGA HUAWEI NOVA Y6  : Costo=3891 R=8541 -> Venta=5400 [ok]
[6362/10892] HUAWEI FLEX RACK DE CARGA HUAWEI NOVA 9S  : Costo=3056 R=7356 -> Venta=4600 [ok]
[6363/10892] HUAWEI FLEX RACK DE CARGA HUAWEI NOVA 9   : Costo=9442 R=22732 -> Venta=12400 [ok]
[6364/10892] HUAWEI FLEX RACK DE CARGA HUAWEI NOVA 9   : Costo=2480 R=5994 -> Venta=4000 [ok]
[6365/10892] HUAWEI FLEX RACK DE CARGA HUAWEI NOVA 8S  : Costo=7730 R=18610 -> Venta=10700 [ok]
[6366/10892] HUAWEI FLEX RACK DE CARGA HUAWEI NOVA 8   : Costo=7120 R=17141 -> Venta=10100 [ok]
[6367/10892] HUAWEI FLEX RACK DE CARGA HUAWEI NOVA 5T  : Costo=1849 R=4452 -> Venta=3300 [ok]
[6368/10892] HUAWEI FLEX RACK DE CARGA HUAWEI NOVA 5T  : Costo=2501 R=5385 -> Venta=4000 [ok]
[6369/10892] HUAWEI FLEX RACK DE CARGA HUAWEI NOVA 12  : Costo=13860 R=30421 -> Venta=17300 [ok]
[6370/10892] HUAWEI FLEX RACK DE CARGA HUAWEI NOVA 10  : Costo=3820 R=9194 -> Venta=5300 [ok]
[6371/10892] HUAWEI FLEX RACK DE CARGA HUAWEI MATE 40  : Costo=2058 R=4953 -> Venta=3600 [ok]
[6372/10892] HUAWEI FLEX RACK DE CARGA HUAWEI MATE 40  : Costo=2058 R=4953 -> Venta=3600 [ok]
[6373/10892] HUAWEI FLEX RACK DE CARGA HUAWEI MATE 30  : Costo=4284 R=10315 -> Venta=5800 [ok]
[6374/10892] HUAWEI FLEX RACK DE CARGA HUAWEI MATE 30  : Costo=4284 R=10315 -> Venta=5800 [ok]
[6375/10892] HUAWEI FLEX RACK DE CARGA HUAWEI HONOR 2  : Costo=3331 R=8018 -> Venta=4800 [ok]
[6376/10892] HUAWEI FLEX RACK DE CARGA HUAWEI GT3 HON  : Costo=1650 R=3556 -> Venta=3200 [ok]
[6377/10892] HUAWEI FLEX RACK DE CARGA HUAWE P40 PRO   : Costo=3498 R=7533 -> Venta=5000 [ok]
[6378/10892] HUAWEI FLEX RACK DE CARGA HUAWE P40 PRO   : Costo=1707 R=3676 -> Venta=3200 [ok]
[6379/10892] HONOR FLEX RACK DE CARGA HONOR X9 2022    : Costo=3274 R=7186 -> Venta=4800 [ok]
[6380/10892] HONOR FLEX RACK DE CARGA HONOR X8A HONOR  : Costo=2626 R=3778 -> Venta=4100 [ok]
[6381/10892] HONOR FLEX RACK DE CARGA HONOR X8 2022    : Costo=1973 R=4330 -> Venta=3500 [ok]
[6382/10892] HONOR FLEX RACK DE CARGA HONOR X7A        : Costo=2729 R=2729 -> Venta=4200 [ok]
[6383/10892] HONOR FLEX RACK DE CARGA HONOR X7 2022    : Costo=1459 R=2099 -> Venta=3000 [ok]
[6384/10892] HONOR FLEX RACK DE CARGA HONOR 70         : Costo=2792 R=6719 -> Venta=4300 [ok]
[6385/10892] XIAOMI FLEX RACK DE CARGA  XIAOMI MI 11   : Costo=2248 R=5411 -> Venta=3700 [ok]
[6386/10892] XIAOMI FLEX RACK DE CARGA  XIAOMI MI 11   : Costo=1627 R=3503 -> Venta=3100 [ok]
[6387/10892] HUAWEI FLEX RACK DE CARGA  NOVA 8         : Costo=5696 R=13713 -> Venta=8700 [ok]
[6388/10892] XIAOMI FLEX RACK CARGA XIAOMI REDMI NOTE  : Costo=1763 R=4244 -> Venta=3300 [ok]
[6389/10892] XIAOMI FLEX RACK CARGA XIAOMI REDMI NOTE  : Costo=3673 R=8841 -> Venta=5200 [ok]
[6390/10892] XIAOMI FLEX RACK CARGA XIAOMI REDMI NOTE  : Costo=2762 R=6648 -> Venta=4300 [ok]
[6391/10892] XIAOMI FLEX RACK CARGA XIAOMI REDMI NOTE  : Costo=1375 R=3310 -> Venta=2900 [ok]
[6392/10892] XIAOMI FLEX RACK CARGA XIAOMI REDMI NOTE  : Costo=1760 R=3790 -> Venta=3300 [ok]
[6393/10892] XIAOMI FLEX RACK CARGA XIAOMI REDMI NOTE  : Costo=8547 R=18760 -> Venta=11500 [ok]
[6394/10892] XIAOMI FLEX RACK CARGA XIAOMI REDMI NOTE  : Costo=2749 R=6034 -> Venta=4200 [ok]
[6395/10892] XIAOMI FLEX RACK CARGA XIAOMI REDMI NOTE  : Costo=2348 R=5651 -> Venta=3800 [ok]
[6396/10892] XIAOMI FLEX RACK CARGA XIAOMI REDMI NOTE  : Costo=1713 R=3759 -> Venta=3200 [ok]
[6397/10892] XIAOMI FLEX RACK CARGA XIAOMI REDMI 14C   : Costo=1029 R=2476 -> Venta=2500 [ok]
[6398/10892] XIAOMI FLEX RACK CARGA XIAOMI REDMI 14C   : Costo=2204 R=5305 -> Venta=3700 [ok]
[6399/10892] XIAOMI FLEX RACK CARGA XIAOMI REDMI 13C   : Costo=2204 R=5305 -> Venta=3700 [ok]
[6400/10892] XIAOMI FLEX RACK CARGA XIAOMI REDMI 12C   : Costo=1184 R=2598 -> Venta=2700 [ok]
[6401/10892] XIAOMI FLEX RACK CARGA XIAOMI REDMI 12 4  : Costo=2938 R=2938 -> Venta=4400 [ok]
[6402/10892] XIAOMI FLEX RACK CARGA XIAOMI REDMI 12 4  : Costo=2011 R=4331 -> Venta=3500 [ok]
[6403/10892] XIAOMI FLEX RACK CARGA XIAOMI MI 14T      : Costo=3514 R=8459 -> Venta=5000 [ok]
[6404/10892] XIAOMI FLEX RACK CARGA XIAOMI 13T         : Costo=967 R=2327 -> Venta=2500 [ok]
[6405/10892] Samsung FLEX RACK CARGA SAMSUNG GALAXY Z  : Costo=1796 R=4322 -> Venta=3300 [ok]
[6406/10892] Samsung FLEX RACK CARGA SAMSUNG GALAXY Z  : Costo=2072 R=4986 -> Venta=3600 [ok]
[6407/10892] Samsung FLEX RACK CARGA SAMSUNG GALAXY Z  : Costo=3218 R=7747 -> Venta=4700 [ok]
[6408/10892] Samsung FLEX RACK CARGA SAMSUNG GALAXY Z  : Costo=2210 R=5319 -> Venta=3700 [ok]
[6409/10892] Samsung FLEX RACK CARGA SAMSUNG GALAXY Z  : Costo=1987 R=4781 -> Venta=3500 [ok]
[6410/10892] Samsung FLEX RACK CARGA SAMSUNG GALAXY Z  : Costo=3895 R=8549 -> Venta=5400 [ok]
[6411/10892] Samsung FLEX RACK CARGA SAMSUNG GALAXY T  : Costo=9549 R=13641 -> Venta=12500 [ok]
[6412/10892] Samsung FLEX RACK CARGA SAMSUNG GALAXY T  : Costo=3232 R=4617 -> Venta=4700 [ok]
[6413/10892] Samsung FLEX RACK CARGA SAMSUNG GALAXY S  : Costo=6214 R=14958 -> Venta=9200 [ok]
[6414/10892] Samsung FLEX RACK CARGA SAMSUNG GALAXY S  : Costo=3896 R=9378 -> Venta=5400 [ok]
[6415/10892] Samsung FLEX RACK CARGA SAMSUNG GALAXY S  : Costo=6296 R=14858 -> Venta=9300 [ok]
[6416/10892] Samsung FLEX RACK CARGA SAMSUNG GALAXY S  : Costo=7639 R=10913 -> Venta=10600 [ok]
[6417/10892] Samsung FLEX RACK CARGA SAMSUNG GALAXY S  : Costo=2938 R=4198 -> Venta=4400 [ok]
[6418/10892] Samsung FLEX RACK CARGA SAMSUNG GALAXY S  : Costo=3379 R=4827 -> Venta=4900 [ok]
[6419/10892] Samsung FLEX RACK CARGA SAMSUNG GALAXY S  : Costo=6809 R=16390 -> Venta=9800 [ok]
[6420/10892] Samsung FLEX RACK CARGA SAMSUNG GALAXY S  : Costo=6170 R=14914 -> Venta=9200 [ok]
[6421/10892] Samsung FLEX RACK CARGA SAMSUNG GALAXY S  : Costo=4003 R=8607 -> Venta=5500 [ok]
[6422/10892] Samsung FLEX RACK CARGA SAMSUNG GALAXY N  : Costo=3694 R=3358 -> Venta=5200 [ok]
[6423/10892] Samsung FLEX RACK CARGA SAMSUNG GALAXY A  : Costo=6086 R=12111 -> Venta=9100 [ok]
[6424/10892] Samsung FLEX RACK CARGA SAMSUNG GALAXY A  : Costo=1834 R=4414 -> Venta=3300 [ok]
[6425/10892] Samsung FLEX RACK CARGA SAMSUNG GALAXY A  : Costo=3946 R=8660 -> Venta=5400 [ok]
[6426/10892] Samsung FLEX RACK CARGA SAMSUNG GALAXY A  : Costo=3778 R=1679 -> Venta=5300 [ok]
[6427/10892] Samsung FLEX RACK CARGA SAMSUNG GALAXY A  : Costo=3867 R=9307 -> Venta=5400 [ok]
[6428/10892] Samsung FLEX RACK CARGA SAMSUNG GALAXY A  : Costo=2486 R=3551 -> Venta=4000 [ok]
[6429/10892] Samsung FLEX RACK CARGA SAMSUNG GALAXY A  : Costo=1847 R=1679 -> Venta=3300 [ok]
[6430/10892] Samsung FLEX RACK CARGA SAMSUNG GALAXY A  : Costo=1736 R=3733 -> Venta=3200 [ok]
[6431/10892] Samsung FLEX RACK CARGA SAMSUNG GALAXY A  : Costo=7879 R=16968 -> Venta=10900 [ok]
[6432/10892] Samsung FLEX RACK CARGA SAMSUNG GALAXY A  : Costo=1732 R=3542 -> Venta=3200 [ok]
[6433/10892] Samsung FLEX RACK CARGA SAMSUNG A55       : Costo=4848 R=11670 -> Venta=6300 [ok]
[6434/10892] HUAWEI FLEX RACK CARGA NOVA 12I NOVA Y90  : Costo=4125 R=9930 -> Venta=5600 [ok]
[6435/10892] HUAWEI FLEX RACK CARGA NOVA 12 SE         : Costo=4278 R=10298 -> Venta=5800 [ok]
[6436/10892] MOTOROLA FLEX RACK CARGA MOTOROLA MOTO G  : Costo=2348 R=5651 -> Venta=3800 [ok]
[6437/10892] MOTOROLA FLEX RACK CARGA MOTOROLA MOTO G  : Costo=1312 R=3158 -> Venta=2800 [ok]
[6438/10892] MOTOROLA FLEX RACK CARGA MOTOROLA MOTO G  : Costo=3568 R=7831 -> Venta=5100 [ok]
[6439/10892] MOTOROLA FLEX RACK CARGA MOTOROLA MOTO G  : Costo=2886 R=1283 -> Venta=4400 [ok]
[6440/10892] MOTOROLA FLEX RACK CARGA MOTOROLA MOTO D  : Costo=1428 R=3078 -> Venta=2900 [ok]
[6441/10892] MOTOROLA FLEX RACK CARGA MOTOROLA G24 PO  : Costo=1036 R=1480 -> Venta=2500 [ok]
[6442/10892] MOTOROLA FLEX RACK CARGA MOTOROLA G24 PO  : Costo=2498 R=3568 -> Venta=4000 [ok]
[6443/10892] MOTOROLA FLEX RACK CARGA MOTOROLA EDGE 5  : Costo=3379 R=4827 -> Venta=4900 [ok]
[6444/10892] XIAOMI FLEX RACK CARGA LECTOR SIM XIAOMI  : Costo=2057 R=4951 -> Venta=3600 [ok]
[6445/10892] XIAOMI FLEX RACK CARGA LECTOR SIM XIAOMI  : Costo=1616 R=3890 -> Venta=3100 [ok]
[6446/10892] Samsung FLEX RACK CARGA LECTOR SIM SAMSU  : Costo=4834 R=11324 -> Venta=6300 [ok]
[6447/10892] Samsung FLEX RACK CARGA LECTOR SIM SAMSU  : Costo=7083 R=9444 -> Venta=10100 [ok]
[6448/10892] Samsung FLEX RACK CARGA LECTOR SIM SAMSU  : Costo=7366 R=17384 -> Venta=10400 [ok]
[6449/10892] Samsung FLEX RACK CARGA LECTOR DE SIM SA  : Costo=4972 R=11967 -> Venta=6500 [ok]
[6450/10892] Samsung FLEX RACK CARGA LECTOR DE SIM SA  : Costo=8311 R=17868 -> Venta=11300 [ok]
[6451/10892] HUAWEI FLEX RACK CARGA HUAWEI NOVA 11 PR  : Costo=7723 R=18593 -> Venta=10700 [ok]
[6452/10892] HUAWEI FLEX RACK CARGA HUAWEI NOVA 11     : Costo=8705 R=19108 -> Venta=11700 [ok]
[6453/10892] HUAWEI FLEX RACK CARGA HUAWEI NOVA 10 SE  : Costo=6460 R=9295 -> Venta=9500 [ok]
[6454/10892] HONOR FLEX RACK CARGA HUAWEI HONOR 90     : Costo=3452 R=4932 -> Venta=5000 [ok]
[6455/10892] HONOR FLEX RACK CARGA HONOR X7C HONOR 20  : Costo=3639 R=7988 -> Venta=5100 [ok]
[6456/10892] HONOR FLEX RACK CARGA HONOR X6S X6 2022   : Costo=2565 R=5629 -> Venta=4100 [ok]
[6457/10892] HONOR FLEX RACK CARGA HONOR X6B X6B PLUS  : Costo=1796 R=2565 -> Venta=3300 [ok]
[6458/10892] HONOR FLEX RACK CARGA HONOR X6A           : Costo=1897 R=2729 -> Venta=3400 [ok]
[6459/10892] HONOR FLEX RACK CARGA HONOR X5B X5B PLUS  : Costo=2565 R=5629 -> Venta=4100 [ok]
[6460/10892] HONOR FLEX RACK CARGA HONOR MAGIC 7 LITE  : Costo=4701 R=11316 -> Venta=6200 [ok]
[6461/10892] HONOR FLEX RACK CARGA HONOR MAGIC 6 PRO   : Costo=6905 R=9864 -> Venta=9900 [ok]
[6462/10892] HONOR FLEX RACK CARGA HONOR MAGIC 5 PRO   : Costo=5500 R=13240 -> Venta=8500 [ok]
[6463/10892] HONOR FLEX RACK CARGA HONOR MAGIC 5 LITE  : Costo=2938 R=4198 -> Venta=4400 [ok]
[6464/10892] HONOR FLEX RACK CARGA HONOR MAGIC 5       : Costo=4143 R=9972 -> Venta=5600 [ok]
[6465/10892] HONOR FLEX RACK CARGA HONOR 200 LITE  X8  : Costo=3453 R=8113 -> Venta=5000 [ok]
[6466/10892] HONOR FLEX RACK CARGA HONOR 200 LITE      : Costo=2292 R=5517 -> Venta=3800 [ok]
[6467/10892] HONOR FLEX RACK CARGA HONOR 200           : Costo=4407 R=10609 -> Venta=5900 [ok]
[6468/10892] XIAOMI FLEX PRINCIPAL XIAOMI XIAOMI MI 1  : Costo=2915 R=7018 -> Venta=4400 [ok]
[6469/10892] XIAOMI FLEX PRINCIPAL XIAOMI XIAOMI MI 1  : Costo=2379 R=5129 -> Venta=3900 [ok]
[6470/10892] XIAOMI FLEX PRINCIPAL XIAOMI REDMI NOTE   : Costo=1172 R=2521 -> Venta=2700 [ok]
[6471/10892] XIAOMI FLEX PRINCIPAL XIAOMI REDMI NOTE   : Costo=2519 R=5528 -> Venta=4000 [ok]
[6472/10892] XIAOMI FLEX PRINCIPAL XIAOMI REDMI NOTE   : Costo=2519 R=5528 -> Venta=4000 [ok]
[6473/10892] XIAOMI FLEX PRINCIPAL XIAOMI REDMI NOTE   : Costo=1673 R=3598 -> Venta=3200 [ok]
[6474/10892] XIAOMI FLEX PRINCIPAL XIAOMI REDMI NOTE   : Costo=1673 R=3598 -> Venta=3200 [ok]
[6475/10892] XIAOMI FLEX PRINCIPAL XIAOMI REDMI NOTE   : Costo=2758 R=5931 -> Venta=4300 [ok]
[6476/10892] XIAOMI FLEX PRINCIPAL XIAOMI REDMI NOTE   : Costo=2758 R=5931 -> Venta=4300 [ok]
[6477/10892] XIAOMI FLEX PRINCIPAL XIAOMI REDMI NOTE   : Costo=3036 R=6528 -> Venta=4500 [ok]
[6478/10892] XIAOMI FLEX PRINCIPAL XIAOMI REDMI NOTE   : Costo=3036 R=6528 -> Venta=4500 [ok]
[6479/10892] XIAOMI FLEX PRINCIPAL XIAOMI REDMI NOTE   : Costo=2298 R=2099 -> Venta=3800 [ok]
[6480/10892] XIAOMI FLEX PRINCIPAL XIAOMI REDMI NOTE   : Costo=2069 R=4892 -> Venta=3600 [ok]
[6481/10892] XIAOMI FLEX PRINCIPAL XIAOMI REDMI NOTE   : Costo=1912 R=4112 -> Venta=3400 [ok]
[6482/10892] XIAOMI FLEX PRINCIPAL XIAOMI REDMI NOTE   : Costo=1637 R=4164 -> Venta=3100 [ok]
[6483/10892] XIAOMI FLEX PRINCIPAL XIAOMI REDMI NOTE   : Costo=1681 R=4047 -> Venta=3200 [ok]
[6484/10892] XIAOMI FLEX PRINCIPAL XIAOMI REDMI NOTE   : Costo=2646 R=5698 -> Venta=4100 [ok]
[6485/10892] XIAOMI FLEX PRINCIPAL XIAOMI REDMI NOTE   : Costo=2501 R=5385 -> Venta=4000 [ok]
[6486/10892] XIAOMI FLEX PRINCIPAL XIAOMI REDMI NOTE   : Costo=1179 R=2540 -> Venta=2700 [ok]
[6487/10892] XIAOMI FLEX PRINCIPAL XIAOMI REDMI NOTE   : Costo=1830 R=3946 -> Venta=3300 [ok]
[6488/10892] XIAOMI FLEX PRINCIPAL XIAOMI REDMI NOTE   : Costo=1480 R=3763 -> Venta=3000 [ok]
[6489/10892] XIAOMI FLEX PRINCIPAL XIAOMI REDMI K50    : Costo=2198 R=5291 -> Venta=3700 [ok]
[6490/10892] XIAOMI FLEX PRINCIPAL XIAOMI POCO X5 5G   : Costo=2629 R=5654 -> Venta=4100 [ok]
[6491/10892] XIAOMI FLEX PRINCIPAL XIAOMI POCO X3 PRO  : Costo=2291 R=5029 -> Venta=3800 [ok]
[6492/10892] XIAOMI FLEX PRINCIPAL XIAOMI POCO F3      : Costo=2249 R=5720 -> Venta=3700 [ok]
[6493/10892] XIAOMI FLEX PRINCIPAL XIAOMI NOTE 13 PRO  : Costo=3036 R=6528 -> Venta=4500 [ok]
[6494/10892] XIAOMI FLEX PRINCIPAL XIAOMI MI 11 LITE   : Costo=2364 R=5090 -> Venta=3900 [ok]
[6495/10892] XIAOMI FLEX PRINCIPAL XIAOMI EDMI NOTE 1  : Costo=2530 R=5440 -> Venta=4000 [ok]
[6496/10892] XIAOMI FLEX PRINCIPAL XIAOMI 13T          : Costo=2092 R=5036 -> Venta=3600 [ok]
[6497/10892] Samsung FLEX PRINCIPAL TAB A 10.1 T515    : Costo=1764 R=4245 -> Venta=3300 [ok]
[6498/10892] Samsung FLEX PRINCIPAL TAB A 10.1 T510 T  : Costo=1679 R=1679 -> Venta=3200 [ok]
[6499/10892] Samsung FLEX PRINCIPAL TAB A 10.1 T510    : Costo=2139 R=5149 -> Venta=3600 [ok]
[6500/10892] Samsung FLEX PRINCIPAL SAMSUNG GALAXY Z   : Costo=5347 R=12872 -> Venta=8300 [ok]
[6501/10892] Samsung FLEX PRINCIPAL SAMSUNG GALAXY Z   : Costo=4642 R=11176 -> Venta=6100 [ok]
[6502/10892] Samsung FLEX PRINCIPAL SAMSUNG GALAXY Z   : Costo=2626 R=3778 -> Venta=4100 [ok]
[6503/10892] Samsung FLEX PRINCIPAL SAMSUNG GALAXY TA  : Costo=5833 R=14043 -> Venta=8800 [ok]
[6504/10892] Samsung FLEX PRINCIPAL SAMSUNG GALAXY TA  : Costo=1673 R=3598 -> Venta=3200 [ok]
[6505/10892] Samsung FLEX PRINCIPAL SAMSUNG GALAXY TA  : Costo=2530 R=5440 -> Venta=4000 [ok]
[6506/10892] Samsung FLEX PRINCIPAL SAMSUNG GALAXY TA  : Costo=1912 R=4112 -> Venta=3400 [ok]
[6507/10892] Samsung FLEX PRINCIPAL SAMSUNG GALAXY TA  : Costo=1434 R=3084 -> Venta=2900 [ok]
[6508/10892] Samsung FLEX PRINCIPAL SAMSUNG GALAXY TA  : Costo=2151 R=4626 -> Venta=3700 [ok]
[6509/10892] Samsung FLEX PRINCIPAL SAMSUNG GALAXY TA  : Costo=1392 R=2992 -> Venta=2900 [ok]
[6510/10892] Samsung FLEX PRINCIPAL SAMSUNG GALAXY TA  : Costo=1434 R=3084 -> Venta=2900 [ok]
[6511/10892] Samsung FLEX PRINCIPAL SAMSUNG GALAXY TA  : Costo=4475 R=10775 -> Venta=6000 [ok]
[6512/10892] Samsung FLEX PRINCIPAL SAMSUNG GALAXY TA  : Costo=2745 R=5911 -> Venta=4200 [ok]
[6513/10892] Samsung FLEX PRINCIPAL SAMSUNG GALAXY TA  : Costo=5828 R=14031 -> Venta=8800 [ok]
[6514/10892] Samsung FLEX PRINCIPAL SAMSUNG GALAXY TA  : Costo=1139 R=2448 -> Venta=2600 [ok]
[6515/10892] Samsung FLEX PRINCIPAL SAMSUNG GALAXY TA  : Costo=2390 R=5140 -> Venta=3900 [ok]
[6516/10892] Samsung FLEX PRINCIPAL SAMSUNG GALAXY TA  : Costo=3048 R=6554 -> Venta=4500 [ok]
[6517/10892] Samsung FLEX PRINCIPAL SAMSUNG GALAXY TA  : Costo=1771 R=3808 -> Venta=3300 [ok]
[6518/10892] Samsung FLEX PRINCIPAL SAMSUNG GALAXY TA  : Costo=1322 R=3183 -> Venta=2800 [ok]
[6519/10892] Samsung FLEX PRINCIPAL SAMSUNG GALAXY S2  : Costo=5975 R=5457 -> Venta=9000 [ok]
[6520/10892] Samsung FLEX PRINCIPAL SAMSUNG GALAXY S2  : Costo=4780 R=10280 -> Venta=6300 [ok]
[6521/10892] Samsung FLEX PRINCIPAL SAMSUNG GALAXY S2  : Costo=5258 R=11308 -> Venta=8300 [ok]
[6522/10892] Samsung FLEX PRINCIPAL SAMSUNG GALAXY S2  : Costo=3346 R=7196 -> Venta=4800 [ok]
[6523/10892] Samsung FLEX PRINCIPAL SAMSUNG GALAXY S2  : Costo=2057 R=4951 -> Venta=3600 [ok]
[6524/10892] Samsung FLEX PRINCIPAL SAMSUNG GALAXY S2  : Costo=2988 R=2729 -> Venta=4500 [ok]
[6525/10892] Samsung FLEX PRINCIPAL SAMSUNG GALAXY S2  : Costo=3346 R=7196 -> Venta=4800 [ok]
[6526/10892] Samsung FLEX PRINCIPAL SAMSUNG GALAXY S2  : Costo=2762 R=6648 -> Venta=4300 [ok]
[6527/10892] Samsung FLEX PRINCIPAL SAMSUNG GALAXY S2  : Costo=1371 R=3315 -> Venta=2900 [ok]
[6528/10892] Samsung FLEX PRINCIPAL SAMSUNG GALAXY S2  : Costo=1803 R=4358 -> Venta=3300 [ok]
[6529/10892] Samsung FLEX PRINCIPAL SAMSUNG GALAXY S2  : Costo=1657 R=3989 -> Venta=3200 [ok]
[6530/10892] Samsung FLEX PRINCIPAL SAMSUNG GALAXY S2  : Costo=1626 R=3501 -> Venta=3100 [ok]
[6531/10892] Samsung FLEX PRINCIPAL SAMSUNG GALAXY S2  : Costo=2620 R=5749 -> Venta=4100 [ok]
[6532/10892] Samsung FLEX PRINCIPAL SAMSUNG GALAXY S2  : Costo=1953 R=4721 -> Venta=3500 [ok]
[6533/10892] Samsung FLEX PRINCIPAL SAMSUNG GALAXY S2  : Costo=3208 R=3208 -> Venta=4700 [ok]
[6534/10892] Samsung FLEX PRINCIPAL SAMSUNG GALAXY S2  : Costo=1593 R=3430 -> Venta=3100 [ok]
[6535/10892] Samsung FLEX PRINCIPAL SAMSUNG GALAXY S2  : Costo=2629 R=5654 -> Venta=4100 [ok]
[6536/10892] Samsung FLEX PRINCIPAL SAMSUNG GALAXY S2  : Costo=1719 R=4370 -> Venta=3200 [ok]
[6537/10892] Samsung FLEX PRINCIPAL SAMSUNG GALAXY S2  : Costo=1593 R=3430 -> Venta=3100 [ok]
[6538/10892] Samsung FLEX PRINCIPAL SAMSUNG GALAXY S2  : Costo=2248 R=5717 -> Venta=3700 [ok]
[6539/10892] Samsung FLEX PRINCIPAL SAMSUNG GALAXY S2  : Costo=4540 R=11545 -> Venta=6000 [ok]
[6540/10892] Samsung FLEX PRINCIPAL SAMSUNG GALAXY NO  : Costo=2729 R=5719 -> Venta=4200 [ok]
[6541/10892] Samsung FLEX PRINCIPAL SAMSUNG GALAXY M5  : Costo=1921 R=4624 -> Venta=3400 [ok]
[6542/10892] Samsung FLEX PRINCIPAL SAMSUNG GALAXY M5  : Costo=1752 R=3773 -> Venta=3300 [ok]
[6543/10892] Samsung FLEX PRINCIPAL SAMSUNG GALAXY M3  : Costo=3299 R=7112 -> Venta=4800 [ok]
[6544/10892] Samsung FLEX PRINCIPAL SAMSUNG GALAXY M3  : Costo=2940 R=6332 -> Venta=4400 [ok]
[6545/10892] Samsung FLEX PRINCIPAL SAMSUNG GALAXY M3  : Costo=2321 R=4999 -> Venta=3800 [ok]
[6546/10892] Samsung FLEX PRINCIPAL SAMSUNG GALAXY M2  : Costo=2359 R=5079 -> Venta=3900 [ok]
[6547/10892] Samsung FLEX PRINCIPAL SAMSUNG GALAXY M2  : Costo=1616 R=3890 -> Venta=3100 [ok]
[6548/10892] Samsung FLEX PRINCIPAL SAMSUNG GALAXY M1  : Costo=2902 R=6248 -> Venta=4400 [ok]
[6549/10892] Samsung FLEX PRINCIPAL SAMSUNG GALAXY FO  : Costo=5660 R=13628 -> Venta=8700 [ok]
[6550/10892] Samsung FLEX PRINCIPAL SAMSUNG GALAXY A7  : Costo=4617 R=10135 -> Venta=6100 [ok]
[6551/10892] Samsung FLEX PRINCIPAL SAMSUNG GALAXY A7  : Costo=1144 R=1134 -> Venta=2600 [ok]
[6552/10892] Samsung FLEX PRINCIPAL SAMSUNG GALAXY A7  : Costo=2350 R=5658 -> Venta=3800 [ok]
[6553/10892] Samsung FLEX PRINCIPAL SAMSUNG GALAXY A7  : Costo=2497 R=3568 -> Venta=4000 [ok]
[6554/10892] Samsung FLEX PRINCIPAL SAMSUNG GALAXY A6  : Costo=2321 R=4999 -> Venta=3800 [ok]
[6555/10892] Samsung FLEX PRINCIPAL SAMSUNG GALAXY A5  : Costo=2188 R=5289 -> Venta=3700 [ok]
[6556/10892] Samsung FLEX PRINCIPAL SAMSUNG GALAXY A5  : Costo=3017 R=4340 -> Venta=4500 [ok]
[6557/10892] Samsung FLEX PRINCIPAL SAMSUNG GALAXY A5  : Costo=4034 R=9712 -> Venta=5500 [ok]
[6558/10892] Samsung FLEX PRINCIPAL SAMSUNG GALAXY A5  : Costo=1607 R=3460 -> Venta=3100 [ok]
[6559/10892] Samsung FLEX PRINCIPAL SAMSUNG GALAXY A5  : Costo=1925 R=4895 -> Venta=3400 [ok]
[6560/10892] Samsung FLEX PRINCIPAL SAMSUNG GALAXY A5  : Costo=1921 R=4624 -> Venta=3400 [ok]
[6561/10892] Samsung FLEX PRINCIPAL SAMSUNG GALAXY A4  : Costo=1921 R=4624 -> Venta=3400 [ok]
[6562/10892] Samsung FLEX PRINCIPAL SAMSUNG GALAXY A4  : Costo=1752 R=3773 -> Venta=3300 [ok]
[6563/10892] Samsung FLEX PRINCIPAL SAMSUNG GALAXY A4  : Costo=2600 R=6259 -> Venta=4100 [ok]
[6564/10892] Samsung FLEX PRINCIPAL SAMSUNG GALAXY A4  : Costo=2117 R=4559 -> Venta=3600 [ok]
[6565/10892] Samsung FLEX PRINCIPAL SAMSUNG GALAXY A3  : Costo=4753 R=10221 -> Venta=6300 [ok]
[6566/10892] Samsung FLEX PRINCIPAL SAMSUNG GALAXY A3  : Costo=4137 R=8896 -> Venta=5600 [ok]
[6567/10892] Samsung FLEX PRINCIPAL SAMSUNG GALAXY A3  : Costo=1934 R=2762 -> Venta=3400 [ok]
[6568/10892] Samsung FLEX PRINCIPAL SAMSUNG GALAXY A3  : Costo=3358 R=7371 -> Venta=4900 [ok]
[6569/10892] Samsung FLEX PRINCIPAL SAMSUNG GALAXY A3  : Costo=1993 R=4797 -> Venta=3500 [ok]
[6570/10892] Samsung FLEX PRINCIPAL SAMSUNG GALAXY A3  : Costo=2357 R=5080 -> Venta=3900 [ok]
[6571/10892] Samsung FLEX PRINCIPAL SAMSUNG GALAXY A3  : Costo=2723 R=6556 -> Venta=4200 [ok]
[6572/10892] Samsung FLEX PRINCIPAL SAMSUNG GALAXY A3  : Costo=6296 R=4198 -> Venta=9300 [ok]
[6573/10892] Samsung FLEX PRINCIPAL SAMSUNG GALAXY A3  : Costo=3871 R=8345 -> Venta=5400 [ok]
[6574/10892] Samsung FLEX PRINCIPAL SAMSUNG GALAXY A3  : Costo=1821 R=4400 -> Venta=3300 [ok]
[6575/10892] Samsung FLEX PRINCIPAL SAMSUNG GALAXY A3  : Costo=2882 R=6939 -> Venta=4400 [ok]
[6576/10892] Samsung FLEX PRINCIPAL SAMSUNG GALAXY A2  : Costo=4137 R=8198 -> Venta=5600 [ok]
[6577/10892] Samsung FLEX PRINCIPAL SAMSUNG GALAXY A2  : Costo=2072 R=4986 -> Venta=3600 [ok]
[6578/10892] Samsung FLEX PRINCIPAL SAMSUNG GALAXY A2  : Costo=2519 R=6405 -> Venta=4000 [ok]
[6579/10892] Samsung FLEX PRINCIPAL SAMSUNG GALAXY A2  : Costo=1721 R=3709 -> Venta=3200 [ok]
[6580/10892] Samsung FLEX PRINCIPAL SAMSUNG GALAXY A2  : Costo=2233 R=4807 -> Venta=3700 [ok]
[6581/10892] Samsung FLEX PRINCIPAL SAMSUNG GALAXY A2  : Costo=1346 R=2900 -> Venta=2800 [ok]
[6582/10892] Samsung FLEX PRINCIPAL SAMSUNG GALAXY A2  : Costo=1291 R=2782 -> Venta=2800 [ok]
[6583/10892] Samsung FLEX PRINCIPAL SAMSUNG GALAXY A2  : Costo=1666 R=3591 -> Venta=3200 [ok]
[6584/10892] Samsung FLEX PRINCIPAL SAMSUNG GALAXY A2  : Costo=2142 R=1965 -> Venta=3600 [ok]
[6585/10892] Samsung FLEX PRINCIPAL SAMSUNG GALAXY A2  : Costo=1506 R=3246 -> Venta=3000 [ok]
[6586/10892] Samsung FLEX PRINCIPAL SAMSUNG GALAXY A2  : Costo=1616 R=3890 -> Venta=3100 [ok]
[6587/10892] Samsung FLEX PRINCIPAL SAMSUNG GALAXY A2  : Costo=2948 R=6349 -> Venta=4400 [ok]
[6588/10892] Samsung FLEX PRINCIPAL SAMSUNG GALAXY A1  : Costo=2938 R=2938 -> Venta=4400 [ok]
[6589/10892] Samsung FLEX PRINCIPAL SAMSUNG GALAXY A1  : Costo=1607 R=1469 -> Venta=3100 [ok]
[6590/10892] Samsung FLEX PRINCIPAL SAMSUNG GALAXY A1  : Costo=1528 R=3354 -> Venta=3000 [ok]
[6591/10892] Samsung FLEX PRINCIPAL SAMSUNG GALAXY A1  : Costo=2291 R=5029 -> Venta=3800 [ok]
[6592/10892] MOTOROLA FLEX PRINCIPAL MOTOROLA ONE MAC  : Costo=1175 R=1679 -> Venta=2700 [ok]
[6593/10892] MOTOROLA FLEX PRINCIPAL MOTOROLA ONE FUS  : Costo=2142 R=4616 -> Venta=3600 [ok]
[6594/10892] MOTOROLA FLEX PRINCIPAL MOTOROLA MOTO ON  : Costo=1243 R=2992 -> Venta=2700 [ok]
[6595/10892] MOTOROLA FLEX PRINCIPAL MOTOROLA MOTO G8  : Costo=1315 R=2827 -> Venta=2800 [ok]
[6596/10892] MOTOROLA FLEX PRINCIPAL MOTOROLA MOTO G8  : Costo=2530 R=5440 -> Venta=4000 [ok]
[6597/10892] MOTOROLA FLEX PRINCIPAL MOTOROLA MOTO G7  : Costo=2501 R=5385 -> Venta=4000 [ok]
[6598/10892] MOTOROLA FLEX PRINCIPAL MOTOROLA MOTO G7  : Costo=1052 R=2542 -> Venta=2600 [ok]
[6599/10892] MOTOROLA FLEX PRINCIPAL MOTOROLA MOTO G6  : Costo=2277 R=4896 -> Venta=3800 [ok]
[6600/10892] MOTOROLA FLEX PRINCIPAL MOTOROLA MOTO G5  : Costo=2514 R=5414 -> Venta=4000 [ok]
[6601/10892] MOTOROLA FLEX PRINCIPAL MOTOROLA MOTO G5  : Costo=2058 R=4953 -> Venta=3600 [ok]
[6602/10892] MOTOROLA FLEX PRINCIPAL MOTOROLA MOTO G3  : Costo=2100 R=4528 -> Venta=3600 [ok]
[6603/10892] MOTOROLA FLEX PRINCIPAL MOTOROLA MOTO G3  : Costo=2501 R=5385 -> Venta=4000 [ok]
[6604/10892] MOTOROLA FLEX PRINCIPAL MOTOROLA MOTO G2  : Costo=1924 R=4632 -> Venta=3400 [ok]
[6605/10892] MOTOROLA FLEX PRINCIPAL MOTOROLA MOTO G1  : Costo=2035 R=4898 -> Venta=3500 [ok]
[6606/10892] MOTOROLA FLEX PRINCIPAL MOTOROLA MOTO G1  : Costo=1890 R=4069 -> Venta=3400 [ok]
[6607/10892] MOTOROLA FLEX PRINCIPAL MOTOROLA G9 PLAY  : Costo=2277 R=4896 -> Venta=3800 [ok]
[6608/10892] MOTOROLA FLEX PRINCIPAL MOTOROLA G8 PLAY  : Costo=2480 R=5971 -> Venta=4000 [ok]
[6609/10892] MOTOROLA FLEX PRINCIPAL MOTOROLA EDGE 40  : Costo=2896 R=6973 -> Venta=4400 [ok]
[6610/10892] Lg FLEX PRINCIPAL LG K50S                 : Costo=1177 R=2833 -> Venta=2700 [ok]
[6611/10892] Lg FLEX PRINCIPAL LG K42 K52              : Costo=1431 R=3081 -> Venta=2900 [ok]
[6612/10892] Lg FLEX PRINCIPAL LG K22 K92 5G           : Costo=1517 R=3267 -> Venta=3000 [ok]
[6613/10892] Samsung FLEX PRINCIPAL LCD SAMSUNG GALAX  : Costo=4546 R=10946 -> Venta=6000 [ok]
[6614/10892] Samsung FLEX PRINCIPAL LCD SAMSUNG GALAX  : Costo=3026 R=7285 -> Venta=4500 [ok]
[6615/10892] Samsung FLEX PRINCIPAL LARGO SAMSUNG GAL  : Costo=2642 R=6360 -> Venta=4100 [ok]
[6616/10892] APPLE FLEX PRINCIPAL IPAD 9.7 (2019) 6TH  : Costo=3662 R=8816 -> Venta=5200 [ok]
[6617/10892] APPLE FLEX PRINCIPAL IPAD 9.7 (2019) 6TH  : Costo=3255 R=7836 -> Venta=4800 [ok]
[6618/10892] APPLE FLEX PRINCIPAL IPAD 9.7 (2019) 6TH  : Costo=3327 R=8010 -> Venta=4800 [ok]
[6619/10892] APPLE FLEX PRINCIPAL IPAD 9.7 (2019) 6TH  : Costo=4774 R=10280 -> Venta=6300 [ok]
[6620/10892] HUAWEI FLEX PRINCIPAL HUAWEI Y9A          : Costo=714 R=1539 -> Venta=2200 [ok]
[6621/10892] HUAWEI FLEX PRINCIPAL HUAWEI Y9 2019 HON  : Costo=1503 R=3237 -> Venta=3000 [ok]
[6622/10892] HUAWEI FLEX PRINCIPAL HUAWEI Y6 PRIME 20  : Costo=2062 R=5244 -> Venta=3600 [ok]
[6623/10892] HUAWEI FLEX PRINCIPAL HUAWEI Y6 II, HONO  : Costo=1414 R=3048 -> Venta=2900 [ok]
[6624/10892] HUAWEI FLEX PRINCIPAL HUAWEI Y6 2019 VER  : Costo=1858 R=4001 -> Venta=3400 [ok]
[6625/10892] HUAWEI FLEX PRINCIPAL HUAWEI Y5P P SMART  : Costo=1751 R=3770 -> Venta=3300 [ok]
[6626/10892] HUAWEI FLEX PRINCIPAL HUAWEI TAB MATE PA  : Costo=2295 R=4943 -> Venta=3800 [ok]
[6627/10892] HUAWEI FLEX PRINCIPAL HUAWEI TAB MATE PA  : Costo=2449 R=5273 -> Venta=3900 [ok]
[6628/10892] HUAWEI FLEX PRINCIPAL HUAWEI P40 PRO      : Costo=1345 R=3238 -> Venta=2800 [ok]
[6629/10892] HUAWEI FLEX PRINCIPAL HUAWEI P40 LITE E   : Costo=2108 R=4539 -> Venta=3600 [ok]
[6630/10892] HUAWEI FLEX PRINCIPAL HUAWEI P40          : Costo=2501 R=5385 -> Venta=4000 [ok]
[6631/10892] HUAWEI FLEX PRINCIPAL HUAWEI P SMART PLU  : Costo=1032 R=2222 -> Venta=2500 [ok]
[6632/10892] HUAWEI FLEX PRINCIPAL HUAWEI P SMART 202  : Costo=2902 R=6248 -> Venta=4400 [ok]
[6633/10892] HUAWEI FLEX PRINCIPAL HUAWEI P SMART 201  : Costo=1852 R=3989 -> Venta=3400 [ok]
[6634/10892] HUAWEI FLEX PRINCIPAL HUAWEI NOVA Y71     : Costo=2024 R=4352 -> Venta=3500 [ok]
[6635/10892] HUAWEI FLEX PRINCIPAL HUAWEI NOVA 9SE     : Costo=1375 R=3496 -> Venta=2900 [ok]
[6636/10892] HUAWEI FLEX PRINCIPAL HUAWEI NOVA 9 PRO   : Costo=3134 R=7546 -> Venta=4600 [ok]
[6637/10892] HUAWEI FLEX PRINCIPAL HUAWEI NOVA 9       : Costo=1377 R=2966 -> Venta=2900 [ok]
[6638/10892] HUAWEI FLEX PRINCIPAL HUAWEI NOVA 5T HON  : Costo=1419 R=3055 -> Venta=2900 [ok]
[6639/10892] HUAWEI FLEX PRINCIPAL HUAWEI NOVA 5 PRO   : Costo=2902 R=6248 -> Venta=4400 [ok]
[6640/10892] HUAWEI FLEX PRINCIPAL HUAWEI NOVA 12I     : Costo=1076 R=2313 -> Venta=2600 [ok]
[6641/10892] HUAWEI FLEX PRINCIPAL HUAWEI NOVA 12 SE   : Costo=1076 R=2313 -> Venta=2600 [ok]
[6642/10892] HUAWEI FLEX PRINCIPAL HUAWEI NOVA 11I     : Costo=2011 R=4331 -> Venta=3500 [ok]
[6643/10892] HUAWEI FLEX PRINCIPAL HUAWEI NOVA 11 PRO  : Costo=1257 R=2707 -> Venta=2800 [ok]
[6644/10892] HUAWEI FLEX PRINCIPAL HUAWEI NOVA 11      : Costo=2277 R=4896 -> Venta=3800 [ok]
[6645/10892] HUAWEI FLEX PRINCIPAL HUAWEI NOVA 10 SE   : Costo=2514 R=5414 -> Venta=4000 [ok]
[6646/10892] HUAWEI FLEX PRINCIPAL HUAWEI NOVA 10      : Costo=1641 R=3529 -> Venta=3100 [ok]
[6647/10892] HUAWEI FLEX PRINCIPAL HUAWEI MATE 40 PRO  : Costo=2686 R=6467 -> Venta=4200 [ok]
[6648/10892] HUAWEI FLEX PRINCIPAL HUAWEI MATE 40      : Costo=2756 R=5934 -> Venta=4300 [ok]
[6649/10892] HUAWEI FLEX PRINCIPAL HUAWEI MATE 20 PRO  : Costo=1499 R=3289 -> Venta=3000 [ok]
[6650/10892] HUAWEI FLEX PRINCIPAL HUAWEI MATE 20 LIT  : Costo=2123 R=4573 -> Venta=3600 [ok]
[6651/10892] HONOR FLEX PRINCIPAL HUAWEI HONOR 90      : Costo=1602 R=1469 -> Venta=3100 [ok]
[6652/10892] HONOR FLEX PRINCIPAL HONOR MAGIC 6 PRO    : Costo=2809 R=6040 -> Venta=4300 [ok]
[6653/10892] HONOR FLEX PRINCIPAL HONOR MAGIC 5 LITE   : Costo=2406 R=6118 -> Venta=3900 [ok]
[6654/10892] HONOR FLEX PRINCIPAL HONOR HONOR 50       : Costo=1965 R=4996 -> Venta=3500 [ok]
[6655/10892] HONOR FLEX PRINCIPAL HONOR 70             : Costo=1432 R=3084 -> Venta=2900 [ok]
[6656/10892] HONOR FLEX PRINCIPAL HONOR 50 LITE NOVA   : Costo=1650 R=3556 -> Venta=3200 [ok]
[6657/10892] HONOR FLEX PRINCIPAL HONOR 50             : Costo=1295 R=2788 -> Venta=2800 [ok]
[6658/10892] HONOR FLEX PRINCIPAL HONOR 200 PRO        : Costo=956 R=2056 -> Venta=2500 [ok]
[6659/10892] HONOR FLEX PRINCIPAL HONOR 200            : Costo=1673 R=3598 -> Venta=3200 [ok]
[6660/10892] XIAOMI FLEX PANTALLA XIAOMI REDMI K50     : Costo=2291 R=5029 -> Venta=3800 [ok]
[6661/10892] XIAOMI FLEX PANTALLA XIAOMI MI 11 LITE    : Costo=1310 R=2875 -> Venta=2800 [ok]
[6662/10892] Samsung FLEX PANTALLA SAMSUNG GALAXY S22  : Costo=2072 R=4794 -> Venta=3600 [ok]
[6663/10892] Samsung FLEX PANTALLA SAMSUNG GALAXY S22  : Costo=2566 R=6176 -> Venta=4100 [ok]
[6664/10892] Samsung FLEX PANTALLA SAMSUNG GALAXY S22  : Costo=3056 R=6707 -> Venta=4600 [ok]
[6665/10892] Samsung FLEX PANTALLA SAMSUNG GALAXY S21  : Costo=1795 R=4322 -> Venta=3300 [ok]
[6666/10892] HUAWEI FLEX PANTALLA NOVA 8               : Costo=2035 R=4898 -> Venta=3500 [ok]
[6667/10892] MOTOROLA FLEX PANTALLA MOTOROLA MOTO G51  : Costo=2501 R=5385 -> Venta=4000 [ok]
[6668/10892] MOTOROLA FLEX PANTALLA MOTOROLA MOTO G31  : Costo=2099 R=5052 -> Venta=3600 [ok]
[6669/10892] XIAOMI FLEX PANTALLA LCD XIAOMI REDMI NO  : Costo=2204 R=1469 -> Venta=3700 [ok]
[6670/10892] Samsung FLEX PANTALLA LCD SAMSUNG TAB S9  : Costo=2277 R=4896 -> Venta=3800 [ok]
[6671/10892] Samsung FLEX PANTALLA LCD SAMSUNG TAB S6  : Costo=1265 R=2720 -> Venta=2800 [ok]
[6672/10892] Samsung FLEX PANTALLA LCD SAMSUNG GALAXY  : Costo=3501 R=8462 -> Venta=5000 [ok]
[6673/10892] Samsung FLEX PANTALLA LCD SAMSUNG GALAXY  : Costo=2858 R=6879 -> Venta=4400 [ok]
[6674/10892] Samsung FLEX PANTALLA LCD SAMSUNG  TAB S  : Costo=1392 R=2992 -> Venta=2900 [ok]
[6675/10892] HUAWEI FLEX PANTALLA HUAWEI Y70 PLUS NOV  : Costo=2238 R=5388 -> Venta=3700 [ok]
[6676/10892] HUAWEI FLEX PANTALLA HUAWEI NOVA 8SE      : Costo=2035 R=4898 -> Venta=3500 [ok]
[6677/10892] HUAWEI FLEX PANTALLA HUAWEI NOVA 8 PRO    : Costo=2035 R=4898 -> Venta=3500 [ok]
[6678/10892] HONOR FLEX PANTALLA HONOR X9 2022         : Costo=1927 R=4640 -> Venta=3400 [ok]
[6679/10892] HONOR FLEX PANTALLA HONOR X8 2022         : Costo=1839 R=3960 -> Venta=3300 [ok]
[6680/10892] HONOR FLEX PANTALLA HONOR X7 2022         : Costo=1414 R=3048 -> Venta=2900 [ok]
[6681/10892] Samsung FLEX NFC SAMSUNG GALAXY S22 ULTR  : Costo=4113 R=9902 -> Venta=5600 [ok]
[6682/10892] Samsung FLEX NFC SAMSUNG GALAXY S22 PLUS  : Costo=4069 R=9795 -> Venta=5600 [ok]
[6683/10892] APPLE FLEX NFC BOTON ENCENDIDO VOLUMEN I  : Costo=6316 R=9024 -> Venta=9300 [ok]
[6684/10892] APPLE FLEX NFC BOTON ENCENDIDO VOLUMEN I  : Costo=4260 R=6086 -> Venta=5800 [ok]
[6685/10892] APPLE FLEX MICROFONO IPAD 9.7 (2019) 6TH  : Costo=1451 R=3124 -> Venta=3000 [ok]
[6686/10892] APPLE FLEX MICROFONO IPAD 10.2 (2019) 4T  : Costo=2321 R=4999 -> Venta=3800 [ok]
[6687/10892] APPLE FLEX MICROFONO APPLE WATCH SERIE 3  : Costo=1458 R=3509 -> Venta=3000 [ok]
[6688/10892] APPLE FLEX MICROFONO APPLE WATCH SERIE 3  : Costo=1458 R=3509 -> Venta=3000 [ok]
[6689/10892] XIAOMI FLEX LECTOR SIM XIAOMI POCO F3     : Costo=3929 R=9992 -> Venta=5400 [ok]
[6690/10892] XIAOMI FLEX LECTOR SIM XIAOMI MI 11 LITE  : Costo=2341 R=5041 -> Venta=3800 [ok]
[6691/10892] Samsung FLEX LECTOR SIM SAMSUNG GALAXY T  : Costo=1447 R=3483 -> Venta=2900 [ok]
[6692/10892] Samsung FLEX LECTOR SIM SAMSUNG GALAXY T  : Costo=1375 R=3310 -> Venta=2900 [ok]
[6693/10892] Samsung FLEX LECTOR SIM SAMSUNG GALAXY T  : Costo=2902 R=6248 -> Venta=4400 [ok]
[6694/10892] APPLE FLEX LECTOR SIM IPHONE 13 PRO 13 P  : Costo=3331 R=8018 -> Venta=4800 [ok]
[6695/10892] APPLE FLEX LECTOR SIM IPHONE 13 MINI      : Costo=2064 R=4445 -> Venta=3600 [ok]
[6696/10892] APPLE FLEX LECTOR SIM IPHONE 13           : Costo=825 R=1778 -> Venta=2300 [ok]
[6697/10892] APPLE FLEX LECTOR SIM IPHONE 12 PRO MAX   : Costo=2645 R=6369 -> Venta=4100 [ok]
[6698/10892] APPLE FLEX LECTOR SIM IPHONE 12 MINI      : Costo=2645 R=6369 -> Venta=4100 [ok]
[6699/10892] APPLE FLEX LECTOR SIM IPHONE 12 12 PRO    : Costo=1222 R=2943 -> Venta=2700 [ok]
[6700/10892] APPLE FLEX LECTOR SIM IPAD 9.7 (2019) 6T  : Costo=2971 R=7153 -> Venta=4500 [ok]
[6701/10892] APPLE FLEX LECTOR PORTA SIM IPHONE XR     : Costo=2441 R=5877 -> Venta=3900 [ok]
[6702/10892] Samsung FLEX LCD-PANTALLA SAMSUNG GALAXY  : Costo=1215 R=2616 -> Venta=2700 [ok]
[6703/10892] Samsung FLEX LCD SAMSUNG GALAXY S25 ULTR  : Costo=3274 R=7186 -> Venta=4800 [ok]
[6704/10892] Samsung FLEX LCD SAMSUNG GALAXY S25 PLUS  : Costo=3056 R=6707 -> Venta=4600 [ok]
[6705/10892] Samsung FLEX LCD SAMSUNG GALAXY S25       : Costo=3274 R=7186 -> Venta=4800 [ok]
[6706/10892] Samsung FLEX LCD SAMSUNG GALAXY S24 ULTR  : Costo=2938 R=2938 -> Venta=4400 [ok]
[6707/10892] Samsung FLEX LCD SAMSUNG GALAXY S24 S921  : Costo=3056 R=6707 -> Venta=4600 [ok]
[6708/10892] Samsung FLEX LCD SAMSUNG GALAXY S24 PLUS  : Costo=2565 R=5629 -> Venta=4100 [ok]
[6709/10892] Samsung FLEX LCD SAMSUNG GALAXY S23 ULTR  : Costo=2762 R=6062 -> Venta=4300 [ok]
[6710/10892] Samsung FLEX LCD SAMSUNG GALAXY S23 PLUS  : Costo=3459 R=7592 -> Venta=5000 [ok]
[6711/10892] Samsung FLEX LCD SAMSUNG GALAXY S23       : Costo=2139 R=5149 -> Venta=3600 [ok]
[6712/10892] XIAOMI FLEX LCD PANTALLA XIAOMI XIAOMI M  : Costo=2915 R=7018 -> Venta=4400 [ok]
[6713/10892] XIAOMI FLEX LCD PANTALLA XIAOMI REDMI NO  : Costo=1469 R=3225 -> Venta=3000 [ok]
[6714/10892] Samsung FLEX LCD PANTALLA SAMSUNG GALAXY  : Costo=4682 R=10082 -> Venta=6200 [ok]
[6715/10892] Samsung FLEX LCD PANTALLA SAMSUNG GALAXY  : Costo=2687 R=6468 -> Venta=4200 [ok]
[6716/10892] Samsung FLEX LCD PANTALLA SAMSUNG GALAXY  : Costo=2291 R=5029 -> Venta=3800 [ok]
[6717/10892] Samsung FLEX LCD PANTALLA SAMSUNG GALAXY  : Costo=1506 R=3243 -> Venta=3000 [ok]
[6718/10892] Samsung FLEX LCD PANTALLA SAMSUNG GALAXY  : Costo=2225 R=4792 -> Venta=3700 [ok]
[6719/10892] Samsung FLEX LCD PANTALLA SAMSUNG GALAXY  : Costo=2043 R=4918 -> Venta=3500 [ok]
[6720/10892] Samsung FLEX LCD PANTALLA SAMSUNG GALAXY  : Costo=2902 R=6248 -> Venta=4400 [ok]
[6721/10892] Samsung FLEX LCD PANTALLA SAMSUNG GALAXY  : Costo=2736 R=6587 -> Venta=4200 [ok]
[6722/10892] Samsung FLEX LCD PANTALLA SAMSUNG GALAXY  : Costo=2736 R=6587 -> Venta=4200 [ok]
[6723/10892] Samsung FLEX LCD PANTALLA SAMSUNG GALAXY  : Costo=3252 R=7004 -> Venta=4800 [ok]
[6724/10892] Samsung FLEX LCD PANTALLA SAMSUNG GALAXY  : Costo=1725 R=3715 -> Venta=3200 [ok]
[6725/10892] Samsung FLEX LCD PANTALLA SAMSUNG GALAXY  : Costo=1327 R=2858 -> Venta=2800 [ok]
[6726/10892] Samsung FLEX LCD PANTALLA PRINCIPAL SAMS  : Costo=3774 R=9085 -> Venta=5300 [ok]
[6727/10892] Samsung FLEX LCD PANTALLA PRINCIPAL SAMS  : Costo=4034 R=9712 -> Venta=5500 [ok]
[6728/10892] Samsung FLEX LCD PANTALLA PRINCIPAL SAMS  : Costo=3056 R=6707 -> Venta=4600 [ok]
[6729/10892] MOTOROLA FLEX LCD PANTALLA MOTOROLA MOTO  : Costo=3046 R=7332 -> Venta=4500 [ok]
[6730/10892] MOTOROLA FLEX LCD PANTALLA MOTOROLA MOTO  : Costo=3046 R=7332 -> Venta=4500 [ok]
[6731/10892] APPLE FLEX LCD PANTALLA IPAD PRO 11 2021  : Costo=4789 R=11528 -> Venta=6300 [ok]
[6732/10892] APPLE FLEX LCD PANTALLA IPAD MINI 5 (201  : Costo=2600 R=6259 -> Venta=4100 [ok]
[6733/10892] APPLE FLEX LCD PANTALLA IPAD D 9.7        : Costo=2600 R=6259 -> Venta=4100 [ok]
[6734/10892] HUAWEI FLEX LCD PANTALLA HUAWEI TAB MATE  : Costo=2017 R=4856 -> Venta=3500 [ok]
[6735/10892] APPLE FLEX LCD PANTALLA APPLE WATCH SERI  : Costo=2417 R=5820 -> Venta=3900 [ok]
[6736/10892] APPLE FLEX LCD PANTALLA APPLE WATCH SERI  : Costo=2664 R=6412 -> Venta=4200 [ok]
[6737/10892] APPLE FLEX LCD PANTALLA APPLE WATCH SERI  : Costo=3093 R=7866 -> Venta=4600 [ok]
[6738/10892] APPLE FLEX LCD PANTALLA APPLE WATCH SERI  : Costo=3748 R=9022 -> Venta=5200 [ok]
[6739/10892] APPLE FLEX LCD PANTALLA APPLE WATCH SERI  : Costo=1528 R=3354 -> Venta=3000 [ok]
[6740/10892] APPLE FLEX LCD PANTALLA APPLE WATCH SERI  : Costo=2707 R=6516 -> Venta=4200 [ok]
[6741/10892] APPLE FLEX LCD PANTALLA APPLE WATCH SERI  : Costo=2290 R=5514 -> Venta=3800 [ok]
[6742/10892] APPLE FLEX LCD PANTALLA APPLE WATCH SERI  : Costo=2290 R=5514 -> Venta=3800 [ok]
[6743/10892] APPLE FLEX LCD PANTALLA APPLE WATCH SERI  : Costo=2913 R=7013 -> Venta=4400 [ok]
[6744/10892] APPLE FLEX LCD PANTALLA APPLE WATCH SERI  : Costo=1889 R=4146 -> Venta=3400 [ok]
[6745/10892] APPLE FLEX LCD PANTALLA APPLE WATCH SERI  : Costo=2082 R=5013 -> Venta=3600 [ok]
[6746/10892] APPLE FLEX LCD PANTALLA APPLE WATCH SERI  : Costo=2035 R=4898 -> Venta=3500 [ok]
[6747/10892] APPLE FLEX LCD PANTALLA APPLE WATCH SERI  : Costo=3748 R=9022 -> Venta=5200 [ok]
[6748/10892] APPLE FLEX LCD PANTALLA APPLE WATCH SERI  : Costo=3748 R=9022 -> Venta=5200 [ok]
[6749/10892] APPLE FLEX LCD PANTALLA APPLE WATCH SERI  : Costo=2277 R=4904 -> Venta=3800 [ok]
[6750/10892] APPLE FLEX LCD PANTALLA APPLE WATCH SERI  : Costo=2277 R=4904 -> Venta=3800 [ok]
[6751/10892] Samsung FLEX LCD PANTALLA 2 SAMSUNG GALA  : Costo=7547 R=18170 -> Venta=10500 [ok]
[6752/10892] Samsung FLEX LCD PANTALLA 1 SAMSUNG GALA  : Costo=5660 R=13628 -> Venta=8700 [ok]
[6753/10892] Samsung FLEX LCD OCTA SAMSUNG GALAXY A20  : Costo=1607 R=3849 -> Venta=3100 [ok]
[6754/10892] Samsung FLEX JACK AUDIO SAMSUNG GALAXY J  : Costo=1202 R=2906 -> Venta=2700 [ok]
[6755/10892] Lg FLEX JACK AUDIO LG K71                 : Costo=2296 R=4945 -> Venta=3800 [ok]
[6756/10892] APPLE FLEX JACK AUDIO IPHONE IPAD 5 IPAD  : Costo=3331 R=8020 -> Venta=4800 [ok]
[6757/10892] APPLE FLEX JACK AUDIO IPAD MINI 5         : Costo=7493 R=18040 -> Venta=10500 [ok]
[6758/10892] APPLE FLEX JACK AUDIO IPAD 9.7 (2019) 6T  : Costo=2229 R=5365 -> Venta=3700 [ok]
[6759/10892] APPLE FLEX JACK AUDIO IPAD 9.7 (2019) 6T  : Costo=3662 R=8816 -> Venta=5200 [ok]
[6760/10892] APPLE FLEX JACK AUDIO IPAD 9 IPAD 10.2 2  : Costo=1666 R=4010 -> Venta=3200 [ok]
[6761/10892] APPLE FLEX JACK AUDIO IPAD 9 IPAD 10.2 2  : Costo=1222 R=2943 -> Venta=2700 [ok]
[6762/10892] MOTOROLA FLEX HUELLA MOTOROLA ONE FUSION  : Costo=3667 R=8827 -> Venta=5200 [ok]
[6763/10892] XIAOMI FLEX HUELLA DIGITAL XIAOMI REDMI   : Costo=8057 R=19398 -> Venta=11100 [ok]
[6764/10892] XIAOMI FLEX HUELLA DIGITAL XIAOMI REDMI   : Costo=3261 R=7850 -> Venta=4800 [ok]
[6765/10892] XIAOMI FLEX HUELLA DIGITAL XIAOMI REDMI   : Costo=3261 R=7850 -> Venta=4800 [ok]
[6766/10892] XIAOMI FLEX HUELLA DIGITAL XIAOMI REDMI   : Costo=3261 R=7850 -> Venta=4800 [ok]
[6767/10892] XIAOMI FLEX HUELLA DIGITAL XIAOMI REDMI   : Costo=4761 R=11463 -> Venta=6300 [ok]
[6768/10892] XIAOMI FLEX HUELLA DIGITAL XIAOMI REDMI   : Costo=4761 R=11463 -> Venta=6300 [ok]
[6769/10892] XIAOMI FLEX HUELLA DIGITAL XIAOMI REDMI   : Costo=4761 R=11463 -> Venta=6300 [ok]
[6770/10892] XIAOMI FLEX HUELLA DIGITAL XIAOMI REDMI   : Costo=4761 R=11463 -> Venta=6300 [ok]
[6771/10892] XIAOMI FLEX HUELLA DIGITAL XIAOMI REDMI   : Costo=4761 R=11463 -> Venta=6300 [ok]
[6772/10892] MOTOROLA FLEX HUELLA DIGITAL MOTOROLA ON  : Costo=4409 R=10614 -> Venta=5900 [ok]
[6773/10892] MOTOROLA FLEX HUELLA DIGITAL MOTOROLA ON  : Costo=1798 R=4329 -> Venta=3300 [ok]
[6774/10892] MOTOROLA FLEX HUELLA DIGITAL MOTOROLA MO  : Costo=2939 R=7076 -> Venta=4400 [ok]
[6775/10892] MOTOROLA FLEX HUELLA DIGITAL MOTOROLA MO  : Costo=3902 R=9433 -> Venta=5400 [ok]
[6776/10892] MOTOROLA FLEX HUELLA DIGITAL MOTOROLA MO  : Costo=3906 R=9442 -> Venta=5400 [ok]
[6777/10892] Lg FLEX HUELLA DIGITAL LG K40S            : Costo=2058 R=4953 -> Venta=3600 [ok]
[6778/10892] HUAWEI FLEX HUELLA DIGITAL HUAWEI Y9A CE  : Costo=3699 R=8902 -> Venta=5200 [ok]
[6779/10892] HUAWEI FLEX HUELLA DIGITAL HUAWEI Y9A AZ  : Costo=3842 R=9247 -> Venta=5300 [ok]
[6780/10892] HUAWEI FLEX HUELLA DIGITAL HUAWEI Y9A PL  : Costo=2938 R=7073 -> Venta=4400 [ok]
[6781/10892] HUAWEI FLEX HUELLA DIGITAL HUAWEI Y9A NE  : Costo=2997 R=7214 -> Venta=4500 [ok]
[6782/10892] HUAWEI FLEX HUELLA DIGITAL HUAWEI P40 LI  : Costo=714 R=1539 -> Venta=2200 [ok]
[6783/10892] APPLE FLEX FLASH IPHONE 14 PRO MAX        : Costo=5141 R=12377 -> Venta=8100 [ok]
[6784/10892] APPLE FLEX FLASH IPHONE 14 PRO            : Costo=6402 R=15412 -> Venta=9400 [ok]
[6785/10892] APPLE FLEX FLASH IPHONE 13 PRO MAX        : Costo=3361 R=8091 -> Venta=4900 [ok]
[6786/10892] APPLE FLEX FLASH IPHONE 13 PRO            : Costo=5652 R=12113 -> Venta=8700 [ok]
[6787/10892] APPLE FLEX FLASH IPHONE 13 MINI           : Costo=19613 R=47222 -> Venta=24500 [ok]
[6788/10892] APPLE FLEX FLASH IPHONE 13                : Costo=2620 R=5749 -> Venta=4100 [ok]
[6789/10892] APPLE FLEX FLASH IPHONE 12 PRO MAX        : Costo=1972 R=4767 -> Venta=3500 [ok]
[6790/10892] APPLE FLEX FLASH IPHONE 12 MINI           : Costo=4849 R=11675 -> Venta=6300 [ok]
[6791/10892] APPLE FLEX FLASH IPHONE 12                : Costo=4409 R=10614 -> Venta=5900 [ok]
[6792/10892] HONOR FLEX ENCENDIDO VOLUMEN HUAWEI HONO  : Costo=857 R=1847 -> Venta=2400 [ok]
[6793/10892] APPLE FLEX EJE ROTACION APPLE WATCH SERI  : Costo=5829 R=14034 -> Venta=8800 [ok]
[6794/10892] APPLE FLEX EJE ROTACION APPLE WATCH SERI  : Costo=5829 R=14034 -> Venta=8800 [ok]
[6795/10892] APPLE FLEX EJE ROTACION APPLE WATCH SERI  : Costo=4580 R=11027 -> Venta=6100 [ok]
[6796/10892] APPLE FLEX EJE ROTACION APPLE WATCH SERI  : Costo=4580 R=11027 -> Venta=6100 [ok]
[6797/10892] APPLE FLEX EJE ROTACION APPLE WATCH SERI  : Costo=2855 R=6900 -> Venta=4400 [ok]
[6798/10892] APPLE FLEX EJE ROTACION APPLE WATCH SERI  : Costo=5829 R=14034 -> Venta=8800 [ok]
[6799/10892] APPLE FLEX EJE ROTACION APPLE WATCH SERI  : Costo=2378 R=5725 -> Venta=3900 [ok]
[6800/10892] APPLE FLEX EJE ROTACION APPLE WATCH SERI  : Costo=3539 R=8521 -> Venta=5000 [ok]
[6801/10892] APPLE FLEX EJE ROTACION APPLE WATCH SERI  : Costo=2378 R=5725 -> Venta=3900 [ok]
[6802/10892] APPLE FLEX EJE ROTACION APPLE WATCH SERI  : Costo=3539 R=8521 -> Venta=5000 [ok]
[6803/10892] Samsung FLEX CAMARA TRASERA+FRONTAL SAMS  : Costo=8413 R=20256 -> Venta=11400 [ok]
[6804/10892] Samsung FLEX CAMARA TRASERA+FRONTAL SAMS  : Costo=12170 R=29300 -> Venta=15200 [ok]
[6805/10892] HUAWEI FLEX CAMARA TRASERA Y70 PLUS NOVA  : Costo=7730 R=18610 -> Venta=10700 [ok]
[6806/10892] HUAWEI FLEX CAMARA TRASERA Y7 PRIME Y7 2  : Costo=3462 R=8334 -> Venta=5000 [ok]
[6807/10892] XIAOMI FLEX CAMARA TRASERA XIAOMI XIAOMI  : Costo=41635 R=100243 -> Venta=50000 [ok]
[6808/10892] XIAOMI FLEX CAMARA TRASERA XIAOMI XIAOMI  : Costo=8286 R=19944 -> Venta=11300 [ok]
[6809/10892] XIAOMI FLEX CAMARA TRASERA XIAOMI REDMI   : Costo=4851 R=11677 -> Venta=6400 [ok]
[6810/10892] XIAOMI FLEX CAMARA TRASERA XIAOMI REDMI   : Costo=17628 R=42434 -> Venta=22000 [ok]
[6811/10892] XIAOMI FLEX CAMARA TRASERA XIAOMI REDMI   : Costo=14397 R=34654 -> Venta=18000 [ok]
[6812/10892] XIAOMI FLEX CAMARA TRASERA XIAOMI REDMI   : Costo=14397 R=34243 -> Venta=18000 [ok]
[6813/10892] XIAOMI FLEX CAMARA TRASERA XIAOMI REDMI   : Costo=16159 R=38898 -> Venta=20200 [ok]
[6814/10892] XIAOMI FLEX CAMARA TRASERA XIAOMI REDMI   : Costo=6905 R=16620 -> Venta=9900 [ok]
[6815/10892] XIAOMI FLEX CAMARA TRASERA XIAOMI REDMI   : Costo=7537 R=18142 -> Venta=10500 [ok]
[6816/10892] XIAOMI FLEX CAMARA TRASERA XIAOMI REDMI   : Costo=7600 R=18293 -> Venta=10600 [ok]
[6817/10892] XIAOMI FLEX CAMARA TRASERA XIAOMI REDMI   : Costo=4114 R=9902 -> Venta=5600 [ok]
[6818/10892] XIAOMI FLEX CAMARA TRASERA XIAOMI REDMI   : Costo=4366 R=10509 -> Venta=5900 [ok]
[6819/10892] XIAOMI FLEX CAMARA TRASERA XIAOMI REDMI   : Costo=6629 R=15955 -> Venta=9600 [ok]
[6820/10892] XIAOMI FLEX CAMARA TRASERA XIAOMI REDMI   : Costo=4641 R=11174 -> Venta=6100 [ok]
[6821/10892] XIAOMI FLEX CAMARA TRASERA XIAOMI REDMI   : Costo=4507 R=10895 -> Venta=6000 [ok]
[6822/10892] XIAOMI FLEX CAMARA TRASERA XIAOMI REDMI   : Costo=4366 R=10509 -> Venta=5900 [ok]
[6823/10892] XIAOMI FLEX CAMARA TRASERA XIAOMI REDMI   : Costo=7526 R=18120 -> Venta=10500 [ok]
[6824/10892] XIAOMI FLEX CAMARA TRASERA XIAOMI REDMI   : Costo=8798 R=21267 -> Venta=11800 [ok]
[6825/10892] XIAOMI FLEX CAMARA TRASERA XIAOMI REDMI   : Costo=3056 R=7356 -> Venta=4600 [ok]
[6826/10892] XIAOMI FLEX CAMARA TRASERA XIAOMI REDMI   : Costo=4237 R=10199 -> Venta=5700 [ok]
[6827/10892] XIAOMI FLEX CAMARA TRASERA XIAOMI REDMI   : Costo=5127 R=12344 -> Venta=8100 [ok]
[6828/10892] XIAOMI FLEX CAMARA TRASERA XIAOMI REDMI   : Costo=3026 R=7285 -> Venta=4500 [ok]
[6829/10892] XIAOMI FLEX CAMARA TRASERA XIAOMI REDMI   : Costo=3444 R=7417 -> Venta=4900 [ok]
[6830/10892] XIAOMI FLEX CAMARA TRASERA XIAOMI REDMI   : Costo=3967 R=9548 -> Venta=5500 [ok]
[6831/10892] XIAOMI FLEX CAMARA TRASERA XIAOMI REDMI   : Costo=3446 R=8296 -> Venta=4900 [ok]
[6832/10892] XIAOMI FLEX CAMARA TRASERA XIAOMI REDMI   : Costo=5498 R=13234 -> Venta=8500 [ok]
[6833/10892] XIAOMI FLEX CAMARA TRASERA XIAOMI REDMI   : Costo=3379 R=8133 -> Venta=4900 [ok]
[6834/10892] XIAOMI FLEX CAMARA TRASERA XIAOMI REDMI   : Costo=4827 R=11621 -> Venta=6300 [ok]
[6835/10892] XIAOMI FLEX CAMARA TRASERA XIAOMI REDMI   : Costo=4366 R=10509 -> Venta=5900 [ok]
[6836/10892] XIAOMI FLEX CAMARA TRASERA XIAOMI REDMI   : Costo=4827 R=11621 -> Venta=6300 [ok]
[6837/10892] XIAOMI FLEX CAMARA TRASERA XIAOMI REDMI   : Costo=3361 R=8091 -> Venta=4900 [ok]
[6838/10892] XIAOMI FLEX CAMARA TRASERA XIAOMI REDMI   : Costo=1665 R=4007 -> Venta=3200 [ok]
[6839/10892] XIAOMI FLEX CAMARA TRASERA XIAOMI REDMI   : Costo=7526 R=18120 -> Venta=10500 [ok]
[6840/10892] XIAOMI FLEX CAMARA TRASERA XIAOMI POCO X  : Costo=4366 R=10509 -> Venta=5900 [ok]
[6841/10892] XIAOMI FLEX CAMARA TRASERA XIAOMI POCO X  : Costo=2903 R=6988 -> Venta=4400 [ok]
[6842/10892] XIAOMI FLEX CAMARA TRASERA XIAOMI POCO M  : Costo=4366 R=10509 -> Venta=5900 [ok]
[6843/10892] XIAOMI FLEX CAMARA TRASERA XIAOMI POCO F  : Costo=4742 R=11415 -> Venta=6200 [ok]
[6844/10892] XIAOMI FLEX CAMARA TRASERA XIAOMI NOTE 1  : Costo=17628 R=42434 -> Venta=22000 [ok]
[6845/10892] XIAOMI FLEX CAMARA TRASERA XIAOMI NOTE 1  : Costo=5876 R=14145 -> Venta=8900 [ok]
[6846/10892] XIAOMI FLEX CAMARA TRASERA XIAOMI NOTE 1  : Costo=7377 R=17756 -> Venta=10400 [ok]
[6847/10892] XIAOMI FLEX CAMARA TRASERA XIAOMI MI 12   : Costo=6662 R=16039 -> Venta=9700 [ok]
[6848/10892] XIAOMI FLEX CAMARA TRASERA XIAOMI MI 11   : Costo=7323 R=17631 -> Venta=10300 [ok]
[6849/10892] Samsung FLEX CAMARA TRASERA ULTRA ANCHA   : Costo=4539 R=10927 -> Venta=6000 [ok]
[6850/10892] Samsung FLEX CAMARA TRASERA ULTRA ANCHA   : Costo=3362 R=8091 -> Venta=4900 [ok]
[6851/10892] Samsung FLEX CAMARA TRASERA TELEPHOTO SA  : Costo=3437 R=7543 -> Venta=4900 [ok]
[6852/10892] Samsung FLEX CAMARA TRASERA TELEPHOTO SA  : Costo=4164 R=10025 -> Venta=5700 [ok]
[6853/10892] Samsung FLEX CAMARA TRASERA SAMSUNG GALA  : Costo=16806 R=40453 -> Venta=21000 [ok]
[6854/10892] Samsung FLEX CAMARA TRASERA SAMSUNG GALA  : Costo=9434 R=22713 -> Venta=12400 [ok]
[6855/10892] Samsung FLEX CAMARA TRASERA SAMSUNG GALA  : Costo=9931 R=23904 -> Venta=12900 [ok]
[6856/10892] Samsung FLEX CAMARA TRASERA SAMSUNG GALA  : Costo=3662 R=8816 -> Venta=5200 [ok]
[6857/10892] Samsung FLEX CAMARA TRASERA SAMSUNG GALA  : Costo=4078 R=9818 -> Venta=5600 [ok]
[6858/10892] Samsung FLEX CAMARA TRASERA SAMSUNG GALA  : Costo=3806 R=9163 -> Venta=5300 [ok]
[6859/10892] Samsung FLEX CAMARA TRASERA SAMSUNG GALA  : Costo=2600 R=6259 -> Venta=4100 [ok]
[6860/10892] Samsung FLEX CAMARA TRASERA SAMSUNG GALA  : Costo=3667 R=8827 -> Venta=5200 [ok]
[6861/10892] Samsung FLEX CAMARA TRASERA SAMSUNG GALA  : Costo=3981 R=8573 -> Venta=5500 [ok]
[6862/10892] Samsung FLEX CAMARA TRASERA SAMSUNG GALA  : Costo=41132 R=58760 -> Venta=49400 [ok]
[6863/10892] Samsung FLEX CAMARA TRASERA SAMSUNG GALA  : Costo=12986 R=31260 -> Venta=16200 [ok]
[6864/10892] Samsung FLEX CAMARA TRASERA SAMSUNG GALA  : Costo=7639 R=18388 -> Venta=10600 [ok]
[6865/10892] Samsung FLEX CAMARA TRASERA SAMSUNG GALA  : Costo=34522 R=83099 -> Venta=41400 [ok]
[6866/10892] Samsung FLEX CAMARA TRASERA SAMSUNG GALA  : Costo=22917 R=55164 -> Venta=27900 [ok]
[6867/10892] Samsung FLEX CAMARA TRASERA SAMSUNG GALA  : Costo=25209 R=60680 -> Venta=30300 [ok]
[6868/10892] Samsung FLEX CAMARA TRASERA SAMSUNG GALA  : Costo=4972 R=11967 -> Venta=6500 [ok]
[6869/10892] Samsung FLEX CAMARA TRASERA SAMSUNG GALA  : Costo=13809 R=33240 -> Venta=17300 [ok]
[6870/10892] Samsung FLEX CAMARA TRASERA SAMSUNG GALA  : Costo=3255 R=7836 -> Venta=4800 [ok]
[6871/10892] Samsung FLEX CAMARA TRASERA SAMSUNG GALA  : Costo=5086 R=12244 -> Venta=8100 [ok]
[6872/10892] Samsung FLEX CAMARA TRASERA SAMSUNG GALA  : Costo=5247 R=7497 -> Venta=8200 [ok]
[6873/10892] Samsung FLEX CAMARA TRASERA SAMSUNG GALA  : Costo=18825 R=45560 -> Venta=23500 [ok]
[6874/10892] Samsung FLEX CAMARA TRASERA SAMSUNG GALA  : Costo=58594 R=141073 -> Venta=70300 [ok]
[6875/10892] Samsung FLEX CAMARA TRASERA SAMSUNG GALA  : Costo=34477 R=82990 -> Venta=41400 [ok]
[6876/10892] Samsung FLEX CAMARA TRASERA SAMSUNG GALA  : Costo=2861 R=6161 -> Venta=4400 [ok]
[6877/10892] Samsung FLEX CAMARA TRASERA SAMSUNG GALA  : Costo=4810 R=11580 -> Venta=6300 [ok]
[6878/10892] Samsung FLEX CAMARA TRASERA SAMSUNG GALA  : Costo=22153 R=53325 -> Venta=27200 [ok]
[6879/10892] Samsung FLEX CAMARA TRASERA SAMSUNG GALA  : Costo=22640 R=54509 -> Venta=27600 [ok]
[6880/10892] Samsung FLEX CAMARA TRASERA SAMSUNG GALA  : Costo=16894 R=39459 -> Venta=21100 [ok]
[6881/10892] Samsung FLEX CAMARA TRASERA SAMSUNG GALA  : Costo=36423 R=87694 -> Venta=43700 [ok]
[6882/10892] Samsung FLEX CAMARA TRASERA SAMSUNG GALA  : Costo=3456 R=8353 -> Venta=5000 [ok]
[6883/10892] Samsung FLEX CAMARA TRASERA SAMSUNG GALA  : Costo=3514 R=8459 -> Venta=5000 [ok]
[6884/10892] Samsung FLEX CAMARA TRASERA SAMSUNG GALA  : Costo=5289 R=12733 -> Venta=8300 [ok]
[6885/10892] Samsung FLEX CAMARA TRASERA SAMSUNG GALA  : Costo=4457 R=10729 -> Venta=6000 [ok]
[6886/10892] Samsung FLEX CAMARA TRASERA SAMSUNG GALA  : Costo=5571 R=13411 -> Venta=8600 [ok]
[6887/10892] Samsung FLEX CAMARA TRASERA SAMSUNG GALA  : Costo=4457 R=10729 -> Venta=6000 [ok]
[6888/10892] Samsung FLEX CAMARA TRASERA SAMSUNG GALA  : Costo=4085 R=9835 -> Venta=5600 [ok]
[6889/10892] Samsung FLEX CAMARA TRASERA SAMSUNG GALA  : Costo=4366 R=10509 -> Venta=5900 [ok]
[6890/10892] Samsung FLEX CAMARA TRASERA SAMSUNG GALA  : Costo=2707 R=6516 -> Venta=4200 [ok]
[6891/10892] Samsung FLEX CAMARA TRASERA SAMSUNG GALA  : Costo=9434 R=22713 -> Venta=12400 [ok]
[6892/10892] Samsung FLEX CAMARA TRASERA SAMSUNG GALA  : Costo=2938 R=7073 -> Venta=4400 [ok]
[6893/10892] Samsung FLEX CAMARA TRASERA SAMSUNG GALA  : Costo=4113 R=9943 -> Venta=5600 [ok]
[6894/10892] Samsung FLEX CAMARA TRASERA SAMSUNG GALA  : Costo=5199 R=12517 -> Venta=8200 [ok]
[6895/10892] Samsung FLEX CAMARA TRASERA SAMSUNG GALA  : Costo=7945 R=19124 -> Venta=10900 [ok]
[6896/10892] Samsung FLEX CAMARA TRASERA SAMSUNG GALA  : Costo=8098 R=11568 -> Venta=11100 [ok]
[6897/10892] Samsung FLEX CAMARA TRASERA SAMSUNG GALA  : Costo=4145 R=9976 -> Venta=5600 [ok]
[6898/10892] Samsung FLEX CAMARA TRASERA SAMSUNG GALA  : Costo=8802 R=21191 -> Venta=11800 [ok]
[6899/10892] Samsung FLEX CAMARA TRASERA SAMSUNG GALA  : Costo=9158 R=22049 -> Venta=12200 [ok]
[6900/10892] Samsung FLEX CAMARA TRASERA SAMSUNG GALA  : Costo=7427 R=17882 -> Venta=10400 [ok]
[6901/10892] Samsung FLEX CAMARA TRASERA SAMSUNG GALA  : Costo=5806 R=13975 -> Venta=8800 [ok]
[6902/10892] Samsung FLEX CAMARA TRASERA SAMSUNG GALA  : Costo=4125 R=9930 -> Venta=5600 [ok]
[6903/10892] Samsung FLEX CAMARA TRASERA SAMSUNG GALA  : Costo=3526 R=5037 -> Venta=5000 [ok]
[6904/10892] Samsung FLEX CAMARA TRASERA SAMSUNG GALA  : Costo=6870 R=16541 -> Venta=9900 [ok]
[6905/10892] Samsung FLEX CAMARA TRASERA SAMSUNG GALA  : Costo=3526 R=8487 -> Venta=5000 [ok]
[6906/10892] Samsung FLEX CAMARA TRASERA SAMSUNG GALA  : Costo=8098 R=11568 -> Venta=11100 [ok]
[6907/10892] Samsung FLEX CAMARA TRASERA SAMSUNG GALA  : Costo=3748 R=9022 -> Venta=5200 [ok]
[6908/10892] Samsung FLEX CAMARA TRASERA SAMSUNG GALA  : Costo=20147 R=48507 -> Venta=25100 [ok]
[6909/10892] Samsung FLEX CAMARA TRASERA SAMSUNG GALA  : Costo=3396 R=8174 -> Venta=4900 [ok]
[6910/10892] Samsung FLEX CAMARA TRASERA SAMSUNG GALA  : Costo=3201 R=7706 -> Venta=4700 [ok]
[6911/10892] Samsung FLEX CAMARA TRASERA SAMSUNG GALA  : Costo=3234 R=7785 -> Venta=4700 [ok]
[6912/10892] Samsung FLEX CAMARA TRASERA SAMSUNG GALA  : Costo=3063 R=6604 -> Venta=4600 [ok]
[6913/10892] Samsung FLEX CAMARA TRASERA SAMSUNG GALA  : Costo=3602 R=8499 -> Venta=5100 [ok]
[6914/10892] Samsung FLEX CAMARA TRASERA SAMSUNG GALA  : Costo=8098 R=19491 -> Venta=11100 [ok]
[6915/10892] Samsung FLEX CAMARA TRASERA SAMSUNG GALA  : Costo=3000 R=7223 -> Venta=4500 [ok]
[6916/10892] Samsung FLEX CAMARA TRASERA SAMSUNG GALA  : Costo=3714 R=8941 -> Venta=5200 [ok]
[6917/10892] Samsung FLEX CAMARA TRASERA SAMSUNG GALA  : Costo=3820 R=9194 -> Venta=5300 [ok]
[6918/10892] Samsung FLEX CAMARA TRASERA SAMSUNG GALA  : Costo=3895 R=8549 -> Venta=5400 [ok]
[6919/10892] Samsung FLEX CAMARA TRASERA SAMSUNG GALA  : Costo=3027 R=7285 -> Venta=4500 [ok]
[6920/10892] Samsung FLEX CAMARA TRASERA SAMSUNG GALA  : Costo=5132 R=12352 -> Venta=8100 [ok]
[6921/10892] Samsung FLEX CAMARA TRASERA SAMSUNG GALA  : Costo=4353 R=9554 -> Venta=5900 [ok]
[6922/10892] Samsung FLEX CAMARA TRASERA SAMSUNG GALA  : Costo=4057 R=9805 -> Venta=5600 [ok]
[6923/10892] Samsung FLEX CAMARA TRASERA SAMSUNG GALA  : Costo=5203 R=12527 -> Venta=8200 [ok]
[6924/10892] Samsung FLEX CAMARA TRASERA SAMSUNG GALA  : Costo=4277 R=10296 -> Venta=5800 [ok]
[6925/10892] Samsung FLEX CAMARA TRASERA SAMSUNG GALA  : Costo=3973 R=9562 -> Venta=5500 [ok]
[6926/10892] Samsung FLEX CAMARA TRASERA SAMSUNG GALA  : Costo=3528 R=8492 -> Venta=5000 [ok]
[6927/10892] Samsung FLEX CAMARA TRASERA SAMSUNG GALA  : Costo=2706 R=6515 -> Venta=4200 [ok]
[6928/10892] Samsung FLEX CAMARA TRASERA SAMSUNG GALA  : Costo=1885 R=4064 -> Venta=3400 [ok]
[6929/10892] Samsung FLEX CAMARA TRASERA SAMSUNG GALA  : Costo=3343 R=8047 -> Venta=4800 [ok]
[6930/10892] MOTOROLA FLEX CAMARA TRASERA MOTOROLA MO  : Costo=5828 R=14031 -> Venta=8800 [ok]
[6931/10892] MOTOROLA FLEX CAMARA TRASERA MOTOROLA G2  : Costo=3526 R=8487 -> Venta=5000 [ok]
[6932/10892] APPLE FLEX CAMARA TRASERA IPHONE XR USE-  : Costo=35383 R=85189 -> Venta=42500 [ok]
[6933/10892] APPLE FLEX CAMARA TRASERA IPHONE 7G 4.7   : Costo=3666 R=8046 -> Venta=5200 [ok]
[6934/10892] APPLE FLEX CAMARA TRASERA IPHONE 6S 6GS   : Costo=4981 R=11991 -> Venta=6500 [ok]
[6935/10892] APPLE FLEX CAMARA TRASERA IPHONE 6G PLUS  : Costo=3134 R=7546 -> Venta=4600 [ok]
[6936/10892] APPLE FLEX CAMARA TRASERA IPHONE 14 PRO   : Costo=38186 R=91939 -> Venta=45800 [ok]
[6937/10892] APPLE FLEX CAMARA TRASERA IPHONE 14 PRO   : Costo=41858 R=100779 -> Venta=50200 [ok]
[6938/10892] APPLE FLEX CAMARA TRASERA IPHONE 14 PLUS  : Costo=33787 R=78917 -> Venta=40500 [ok]
[6939/10892] APPLE FLEX CAMARA TRASERA IPHONE 14       : Costo=21399 R=51521 -> Venta=26400 [ok]
[6940/10892] APPLE FLEX CAMARA TRASERA IPHONE 13 PRO   : Costo=48698 R=117222 -> Venta=58400 [ok]
[6941/10892] APPLE FLEX CAMARA TRASERA IPHONE 12 USE   : Costo=50763 R=122220 -> Venta=60900 [ok]
[6942/10892] APPLE FLEX CAMARA TRASERA IPHONE 12 PRO   : Costo=58589 R=141624 -> Venta=70300 [ok]
[6943/10892] APPLE FLEX CAMARA TRASERA IPHONE 12 PRO   : Costo=74927 R=180399 -> Venta=89900 [ok]
[6944/10892] APPLE FLEX CAMARA TRASERA IPHONE 12 MINI  : Costo=32006 R=77058 -> Venta=38400 [ok]
[6945/10892] APPLE FLEX CAMARA TRASERA IPHONE 11 PRO   : ERROR - La operaci¢n sobrepas¢ el tiempo de espera.
[6946/10892] APPLE FLEX CAMARA TRASERA IPHONE 11 A222  : Costo=6170 R=8877 -> Venta=9200 [ok]
[6947/10892] APPLE FLEX CAMARA TRASERA IPHONE 11 A222  : Costo=6214 R=8877 -> Venta=9200 [ok]
[6948/10892] APPLE FLEX CAMARA TRASERA IPAD MINI 5 (2  : Costo=3482 R=7498 -> Venta=5000 [ok]
[6949/10892] HUAWEI FLEX CAMARA TRASERA HUAWEI Y9S P   : Costo=1655 R=3564 -> Venta=3200 [ok]
[6950/10892] HUAWEI FLEX CAMARA TRASERA HUAWEI Y9A     : Costo=4146 R=9981 -> Venta=5600 [ok]
[6951/10892] HUAWEI FLEX CAMARA TRASERA HUAWEI Y9 201  : Costo=2561 R=6165 -> Venta=4100 [ok]
[6952/10892] HUAWEI FLEX CAMARA TRASERA HUAWEI Y60     : Costo=3458 R=8326 -> Venta=5000 [ok]
[6953/10892] HUAWEI FLEX CAMARA TRASERA HUAWEI Y6 II,  : Costo=7794 R=18765 -> Venta=10800 [ok]
[6954/10892] HUAWEI FLEX CAMARA TRASERA HUAWEI P40 PR  : Costo=14429 R=34740 -> Venta=18000 [ok]
[6955/10892] HUAWEI FLEX CAMARA TRASERA HUAWEI P40 LI  : Costo=2699 R=5812 -> Venta=4200 [ok]
[6956/10892] HUAWEI FLEX CAMARA TRASERA HUAWEI P40 LI  : Costo=4509 R=9711 -> Venta=6000 [ok]
[6957/10892] HUAWEI FLEX CAMARA TRASERA HUAWEI P40 LI  : Costo=2123 R=4573 -> Venta=3600 [ok]
[6958/10892] HUAWEI FLEX CAMARA TRASERA HUAWEI P40 LI  : Costo=4340 R=10448 -> Venta=5800 [ok]
[6959/10892] HUAWEI FLEX CAMARA TRASERA HUAWEI P40     : Costo=10967 R=26509 -> Venta=14000 [ok]
[6960/10892] HUAWEI FLEX CAMARA TRASERA HUAWEI P SMAR  : Costo=6604 R=15899 -> Venta=9600 [ok]
[6961/10892] HUAWEI FLEX CAMARA TRASERA HUAWEI P SMAR  : Costo=3301 R=7948 -> Venta=4800 [ok]
[6962/10892] HUAWEI FLEX CAMARA TRASERA HUAWEI NOVA 8  : Costo=6916 R=16651 -> Venta=9900 [ok]
[6963/10892] HUAWEI FLEX CAMARA TRASERA HUAWEI NOVA 8  : Costo=6916 R=16651 -> Venta=9900 [ok]
[6964/10892] HUAWEI FLEX CAMARA TRASERA HUAWEI NOVA 5  : Costo=4324 R=9490 -> Venta=5800 [ok]
[6965/10892] HUAWEI FLEX CAMARA TRASERA HUAWEI NOVA 1  : Costo=6875 R=16549 -> Venta=9900 [ok]
[6966/10892] HUAWEI FLEX CAMARA TRASERA HUAWEI NOVA 1  : Costo=7401 R=17818 -> Venta=10400 [ok]
[6967/10892] HUAWEI FLEX CAMARA TRASERA HUAWEI NOVA 1  : Costo=6114 R=14719 -> Venta=9100 [ok]
[6968/10892] HUAWEI FLEX CAMARA TRASERA HUAWEI MATE 4  : Costo=9552 R=22996 -> Venta=12600 [ok]
[6969/10892] HUAWEI FLEX CAMARA TRASERA HUAWEI MATE 4  : Costo=9552 R=22996 -> Venta=12600 [ok]
[6970/10892] HUAWEI FLEX CAMARA TRASERA HUAWEI MATE 4  : Costo=9552 R=22996 -> Venta=12600 [ok]
[6971/10892] HONOR FLEX CAMARA TRASERA HUAWEI HONOR 9  : Costo=9547 R=13641 -> Venta=12500 [ok]
[6972/10892] HUAWEI FLEX CAMARA TRASERA HUAWEI 16MP Y  : Costo=7853 R=18906 -> Venta=10900 [ok]
[6973/10892] HONOR FLEX CAMARA TRASERA HONOR X9 2022   : Costo=5451 R=13124 -> Venta=8500 [ok]
[6974/10892] HONOR FLEX CAMARA TRASERA HONOR X8A HONO  : Costo=3967 R=5667 -> Venta=5500 [ok]
[6975/10892] HONOR FLEX CAMARA TRASERA HONOR X8 X9 20  : Costo=3967 R=5667 -> Venta=5500 [ok]
[6976/10892] HONOR FLEX CAMARA TRASERA HONOR X7C HONO  : Costo=2938 R=4198 -> Venta=4400 [ok]
[6977/10892] HONOR FLEX CAMARA TRASERA HONOR X7A       : Costo=1934 R=4654 -> Venta=3400 [ok]
[6978/10892] HONOR FLEX CAMARA TRASERA HONOR X7 2022   : Costo=4795 R=11542 -> Venta=6300 [ok]
[6979/10892] HONOR FLEX CAMARA TRASERA HONOR X6S X6 2  : Costo=1763 R=2519 -> Venta=3300 [ok]
[6980/10892] HONOR FLEX CAMARA TRASERA HONOR X6B PLUS  : Costo=1910 R=4597 -> Venta=3400 [ok]
[6981/10892] HONOR FLEX CAMARA TRASERA HONOR MAGIC 6   : Costo=9990 R=14271 -> Venta=13000 [ok]
[6982/10892] HONOR FLEX CAMARA TRASERA HONOR MAGIC 5   : Costo=27490 R=55804 -> Venta=33000 [ok]
[6983/10892] HONOR FLEX CAMARA TRASERA HONOR MAGIC 5   : Costo=10779 R=25952 -> Venta=13800 [ok]
[6984/10892] HONOR FLEX CAMARA TRASERA HONOR MAGIC 5   : Costo=3591 R=8643 -> Venta=5100 [ok]
[6985/10892] HONOR FLEX CAMARA TRASERA HONOR 70        : Costo=5583 R=7975 -> Venta=8600 [ok]
[6986/10892] HONOR FLEX CAMARA TRASERA HONOR 50 LITE   : Costo=4958 R=11984 -> Venta=6500 [ok]
[6987/10892] HONOR FLEX CAMARA TRASERA HONOR 50        : Costo=5289 R=7555 -> Venta=8300 [ok]
[6988/10892] HONOR FLEX CAMARA TRASERA HONOR 200 PRO   : Costo=11917 R=28685 -> Venta=14900 [ok]
[6989/10892] HONOR FLEX CAMARA TRASERA HONOR 200 LITE  : Costo=6417 R=15446 -> Venta=9400 [ok]
[6990/10892] HONOR FLEX CAMARA TRASERA HONOR 200       : Costo=9990 R=14271 -> Venta=13000 [ok]
[6991/10892] Samsung FLEX CAMARA TRASERA GRAN ANGULAR  : Costo=2276 R=5500 -> Venta=3800 [ok]
[6992/10892] Samsung FLEX CAMARA TRASERA GRAN ANGULAR  : Costo=64521 R=155344 -> Venta=77400 [ok]
[6993/10892] Samsung FLEX CAMARA TRASERA GRAN ANGULAR  : Costo=2405 R=5790 -> Venta=3900 [ok]
[6994/10892] Samsung FLEX CAMARA TRASERA ANGULAR SAMS  : Costo=3361 R=8091 -> Venta=4900 [ok]
[6995/10892] HUAWEI FLEX CAMARA FRONTAL Y70 PLUS NOVA  : Costo=2035 R=4898 -> Venta=3500 [ok]
[6996/10892] XIAOMI FLEX CAMARA FRONTAL XIAOMI XIAOMI  : Costo=2886 R=6948 -> Venta=4400 [ok]
[6997/10892] XIAOMI FLEX CAMARA FRONTAL XIAOMI REDMI   : Costo=2291 R=5029 -> Venta=3800 [ok]
[6998/10892] XIAOMI FLEX CAMARA FRONTAL XIAOMI REDMI   : Costo=4171 R=10289 -> Venta=5700 [ok]
[6999/10892] XIAOMI FLEX CAMARA FRONTAL XIAOMI REDMI   : Costo=4407 R=10401 -> Venta=5900 [ok]
[7000/10892] XIAOMI FLEX CAMARA FRONTAL XIAOMI REDMI   : Costo=2204 R=5201 -> Venta=3700 [ok]
[7001/10892] XIAOMI FLEX CAMARA FRONTAL XIAOMI REDMI   : Costo=4584 R=6112 -> Venta=6100 [ok]
[7002/10892] XIAOMI FLEX CAMARA FRONTAL XIAOMI REDMI   : Costo=4420 R=10431 -> Venta=5900 [ok]
[7003/10892] XIAOMI FLEX CAMARA FRONTAL XIAOMI REDMI   : Costo=2204 R=5201 -> Venta=3700 [ok]
[7004/10892] XIAOMI FLEX CAMARA FRONTAL XIAOMI REDMI   : Costo=2204 R=5201 -> Venta=3700 [ok]
[7005/10892] XIAOMI FLEX CAMARA FRONTAL XIAOMI REDMI   : Costo=2253 R=5423 -> Venta=3800 [ok]
[7006/10892] XIAOMI FLEX CAMARA FRONTAL XIAOMI REDMI   : Costo=1779 R=4282 -> Venta=3300 [ok]
[7007/10892] XIAOMI FLEX CAMARA FRONTAL XIAOMI REDMI   : Costo=2575 R=6198 -> Venta=4100 [ok]
[7008/10892] XIAOMI FLEX CAMARA FRONTAL XIAOMI REDMI   : Costo=2102 R=5060 -> Venta=3600 [ok]
[7009/10892] XIAOMI FLEX CAMARA FRONTAL XIAOMI REDMI   : Costo=1779 R=4282 -> Venta=3300 [ok]
[7010/10892] XIAOMI FLEX CAMARA FRONTAL XIAOMI REDMI   : Costo=3867 R=9307 -> Venta=5400 [ok]
[7011/10892] XIAOMI FLEX CAMARA FRONTAL XIAOMI REDMI   : Costo=4580 R=11027 -> Venta=6100 [ok]
[7012/10892] XIAOMI FLEX CAMARA FRONTAL XIAOMI REDMI   : Costo=1779 R=4282 -> Venta=3300 [ok]
[7013/10892] XIAOMI FLEX CAMARA FRONTAL XIAOMI REDMI   : Costo=3458 R=8326 -> Venta=5000 [ok]
[7014/10892] XIAOMI FLEX CAMARA FRONTAL XIAOMI REDMI   : Costo=2291 R=5029 -> Venta=3800 [ok]
[7015/10892] XIAOMI FLEX CAMARA FRONTAL XIAOMI REDMI   : Costo=3884 R=9351 -> Venta=5400 [ok]
[7016/10892] XIAOMI FLEX CAMARA FRONTAL XIAOMI REDMI   : Costo=1503 R=3632 -> Venta=3000 [ok]
[7017/10892] XIAOMI FLEX CAMARA FRONTAL XIAOMI REDMI   : Costo=3113 R=7495 -> Venta=4600 [ok]
[7018/10892] XIAOMI FLEX CAMARA FRONTAL XIAOMI REDMI   : Costo=5127 R=12344 -> Venta=8100 [ok]
[7019/10892] XIAOMI FLEX CAMARA FRONTAL XIAOMI REDMI   : Costo=1223 R=2943 -> Venta=2700 [ok]
[7020/10892] XIAOMI FLEX CAMARA FRONTAL XIAOMI REDMI   : Costo=2047 R=4829 -> Venta=3500 [ok]
[7021/10892] XIAOMI FLEX CAMARA FRONTAL XIAOMI REDMI   : Costo=1469 R=2099 -> Venta=3000 [ok]
[7022/10892] XIAOMI FLEX CAMARA FRONTAL XIAOMI REDMI   : Costo=1941 R=4671 -> Venta=3400 [ok]
[7023/10892] XIAOMI FLEX CAMARA FRONTAL XIAOMI REDMI   : Costo=1617 R=3893 -> Venta=3100 [ok]
[7024/10892] XIAOMI FLEX CAMARA FRONTAL XIAOMI REDMI   : Costo=2264 R=5449 -> Venta=3800 [ok]
[7025/10892] XIAOMI FLEX CAMARA FRONTAL XIAOMI REDMI   : Costo=2747 R=6613 -> Venta=4200 [ok]
[7026/10892] XIAOMI FLEX CAMARA FRONTAL XIAOMI REDMI   : Costo=1849 R=4452 -> Venta=3300 [ok]
[7027/10892] XIAOMI FLEX CAMARA FRONTAL XIAOMI POCO X  : Costo=1941 R=4671 -> Venta=3400 [ok]
[7028/10892] XIAOMI FLEX CAMARA FRONTAL XIAOMI POCO X  : Costo=1503 R=3632 -> Venta=3000 [ok]
[7029/10892] XIAOMI FLEX CAMARA FRONTAL XIAOMI POCO M  : Costo=1779 R=4282 -> Venta=3300 [ok]
[7030/10892] XIAOMI FLEX CAMARA FRONTAL XIAOMI POCO F  : Costo=1353 R=3269 -> Venta=2900 [ok]
[7031/10892] XIAOMI FLEX CAMARA FRONTAL XIAOMI NOTE 1  : Costo=4407 R=10401 -> Venta=5900 [ok]
[7032/10892] XIAOMI FLEX CAMARA FRONTAL XIAOMI NOTE 1  : Costo=2102 R=5060 -> Venta=3600 [ok]
[7033/10892] XIAOMI FLEX CAMARA FRONTAL XIAOMI MI 12   : Costo=6662 R=16039 -> Venta=9700 [ok]
[7034/10892] XIAOMI FLEX CAMARA FRONTAL XIAOMI MI 11   : Costo=2444 R=5885 -> Venta=3900 [ok]
[7035/10892] XIAOMI FLEX CAMARA FRONTAL XIAOMI 13T     : Costo=2253 R=5423 -> Venta=3800 [ok]
[7036/10892] Samsung FLEX CAMARA FRONTAL SAMSUNG GALA  : Costo=2947 R=6954 -> Venta=4400 [ok]
[7037/10892] Samsung FLEX CAMARA FRONTAL SAMSUNG GALA  : Costo=2947 R=6954 -> Venta=4400 [ok]
[7038/10892] Samsung FLEX CAMARA FRONTAL SAMSUNG GALA  : Costo=2830 R=6814 -> Venta=4300 [ok]
[7039/10892] Samsung FLEX CAMARA FRONTAL SAMSUNG GALA  : Costo=4584 R=10817 -> Venta=6100 [ok]
[7040/10892] Samsung FLEX CAMARA FRONTAL SAMSUNG GALA  : Costo=3052 R=7346 -> Venta=4600 [ok]
[7041/10892] Samsung FLEX CAMARA FRONTAL SAMSUNG GALA  : Costo=2015 R=4851 -> Venta=3500 [ok]
[7042/10892] Samsung FLEX CAMARA FRONTAL SAMSUNG GALA  : Costo=5031 R=11872 -> Venta=8000 [ok]
[7043/10892] Samsung FLEX CAMARA FRONTAL SAMSUNG GALA  : Costo=2947 R=6954 -> Venta=4400 [ok]
[7044/10892] Samsung FLEX CAMARA FRONTAL SAMSUNG GALA  : Costo=6916 R=16651 -> Venta=9900 [ok]
[7045/10892] Samsung FLEX CAMARA FRONTAL SAMSUNG GALA  : Costo=3038 R=7313 -> Venta=4500 [ok]
[7046/10892] Samsung FLEX CAMARA FRONTAL SAMSUNG GALA  : Costo=4994 R=12023 -> Venta=6500 [ok]
[7047/10892] Samsung FLEX CAMARA FRONTAL SAMSUNG GALA  : Costo=1376 R=2962 -> Venta=2900 [ok]
[7048/10892] Samsung FLEX CAMARA FRONTAL SAMSUNG GALA  : Costo=1148 R=2472 -> Venta=2600 [ok]
[7049/10892] Samsung FLEX CAMARA FRONTAL SAMSUNG GALA  : Costo=5707 R=13740 -> Venta=8700 [ok]
[7050/10892] Samsung FLEX CAMARA FRONTAL SAMSUNG GALA  : Costo=4789 R=11528 -> Venta=6300 [ok]
[7051/10892] Samsung FLEX CAMARA FRONTAL SAMSUNG GALA  : Costo=5645 R=13591 -> Venta=8600 [ok]
[7052/10892] Samsung FLEX CAMARA FRONTAL SAMSUNG GALA  : Costo=4679 R=11264 -> Venta=6200 [ok]
[7053/10892] Samsung FLEX CAMARA FRONTAL SAMSUNG GALA  : Costo=2414 R=5812 -> Venta=3900 [ok]
[7054/10892] Samsung FLEX CAMARA FRONTAL SAMSUNG GALA  : Costo=2971 R=7153 -> Venta=4500 [ok]
[7055/10892] Samsung FLEX CAMARA FRONTAL SAMSUNG GALA  : Costo=3157 R=7600 -> Venta=4700 [ok]
[7056/10892] Samsung FLEX CAMARA FRONTAL SAMSUNG GALA  : Costo=2971 R=7153 -> Venta=4500 [ok]
[7057/10892] Samsung FLEX CAMARA FRONTAL SAMSUNG GALA  : Costo=1857 R=4471 -> Venta=3400 [ok]
[7058/10892] Samsung FLEX CAMARA FRONTAL SAMSUNG GALA  : Costo=2264 R=5449 -> Venta=3800 [ok]
[7059/10892] Samsung FLEX CAMARA FRONTAL SAMSUNG GALA  : Costo=1699 R=4090 -> Venta=3200 [ok]
[7060/10892] Samsung FLEX CAMARA FRONTAL SAMSUNG GALA  : Costo=5007 R=12054 -> Venta=8000 [ok]
[7061/10892] Samsung FLEX CAMARA FRONTAL SAMSUNG GALA  : Costo=2830 R=6814 -> Venta=4300 [ok]
[7062/10892] Samsung FLEX CAMARA FRONTAL SAMSUNG GALA  : Costo=6505 R=15660 -> Venta=9500 [ok]
[7063/10892] Samsung FLEX CAMARA FRONTAL SAMSUNG GALA  : Costo=2600 R=6259 -> Venta=4100 [ok]
[7064/10892] Samsung FLEX CAMARA FRONTAL SAMSUNG GALA  : Costo=3056 R=7356 -> Venta=4600 [ok]
[7065/10892] Samsung FLEX CAMARA FRONTAL SAMSUNG GALA  : Costo=2057 R=4951 -> Venta=3600 [ok]
[7066/10892] Samsung FLEX CAMARA FRONTAL SAMSUNG GALA  : Costo=5205 R=12531 -> Venta=8200 [ok]
[7067/10892] Samsung FLEX CAMARA FRONTAL SAMSUNG GALA  : Costo=5080 R=12231 -> Venta=8100 [ok]
[7068/10892] Samsung FLEX CAMARA FRONTAL SAMSUNG GALA  : Costo=1833 R=4414 -> Venta=3300 [ok]
[7069/10892] Samsung FLEX CAMARA FRONTAL SAMSUNG GALA  : Costo=7935 R=19105 -> Venta=10900 [ok]
[7070/10892] Samsung FLEX CAMARA FRONTAL SAMSUNG GALA  : Costo=5828 R=14031 -> Venta=8800 [ok]
[7071/10892] Samsung FLEX CAMARA FRONTAL SAMSUNG GALA  : Costo=3056 R=7356 -> Venta=4600 [ok]
